ts,t_ms,q0,q1,q2,q3,q4,q5,q0_deg,q1_deg,q2_deg,q3_deg,q4_deg,q5_deg,role,authority
"2026-05-19T13:21:24.764Z","1779196884764","0.5801354050636292","-2.0056821308531703","-1.7726246118545532","-0.9872670334628602","-4.68470806280245","5.992749214172363","33.2393102562584","-114.91712114269238","-101.56390892028162","-56.5662342698229","-268.4140002494882","343.3592376524171","guest","operator"
"2026-05-19T13:21:25.095Z","1779196885095","0.5801056027412415","-2.005731245080465","-1.7726088762283325","-0.9873120349696656","-4.684715572987692","5.992764949798584","33.237602708965895","-114.91993518063042","-101.56300733531117","-56.56881266623458","-268.4144305514059","343.3601392373875","guest","operator"
"2026-05-19T13:21:25.398Z","1779196885398","0.5801340341567993","-2.0056821308531703","-1.772615909576416","-0.9872507017901917","-4.684674564992086","5.992794036865234","33.239231709082944","-114.91712114269238","-101.5634103164722","-56.565298533906606","-268.4120809663314","343.361805803545","guest","operator"
"2026-05-19T13:21:25.608Z","1779196885608","0.5801472067832947","-2.00571932415151","-1.7725920677185059","-0.9872670930675049","-4.684621516858236","5.9927849769592285","33.23998644498623","-114.91925216171342","-101.5620442786382","-56.56623768491748","-268.40904153215075","343.3612867091681","guest","operator"
"2026-05-19T13:21:25.912Z","1779196885912","0.5801340341567993","-2.005670209924215","-1.7725796699523926","-0.9872580927661438","-4.684662644063131","5.992753505706787","33.239231709082944","-114.91643812377538","-101.56133393896452","-56.565722005635145","-268.4113979474144","343.3594835392272","guest","operator"
"2026-05-19T13:21:26.168Z","1779196886168","0.5801417827606201","-2.0056988201537074","-1.7725956439971924","-0.9872924250415345","-4.684703771268026","5.992740154266357","33.239675671379","-114.91807736917617","-101.5622491843133","-56.56768910011611","-268.4137543626781","343.35871855804015","guest","operator"
"2026-05-19T13:21:26.477Z","1779196886477","0.5801101326942444","-2.005739828149313","-1.7726134061813354","-0.9872552317431946","-4.684642020856039","5.992773056030273","33.23786225615436","-114.92042695425066","-101.56326688249963","-56.56555808109507","-268.410216324688","343.3606036902511","guest","operator"
"2026-05-19T13:21:26.683Z","1779196886683","0.5801514387130737","-2.0056454143919886","-1.7726134061813354","-0.9872744840434571","-4.684653941784994","5.992777347564697","33.24022891670177","-114.91501744442802","-101.56326688249963","-56.56666115664603","-268.410899343605","343.36084957706123","guest","operator"
"2026-05-19T13:21:26.912Z","1779196886912","0.5801427364349365","-2.0056663952269496","-1.7726248502731323","-0.9873209160617371","-4.684637729321615","5.992727756500244","33.239730312892355","-114.91621955772193","-101.56392258065995","-56.569321515327744","-268.4099704378779","343.3580082183665","guest","operator"
"2026-05-19T13:21:27.166Z","1779196887166","0.5801504850387573","-2.005723615685934","-1.7726372480392456","-0.9873283070376893","-4.684674564992086","5.992786407470703","33.2401742751884","-114.91949804852354","-101.56463292033364","-56.56974498705628","-268.4120809663314","343.36136867143813","guest","operator"
"2026-05-19T13:21:27.437Z","1779196887437","0.5801504850387573","-2.005653520623678","-1.7726044654846191","-0.9873325985721131","-4.684653941784994","5.992751598358154","33.2401742751884","-114.91548189729157","-101.56275461831189","-56.56999087386641","-268.410899343605","343.3593742562005","guest","operator"
"2026-05-19T13:21:27.669Z","1779196887669","0.5801471471786499","-2.0056826076903285","-1.772587537765503","-0.9872375887683411","-4.684690777455465","5.992740154266357","33.23998302989165","-114.91714846344905","-101.56178473144975","-56.5645472130979","-268.4130098720585","343.35871855804015","guest","operator"
"2026-05-19T13:21:27.884Z","1779196887884","0.58013516664505","-2.0056621036925257","-1.7725920677185059","-0.9873043459704895","-4.684686485921041","5.992749214172363","33.239296595880056","-114.91597367091181","-101.5620442786382","-56.568372119033114","-268.41276398524843","343.3592376524171","guest","operator"
"2026-05-19T13:21:28.113Z","1779196888113","0.5801548361778259","-2.005691190759176","-1.7725547552108765","-0.9872833651355286","-4.684670154248373","5.992794036865234","33.24042357709311","-114.91764023706929","-101.55990642942798","-56.56717000573919","-268.41182824933213","343.361805803545","guest","operator"
"2026-05-19T13:21:28.373Z","1779196888373","0.580114483833313","-2.005683561364645","-1.7726249694824219","-0.987270252113678","-4.68462580839266","5.9927449226379395","33.23811155805906","-114.91720310496241","-101.56392941084913","-56.56641868493049","-268.4092874189609","343.35899176560696","guest","operator"
"2026-05-19T13:21:28.673Z","1779196888673","0.580101490020752","-2.0057388744749964","-1.7725920677185059","-0.9872594636729737","-4.6847531239139","5.992764949798584","33.23736706743953","-114.9203723127373","-101.5620442786382","-56.5658005528106","-268.4165820609945","343.3601392373875","guest","operator"
"2026-05-19T13:21:28.938Z","1779196888938","0.580147385597229","-2.005707403222555","-1.7725343704223633","-0.9872259062579651","-4.684644524251119","5.992794036865234","33.23999669026998","-114.91856914279641","-101.55873846707992","-56.563877854559244","-268.4103597586606","343.361805803545","guest","operator"
"2026-05-19T13:21:29.165Z","1779196889165","0.5801100134849548","-2.0056735477843226","-1.772608995437622","-0.987250880604126","-4.684669915829794","5.992727756500244","33.237855425965186","-114.91662936907214","-101.56301416550035","-56.56530877919036","-268.4118145889538","343.3580082183665","guest","operator"
"2026-05-19T13:21:29.432Z","1779196889432","0.5801265239715576","-2.005691190759176","-1.772550344467163","-0.9873041671565552","-4.684687797223226","5.992749214172363","33.238801407165234","-114.91764023706929","-101.5596537124287","-56.56836187374936","-268.4128391173293","343.3592376524171","guest","operator"
"2026-05-19T13:21:29.688Z","1779196889688","0.5801504850387573","-2.005691190759176","-1.7725616693496704","-0.9872465294650574","-4.684674445782797","5.992756366729736","33.2401742751884","-114.91764023706929","-101.56030258039985","-56.56505947728566","-268.4120741361423","343.35964746376726","guest","operator"
"2026-05-19T13:21:29.902Z","1779196889902","0.5801339149475098","-2.005773206750387","-1.7725752592086792","-0.98727901399646","-4.6846951881991785","5.992753505706787","33.23922487889377","-114.92233940721826","-101.56108122196522","-56.566920703834484","-268.41326258905787","343.3594835392272","guest","operator"
"2026-05-19T13:21:30.114Z","1779196890114","0.5801429152488708","-2.0056988201537074","-1.772608995437622","-0.9872670930675049","-4.684653584157125","5.992758274078369","33.23974055817611","-114.91807736917617","-101.56301416550035","-56.56623768491748","-268.4108788530375","343.359756746794","guest","operator"
"2026-05-19T13:21:30.376Z","1779196890376","0.5801309943199158","-2.0056988201537074","-1.7725796699523926","-0.9872303766063233","-4.684690777455465","5.992769241333008","33.23905753925911","-114.91807736917617","-101.56133393896452","-56.56413398665312","-268.4130098720585","343.36038512419765","guest","operator"
"2026-05-19T13:21:30.624Z","1779196890624","0.5801309943199158","-2.0057150326170863","-1.7726044654846191","-0.9872670930675049","-4.684707109128134","5.992735862731934","33.23905753925911","-114.9190062749033","-101.56275461831189","-56.56623768491748","-268.4139456079748","343.35847267123006","guest","operator"
"2026-05-19T13:21:30.858Z","1779196890858","0.5801010131835938","-2.00575651744985","-1.7725964784622192","-0.9872626823237916","-4.684707109128134","5.992798328399658","33.23733974668285","-114.92138318073447","-101.5622969956375","-56.56598496791819","-268.4139456079748","343.36205169035514","guest","operator"
"2026-05-19T13:21:31.124Z","1779196891124","0.5801355242729187","-2.0056988201537074","-1.7726091146469116","-0.9872462910464783","-4.6846997181521814","5.992794036865234","33.23931708644757","-114.91807736917617","-101.56302099568951","-56.565045816907315","-268.4135221362463","343.361805803545","guest","operator"
"2026-05-19T13:21:31.355Z","1779196891355","0.5801474452018738","-2.0056897602477015","-1.772608995437622","-0.9872581523707886","-4.684732381497518","5.9927191734313965","33.24000010536457","-114.91755827479926","-101.56301416550035","-56.565725420729734","-268.4153936080789","343.35751644474624","guest","operator"
"2026-05-19T13:21:31.597Z","1779196891597","0.5801639556884766","-2.0056330166258753","-1.7726008892059326","-0.987226204281189","-4.684690777455465","5.992749214172363","33.24094608656462","-114.91430710475433","-101.56254971263678","-56.56389493003217","-268.4130098720585","343.3592376524171","guest","operator"
"2026-05-19T13:21:31.856Z","1779196891856","0.5801429152488708","-2.005691190759176","-1.7726134061813354","-0.9873075646213074","-4.684674445782797","5.992751598358154","33.23974055817611","-114.91764023706929","-101.56326688249963","-56.568556534140704","-268.4120741361423","343.3593742562005","guest","operator"
"2026-05-19T13:21:32.095Z","1779196892095","0.5800936222076416","-2.0056821308531703","-1.772613286972046","-0.9872580927661438","-4.684698287640707","5.992699146270752","33.23691627495431","-114.91712114269238","-101.56326005231047","-56.565722005635145","-268.41344017397626","343.3563689729657","guest","operator"
"2026-05-19T13:21:32.419Z","1779196892419","0.5801025629043579","-2.005703111688131","-1.772613286972046","-0.9872507017901917","-4.68466550508608","5.99276065826416","33.23742853914206","-114.9183232559863","-101.56326005231047","-56.565298533906606","-268.4115618719545","343.3598933505774","guest","operator"
"2026-05-19T13:21:32.658Z","1779196892658","0.5801175236701965","-2.0056954822936","-1.7725796699523926","-0.9873030942729493","-4.684683267270223","5.992740631103516","33.2382857278829","-114.91788612387941","-101.56133393896452","-56.56830040204683","-268.41257957014085","343.35874587879687","guest","operator"
"2026-05-19T13:21:32.919Z","1779196892919","0.5801070928573608","-2.0056988201537074","-1.7725639343261719","-0.9872581523707886","-4.6846951881991785","5.992740631103516","33.23768808633052","-114.91807736917617","-101.56043235399407","-56.565725420729734","-268.41326258905787","343.35874587879687","guest","operator"
"2026-05-19T13:21:33.249Z","1779196893249","0.5801354646682739","-2.0057560406126917","-1.7725796699523926","-0.9873120349696656","-4.684707109128134","5.99276065826416","33.23931367135298","-114.92135585997778","-101.56133393896452","-56.56881266623458","-268.4139456079748","343.3598933505774","guest","operator"
"2026-05-19T13:21:33.530Z","1779196893530","0.5801011919975281","-2.005691190759176","-1.7726044654846191","-0.9872343701175232","-4.684662405644552","5.9927191734313965","33.2373499919666","-114.91764023706929","-101.56275461831189","-56.56436279799031","-268.41138428703607","343.35751644474624","guest","operator"
"2026-05-19T13:21:33.737Z","1779196893737","0.5801221132278442","-2.0056868992247523","-1.7725639343261719","-0.9872626227191468","-4.684657994900839","5.992781639099121","33.23854869016594","-114.91739435025917","-101.56043235399407","-56.56598155282361","-268.4111315700368","343.3610954638713","guest","operator"
"2026-05-19T13:21:33.965Z","1779196893965","0.580114483833313","-2.005674978295797","-1.7725876569747925","-0.9872551721385499","-4.684707109128134","5.992773056030273","33.23811155805906","-114.91671133134217","-101.56179156163891","-56.56555466600048","-268.4139456079748","343.3606036902511","guest","operator"
"2026-05-19T13:21:34.269Z","1779196894269","0.5803346633911133","-2.0054084263243617","-1.7732278108596802","-0.9870523375323792","-4.684707109128134","5.992973327636719","33.25072691745608","-114.90143902835803","-101.59846967748187","-56.553933099127704","-268.4139456079748","343.3720784080567","guest","operator"
"2026-05-19T13:21:34.513Z","1779196894513","0.5805808901786804","-2.004812856713766","-1.7740899324417114","-0.9867551487735291","-4.684605185185568","5.993216037750244","33.26483467318673","-114.86731540326464","-101.64786560555942","-56.53690543752686","-268.40810579623445","343.38598467320685","guest","operator"
"2026-05-19T13:21:34.750Z","1779196894750","0.5808903574943542","-2.004408975640768","-1.7746325731277466","-0.9865267437747498","-4.684687678013937","5.993454456329346","33.28256584427209","-114.84417472235664","-101.6789566266613","-56.52381879507712","-268.41283228714013","343.3996450515469","guest","operator"
"2026-05-19T13:21:35.016Z","1779196895016","0.5812772512435913","-2.003984113732809","-1.775415062904358","-0.9862353962710877","-4.6846306959735315","5.993934631347656","33.304733223223366","-114.81983192815471","-101.72378998837327","-56.507125812745606","-268.40956745671684","343.4271570535237","guest","operator"
"2026-05-19T13:21:35.317Z","1779196895317","0.5817252397537231","-2.003432413140768","-1.7762714624404907","-0.985954539184906","-4.68458599248995","5.994345664978027","33.330401074124275","-114.7882218126759","-101.77285806737065","-56.49103388706106","-268.4070061357781","343.4507075457819","guest","operator"
"2026-05-19T13:21:35.727Z","1779196895727","0.5819888710975647","-2.0031539402403773","-1.7767525911331177","-0.9857176107219239","-4.684566680585043","5.994616985321045","33.345506037473754","-114.77226649077474","-101.80042471086082","-56.47745888608566","-268.4058996451326","343.46625305633285","guest","operator"
"2026-05-19T13:21:35.946Z","1779196895946","0.5821044445037842","-2.002998491326803","-1.7768993377685547","-0.9857106369784852","-4.684590522442953","5.994741916656494","33.352127905874084","-114.76335992409705","-101.8088326737291","-56.477059320019215","-268.40726568296657","343.473411094583","guest","operator"
"2026-05-19T13:21:36.228Z","1779196896228","0.5822840929031372","-2.0027457676329554","-1.7773081064224243","-0.9854923051646729","-4.684547249470846","5.994933605194092","33.36242100095329","-114.74887992305662","-101.83225339239307","-56.46454982855433","-268.40478632429785","343.4843940387684","guest","operator"
"2026-05-19T13:21:36.511Z","1779196896511","0.5826514959335327","-2.0022579632201136","-1.7780472040176392","-0.9852119845202942","-4.684554759656088","5.995349407196045","33.38347164397527","-114.72093078897294","-101.87460056524715","-56.44848863872105","-268.4052166262156","343.5082177385934","guest","operator"
"2026-05-19T13:21:36.711Z","1779196896711","0.5829674005508423","-2.001942297021383","-1.77857506275177","-0.9850641650012513","-4.684490148221151","5.995616436004639","33.40157164527581","-114.70284444805074","-101.90484464289197","-56.44001920415023","-268.4015146636854","343.52351736233425","guest","operator"
"2026-05-19T13:21:36.990Z","1779196896990","0.5845934152603149","-2.0018283329405726","-1.7787420749664307","-0.9849084180644532","-4.684450928364889","5.99717378616333","33.49473542555478","-114.6963147872042","-101.91441373791916","-56.43109556199961","-268.39926753144846","343.61274695365125","guest","operator"
"2026-05-19T13:21:37.195Z","1779196897195","0.5862278938293457","-2.0021592579283656","-1.7781527042388916","-0.9850927156260987","-4.684343640004293","5.99889612197876","33.588384149264826","-114.71527539234016","-101.88064528266261","-56.44165503445645","-268.3931203611955","343.7114295267796","guest","operator"
"2026-05-19T13:21:37.430Z","1779196897430","0.5866954326629639","-2.00230135540151","-1.7779980897903442","-0.9851483863643189","-4.68438154855837","5.99924898147583","33.61517215118961","-114.72341697783081","-101.87178652730911","-56.44484473279885","-268.39529236135155","343.73164688672284","guest","operator"
"2026-05-19T13:21:37.665Z","1779196897665","0.5866954326629639","-2.00230135540151","-1.7779980897903442","-0.9851483863643189","-4.68438154855837","5.99924898147583","33.61517215118961","-114.72341697783081","-101.87178652730911","-56.44484473279885","-268.39529236135155","343.73164688672284","guest","operator"
"2026-05-19T13:21:37.952Z","1779196897952","0.5866954326629639","-2.00230135540151","-1.7779980897903442","-0.9851483863643189","-4.68438154855837","5.99924898147583","33.61517215118961","-114.72341697783081","-101.87178652730911","-56.44484473279885","-268.39529236135155","343.73164688672284","guest","operator"
"2026-05-19T13:21:38.230Z","1779196898230","0.5866954326629639","-2.00230135540151","-1.7779980897903442","-0.9851483863643189","-4.68438154855837","5.99924898147583","33.61517215118961","-114.72341697783081","-101.87178652730911","-56.44484473279885","-268.39529236135155","343.73164688672284","guest","operator"
"2026-05-19T13:21:38.430Z","1779196898430","0.5866954326629639","-2.00230135540151","-1.7779980897903442","-0.9851483863643189","-4.68438154855837","5.99924898147583","33.61517215118961","-114.72341697783081","-101.87178652730911","-56.44484473279885","-268.39529236135155","343.73164688672284","guest","operator"
"2026-05-19T13:21:38.715Z","1779196898715","0.5866954326629639","-2.00230135540151","-1.7779980897903442","-0.9851483863643189","-4.68438154855837","5.99924898147583","33.61517215118961","-114.72341697783081","-101.87178652730911","-56.44484473279885","-268.39529236135155","343.73164688672284","guest","operator"
"2026-05-19T13:21:38.977Z","1779196898977","0.5866954326629639","-2.00230135540151","-1.7779980897903442","-0.9851483863643189","-4.68438154855837","5.99924898147583","33.61517215118961","-114.72341697783081","-101.87178652730911","-56.44484473279885","-268.39529236135155","343.73164688672284","guest","operator"
"2026-05-19T13:21:39.289Z","1779196899289","0.5866954326629639","-2.00230135540151","-1.7779980897903442","-0.9851483863643189","-4.68438154855837","5.99924898147583","33.61517215118961","-114.72341697783081","-101.87178652730911","-56.44484473279885","-268.39529236135155","343.73164688672284","guest","operator"
"2026-05-19T13:21:39.583Z","1779196899583","0.5866954326629639","-2.00230135540151","-1.7779980897903442","-0.9851483863643189","-4.68438154855837","5.99924898147583","33.61517215118961","-114.72341697783081","-101.87178652730911","-56.44484473279885","-268.39529236135155","343.73164688672284","guest","operator"
"2026-05-19T13:21:39.840Z","1779196899840","0.5866954326629639","-2.00230135540151","-1.7779980897903442","-0.9851483863643189","-4.68438154855837","5.99924898147583","33.61517215118961","-114.72341697783081","-101.87178652730911","-56.44484473279885","-268.39529236135155","343.73164688672284","guest","operator"
"2026-05-19T13:21:40.200Z","1779196900200","0.5866954326629639","-2.00230135540151","-1.7779980897903442","-0.9851483863643189","-4.68438154855837","5.99924898147583","33.61517215118961","-114.72341697783081","-101.87178652730911","-56.44484473279885","-268.39529236135155","343.73164688672284","guest","operator"
"2026-05-19T13:21:40.414Z","1779196900414","0.5866954326629639","-2.00230135540151","-1.7779980897903442","-0.9851483863643189","-4.68438154855837","5.99924898147583","33.61517215118961","-114.72341697783081","-101.87178652730911","-56.44484473279885","-268.39529236135155","343.73164688672284","guest","operator"
"2026-05-19T13:21:40.702Z","1779196900702","0.5866954326629639","-2.00230135540151","-1.7779980897903442","-0.9851483863643189","-4.68438154855837","5.99924898147583","33.61517215118961","-114.72341697783081","-101.87178652730911","-56.44484473279885","-268.39529236135155","343.73164688672284","guest","operator"
"2026-05-19T13:21:40.902Z","1779196900902","0.5866954326629639","-2.00230135540151","-1.7779980897903442","-0.9851483863643189","-4.68438154855837","5.99924898147583","33.61517215118961","-114.72341697783081","-101.87178652730911","-56.44484473279885","-268.39529236135155","343.73164688672284","guest","operator"
"2026-05-19T13:21:41.207Z","1779196901207","0.5866954326629639","-2.00230135540151","-1.7779980897903442","-0.9851483863643189","-4.68438154855837","5.99924898147583","33.61517215118961","-114.72341697783081","-101.87178652730911","-56.44484473279885","-268.39529236135155","343.73164688672284","guest","operator"
"2026-05-19T13:21:41.461Z","1779196901461","0.5866954326629639","-2.00230135540151","-1.7779980897903442","-0.9851483863643189","-4.68438154855837","5.99924898147583","33.61517215118961","-114.72341697783081","-101.87178652730911","-56.44484473279885","-268.39529236135155","343.73164688672284","guest","operator"
"2026-05-19T13:21:41.668Z","1779196901668","0.5866954326629639","-2.00230135540151","-1.7779980897903442","-0.9851483863643189","-4.68438154855837","5.99924898147583","33.61517215118961","-114.72341697783081","-101.87178652730911","-56.44484473279885","-268.39529236135155","343.73164688672284","guest","operator"
"2026-05-19T13:21:41.994Z","1779196901994","0.5866954326629639","-2.00230135540151","-1.7779980897903442","-0.9851483863643189","-4.68438154855837","5.99924898147583","33.61517215118961","-114.72341697783081","-101.87178652730911","-56.44484473279885","-268.39529236135155","343.73164688672284","guest","operator"
"2026-05-19T13:21:42.274Z","1779196902274","0.5866954326629639","-2.00230135540151","-1.7779980897903442","-0.9851483863643189","-4.68438154855837","5.99924898147583","33.61517215118961","-114.72341697783081","-101.87178652730911","-56.44484473279885","-268.39529236135155","343.73164688672284","guest","operator"
"2026-05-19T13:21:42.491Z","1779196902491","0.5866954326629639","-2.00230135540151","-1.7779980897903442","-0.9851483863643189","-4.68438154855837","5.99924898147583","33.61517215118961","-114.72341697783081","-101.87178652730911","-56.44484473279885","-268.39529236135155","343.73164688672284","guest","operator"
"2026-05-19T13:21:42.781Z","1779196902781","0.5866954326629639","-2.00230135540151","-1.7779980897903442","-0.9851483863643189","-4.68438154855837","5.99924898147583","33.61517215118961","-114.72341697783081","-101.87178652730911","-56.44484473279885","-268.39529236135155","343.73164688672284","guest","operator"
"2026-05-19T13:21:43.085Z","1779196903085","0.5866954326629639","-2.00230135540151","-1.7779980897903442","-0.9851483863643189","-4.68438154855837","5.99924898147583","33.61517215118961","-114.72341697783081","-101.87178652730911","-56.44484473279885","-268.39529236135155","343.73164688672284","guest","operator"
"2026-05-19T13:21:43.425Z","1779196903425","0.5866954326629639","-2.00230135540151","-1.7779980897903442","-0.9851483863643189","-4.68438154855837","5.99924898147583","33.61517215118961","-114.72341697783081","-101.87178652730911","-56.44484473279885","-268.39529236135155","343.73164688672284","guest","operator"
"2026-05-19T13:21:43.630Z","1779196903630","0.5866954326629639","-2.00230135540151","-1.7779980897903442","-0.9851483863643189","-4.68438154855837","5.99924898147583","33.61517215118961","-114.72341697783081","-101.87178652730911","-56.44484473279885","-268.39529236135155","343.73164688672284","guest","operator"
"2026-05-19T13:21:43.843Z","1779196903843","0.5866954326629639","-2.00230135540151","-1.7779980897903442","-0.9851483863643189","-4.68438154855837","5.99924898147583","33.61517215118961","-114.72341697783081","-101.87178652730911","-56.44484473279885","-268.39529236135155","343.73164688672284","guest","operator"
"2026-05-19T13:21:44.120Z","1779196904120","0.5866954326629639","-2.00230135540151","-1.7779980897903442","-0.9851483863643189","-4.68438154855837","5.99924898147583","33.61517215118961","-114.72341697783081","-101.87178652730911","-56.44484473279885","-268.39529236135155","343.73164688672284","guest","operator"
"2026-05-19T13:21:44.399Z","1779196904399","0.5866954326629639","-2.00230135540151","-1.7779980897903442","-0.9851483863643189","-4.68438154855837","5.99924898147583","33.61517215118961","-114.72341697783081","-101.87178652730911","-56.44484473279885","-268.39529236135155","343.73164688672284","guest","operator"
"2026-05-19T13:21:44.671Z","1779196904671","0.5866954326629639","-2.00230135540151","-1.7779980897903442","-0.9851483863643189","-4.68438154855837","5.99924898147583","33.61517215118961","-114.72341697783081","-101.87178652730911","-56.44484473279885","-268.39529236135155","343.73164688672284","guest","operator"
"2026-05-19T13:21:44.954Z","1779196904954","0.5866954326629639","-2.00230135540151","-1.7779980897903442","-0.9851483863643189","-4.68438154855837","5.99924898147583","33.61517215118961","-114.72341697783081","-101.87178652730911","-56.44484473279885","-268.39529236135155","343.73164688672284","guest","operator"
"2026-05-19T13:21:45.244Z","1779196905244","0.5866954326629639","-2.00230135540151","-1.7779980897903442","-0.9851483863643189","-4.68438154855837","5.99924898147583","33.61517215118961","-114.72341697783081","-101.87178652730911","-56.44484473279885","-268.39529236135155","343.73164688672284","guest","operator"
"2026-05-19T13:21:45.533Z","1779196905533","0.5866954326629639","-2.00230135540151","-1.7779980897903442","-0.9851483863643189","-4.68438154855837","5.99924898147583","33.61517215118961","-114.72341697783081","-101.87178652730911","-56.44484473279885","-268.39529236135155","343.73164688672284","guest","operator"
"2026-05-19T13:21:45.736Z","1779196905736","0.5866954326629639","-2.00230135540151","-1.7779980897903442","-0.9851483863643189","-4.68438154855837","5.99924898147583","33.61517215118961","-114.72341697783081","-101.87178652730911","-56.44484473279885","-268.39529236135155","343.73164688672284","guest","operator"
"2026-05-19T13:21:45.946Z","1779196905946","0.5866954326629639","-2.00230135540151","-1.7779980897903442","-0.9851483863643189","-4.68438154855837","5.99924898147583","33.61517215118961","-114.72341697783081","-101.87178652730911","-56.44484473279885","-268.39529236135155","343.73164688672284","guest","operator"
"2026-05-19T13:21:46.170Z","1779196906170","0.5866954326629639","-2.00230135540151","-1.7779980897903442","-0.9851483863643189","-4.68438154855837","5.99924898147583","33.61517215118961","-114.72341697783081","-101.87178652730911","-56.44484473279885","-268.39529236135155","343.73164688672284","guest","operator"
"2026-05-19T13:21:46.396Z","1779196906396","0.5866954326629639","-2.00230135540151","-1.7779980897903442","-0.9851483863643189","-4.68438154855837","5.99924898147583","33.61517215118961","-114.72341697783081","-101.87178652730911","-56.44484473279885","-268.39529236135155","343.73164688672284","guest","operator"
"2026-05-19T13:21:46.606Z","1779196906606","0.5866954326629639","-2.00230135540151","-1.7779980897903442","-0.9851483863643189","-4.68438154855837","5.99924898147583","33.61517215118961","-114.72341697783081","-101.87178652730911","-56.44484473279885","-268.39529236135155","343.73164688672284","guest","operator"
"2026-05-19T13:21:46.817Z","1779196906817","0.5866954326629639","-2.00230135540151","-1.7779980897903442","-0.9851483863643189","-4.68438154855837","5.99924898147583","33.61517215118961","-114.72341697783081","-101.87178652730911","-56.44484473279885","-268.39529236135155","343.73164688672284","guest","operator"
"2026-05-19T13:21:47.031Z","1779196907031","0.5866954326629639","-2.00230135540151","-1.7779980897903442","-0.9851483863643189","-4.68438154855837","5.99924898147583","33.61517215118961","-114.72341697783081","-101.87178652730911","-56.44484473279885","-268.39529236135155","343.73164688672284","guest","operator"
"2026-05-19T13:21:47.256Z","1779196907256","0.5866954326629639","-2.00230135540151","-1.7779980897903442","-0.9851483863643189","-4.68438154855837","5.99924898147583","33.61517215118961","-114.72341697783081","-101.87178652730911","-56.44484473279885","-268.39529236135155","343.73164688672284","guest","operator"
"2026-05-19T13:21:48.075Z","1779196908075","0.5866954326629639","-2.00230135540151","-1.7779980897903442","-0.9851483863643189","-4.68438154855837","5.99924898147583","33.61517215118961","-114.72341697783081","-101.87178652730911","-56.44484473279885","-268.39529236135155","343.73164688672284","guest","operator"
"2026-05-19T13:22:08.661Z","1779196928661","0.5866954326629639","-2.00230135540151","-1.7779980897903442","-0.9851483863643189","-4.68438154855837","5.99924898147583","33.61517215118961","-114.72341697783081","-101.87178652730911","-56.44484473279885","-268.39529236135155","343.73164688672284","guest","observer"
"2026-05-19T13:22:08.899Z","1779196928899","0.5866954326629639","-2.00230135540151","-1.7779980897903442","-0.9851483863643189","-4.68438154855837","5.99924898147583","33.61517215118961","-114.72341697783081","-101.87178652730911","-56.44484473279885","-268.39529236135155","343.73164688672284","guest","observer"
"2026-05-19T13:22:12.534Z","1779196932534","0.6098194718360901","-2.009437700311178","-1.7669429779052734","-0.9884725970080872","-4.683082405720846","6.022350788116455","34.94008200110493","-115.13229942230446","-101.23837527424963","-56.635307972899234","-268.32085695977673","345.05528290635795","guest","observer"
"2026-05-19T13:22:12.856Z","1779196932856","0.6097748875617981","-2.0094996891417445","-1.7668944597244263","-0.9884596031955262","-4.683144036923544","6.02236795425415","34.937527510355345","-115.13585112067287","-101.23559538725745","-56.63456348227971","-268.32438816757764","345.0562664535984","guest","observer"
"2026-05-19T13:22:13.153Z","1779196933153","0.609798789024353","-2.009462972680563","-1.7669386863708496","-0.98846389472995","-4.683036986981527","6.022346496582031","34.93889696328394","-115.1337474224085","-101.23812938743951","-56.63480936908983","-268.31825465770294","345.05503701954785","guest","observer"
"2026-05-19T13:22:13.383Z","1779196933383","0.6098065376281738","-2.009470602075094","-1.7669475078582764","-0.9885009688190003","-4.683054272328512","6.022376537322998","34.939340925579984","-115.13418455451539","-101.2386348214381","-56.6369335579217","-268.3192450351326","345.05675822721867","guest","observer"
"2026-05-19T13:22:13.660Z","1779196933660","0.6097455620765686","-2.009491106072897","-1.7669034004211426","-0.9884508413127442","-4.683102909718649","6.022372245788574","34.93584728381953","-115.13535934705263","-101.2361076514452","-56.63406146337571","-268.322031752314","345.0565123404086","guest","observer"
"2026-05-19T13:22:13.936Z","1779196933936","0.6097944974899292","-2.0095120869078578","-1.7668988704681396","-0.9885009688190003","-4.683066193257467","6.022372245788574","34.93865107647382","-115.13656146034654","-101.23584810425673","-56.6369335579217","-268.3199280540496","345.0565123404086","guest","observer"
"2026-05-19T13:22:14.170Z","1779196934170","0.609742283821106","-2.009453912774557","-1.76687753200531","-0.9884794515422364","-4.683083359395162","6.022400379180908","34.93565945361735","-115.13322832803158","-101.2346255003953","-56.63570070877651","-268.3209116012901","345.0581242650527","guest","observer"
"2026-05-19T13:22:14.396Z","1779196934396","0.6097781658172607","-2.009474893609518","-1.7669228315353394","-0.9884966176799317","-4.683107201253073","6.022396087646484","34.937715340557524","-115.1344304413255","-101.2372209722799","-56.636684256017","-268.3222776391241","345.05787837824255","guest","observer"
"2026-05-19T13:22:14.663Z","1779196934663","0.6097944974899292","-2.009462972680563","-1.7668944597244263","-0.9884593051723023","-4.683078114186422","6.022355556488037","34.93865107647382","-115.1337474224085","-101.23559538725745","-56.634546406806784","-268.32061107296664","345.05555611392475","guest","requesting"
"2026-05-19T13:22:14.889Z","1779196934889","0.6097944974899292","-2.009425302545065","-1.7669272422790527","-0.9885042470744629","-4.683131996785299","6.022392749786377","34.93865107647382","-115.13158908263078","-101.2374736892792","-56.63712138812387","-268.3236983184715","345.05768713294583","guest","requesting"
"2026-05-19T13:22:15.116Z","1779196935116","0.6097825765609741","-2.0094763241209925","-1.766947627067566","-0.9884636563113709","-4.683070365582601","6.022376537322998","34.937968057556816","-115.13451240359554","-101.23864165162726","-56.634795708711486","-268.3201671106706","345.05675822721867","guest","requesting"
"2026-05-19T13:22:15.325Z","1779196935325","0.6097944974899292","-2.009470602075094","-1.7669148445129395","-0.9884833854487916","-4.683095637951986","6.0223798751831055","34.93865107647382","-115.13418455451539","-101.23676334960551","-56.635926105019124","-268.3216151107746","345.05694947251544","guest","requesting"
"2026-05-19T13:22:15.572Z","1779196935572","0.6097944974899292","-2.009399553338522","-1.7669272422790527","-0.9884682458690186","-4.683079187070028","6.022384166717529","34.93865107647382","-115.13011376177005","-101.2374736892792","-56.63505867099453","-268.32067254466915","345.0571953593256","guest","requesting"
"2026-05-19T13:22:15.900Z","1779196935900","0.6097705364227295","-2.009474893609518","-1.7669014930725098","-0.9884894651225586","-4.683054033909933","6.022396087646484","34.93727820845064","-115.1344304413255","-101.23599836841848","-56.636274444666796","-268.3192313747543","345.05787837824255","guest","requesting"
"2026-05-19T13:22:16.213Z","1779196936213","0.609778106212616","-2.0094386539854945","-1.766910433769226","-0.9884217542460938","-4.683074776326315","6.022396087646484","34.93771192546294","-115.13235406381781","-101.23651063260623","-56.63239489721823","-268.32041982766987","345.05787837824255","guest","requesting"
"2026-05-19T13:22:16.560Z","1779196936560","0.6098079681396484","-2.0094133816161097","-1.766910433769226","-0.9884715241244812","-4.683070365582601","6.022384166717529","34.93942288785003","-115.13090606371378","-101.23651063260623","-56.635246501196704","-268.3201671106706","345.0571953593256","guest","operator"
"2026-05-19T13:22:16.876Z","1779196936876","0.6097825765609741","-2.0094133816161097","-1.7669316530227661","-0.9884923261455079","-4.683079187070028","6.022416591644287","34.937968057556816","-115.13090606371378","-101.23772640627848","-56.63643836920687","-268.32067254466915","345.0590531707798","guest","operator"
"2026-05-19T13:22:17.098Z","1779196937098","0.609811007976532","-2.0094505749144496","-1.7668988704681396","-0.9884834450534363","-4.683028761540548","6.022388458251953","34.939597057673865","-115.13303708273482","-101.23584810425673","-56.635929520113706","-268.3177833746502","345.0574412461357","guest","operator"
"2026-05-19T13:22:17.421Z","1779196937421","0.6097915768623352","-2.009491106072897","-1.7669185400009155","-0.9885341090014954","-4.683104459439413","6.022396087646484","34.93848373683915","-115.13535934705263","-101.23697508546978","-56.63883235051097","-268.3221205447732","345.05787837824255","guest","operator"
"2026-05-19T13:22:17.751Z","1779196937751","0.6097540259361267","-2.0095325909056605","-1.7668945789337158","-0.9884550732425232","-4.683083717023031","6.022375583648682","34.936332227250595","-115.13773625288378","-101.23560221744661","-56.634303935091246","-268.3209320918576","345.05670358570535","guest","operator"
"2026-05-19T13:22:18.056Z","1779196938056","0.6098110675811768","-2.009430070916647","-1.7668867111206055","-0.9885208767703553","-4.683091107998983","6.022335529327393","34.93960047276845","-115.13186229019757","-101.23515142496139","-56.63807419951309","-268.32135556358617","345.0544086421442","guest","operator"
"2026-05-19T13:22:18.400Z","1779196938400","0.6098153591156006","-2.009470602075094","-1.766882300376892","-0.9884682458690186","-4.6830777565585535","6.022388458251953","34.93984635957857","-115.13418455451539","-101.2348987079621","-56.63505867099453","-268.3205905823991","345.0574412461357","guest","operator"
"2026-05-19T13:22:18.666Z","1779196938666","0.609819769859314","-2.009458681146139","-1.7669235467910767","-0.9884725970080872","-4.683004919682638","6.0223798751831055","34.94009907657786","-115.13350153559838","-101.23726195341493","-56.635307972899234","-268.31641733681624","345.05694947251544","guest","operator"
"2026-05-19T13:22:18.926Z","1779196938926","0.6097913980484009","-2.009462972680563","-1.7668989896774292","-0.9884343904307862","-4.6830331722842615","6.0224175453186035","34.93847349155539","-115.1337474224085","-101.2358549344459","-56.63311889727025","-268.3180360916495","345.0591078122932","guest","operator"
"2026-05-19T13:22:19.166Z","1779196939166","0.6097661256790161","-2.009458681146139","-1.7669235467910767","-0.9884018462947388","-4.683065835629598","6.022388458251953","34.93702549145135","-115.13350153559838","-101.23726195341493","-56.631254255626835","-268.3199075634821","345.0574412461357","guest","operator"
"2026-05-19T13:22:19.419Z","1779196939419","0.609824001789093","-2.009486814538473","-1.7669192552566528","-0.9884804052165528","-4.683135811482565","6.022372245788574","34.9403415482934","-115.13511346024251","-101.23701606660481","-56.63575535028988","-268.3239168845249","345.0565123404086","guest","operator"
"2026-05-19T13:22:19.652Z","1779196939652","0.6097988486289978","-2.009392400781149","-1.7669445276260376","-0.9884998363307496","-4.683070365582601","6.02236795425415","34.93890037837852","-115.12970395041985","-101.23846406670884","-56.63686867112459","-268.3201671106706","345.0562664535984","guest","operator"
"2026-05-19T13:22:19.962Z","1779196939962","0.6097869277000427","-2.009425302545065","-1.7668695449829102","-0.98846389472995","-4.683070365582601","6.022384166717529","34.93821735946152","-115.13158908263078","-101.2341678777209","-56.63480936908983","-268.3201671106706","345.0571953593256","guest","operator"
"2026-05-19T13:22:20.278Z","1779196940278","0.6098074316978455","-2.009474893609518","-1.7669235467910767","-0.988459662800171","-4.683095518742697","6.022400379180908","34.93939215199876","-115.1344304413255","-101.23726195341493","-56.63456689737429","-268.32160828058545","345.0581242650527","guest","operator"
"2026-05-19T13:22:20.580Z","1779196940580","0.6097739934921265","-2.0094505749144496","-1.76693594455719","-0.9884836834720154","-4.68306285539736","6.022400379180908","34.937476283936576","-115.13303708273482","-101.2379722930886","-56.63594318049205","-268.31973680875285","345.0581242650527","guest","operator"
"2026-05-19T13:22:20.824Z","1779196940824","0.6097455620765686","-2.009462972680563","-1.766972541809082","-0.9885309499553223","-4.683107558880941","6.0223798751831055","34.93584728381953","-115.1337474224085","-101.2400691611638","-56.63865135049796","-268.3222981296916","345.05694947251544","guest","operator"
"2026-05-19T13:22:21.094Z","1779196941094","0.6097618341445923","-2.009483953515524","-1.7669401168823242","-0.9884967368892212","-4.6831000486956995","6.022388458251953","34.93677960464123","-115.13494953570242","-101.23821134970956","-56.63669108620616","-268.3218678277739","345.0574412461357","guest","operator"
"2026-05-19T13:22:21.327Z","1779196941327","0.6098108887672424","-2.009453912774557","-1.7669272422790527","-0.9884727162173768","-4.683070365582601","6.022384166717529","34.93959022748469","-115.13322832803158","-101.2374736892792","-56.635314803088406","-268.3201671106706","345.0571953593256","guest","operator"
"2026-05-19T13:22:21.622Z","1779196941622","0.6098349094390869","-2.0095092258849085","-1.7669148445129395","-0.9884593051723023","-4.683103028927938","6.0224199295043945","34.94096651060245","-115.13639753580647","-101.23676334960551","-56.634546406806784","-268.3220385825031","345.0592444160766","guest","operator"
"2026-05-19T13:22:21.850Z","1779196941850","0.609798789024353","-2.009425302545065","-1.7669316530227661","-0.9885057967952271","-4.683079187070028","6.022396087646484","34.93889696328394","-115.13158908263078","-101.23772640627848","-56.63721018058309","-268.32067254466915","345.05787837824255","guest","operator"
"2026-05-19T13:22:22.351Z","1779196942351","0.6097575426101685","-2.009462972680563","-1.7669193744659424","-0.9884759944728394","-4.68308669725527","6.022412300109863","34.93653371783111","-115.1337474224085","-101.23702289679397","-56.635502633290585","-268.3211028465869","345.0588072839697","guest","operator"
"2026-05-19T13:22:22.747Z","1779196942747","0.6097619533538818","-2.0094548664488734","-1.766890048980713","-0.9885388177684327","-4.683128420506613","6.022376537322998","34.9367864348304","-115.13328296954494","-101.23534267025815","-56.63910214298318","-268.3234934127964","345.05675822721867","guest","operator"
"2026-05-19T13:22:22.956Z","1779196942956","0.6097379326820374","-2.009449621240133","-1.766936182975769","-0.9884681862643738","-4.683070365582601","6.022372245788574","34.935410151712645","-115.13298244122146","-101.23798595346695","-56.63505525589995","-268.3201671106706","345.0565123404086","guest","operator"
"2026-05-19T13:22:23.228Z","1779196943228","0.6097379326820374","-2.009449621240133","-1.766936182975769","-0.9884681862643738","-4.683070365582601","6.022372245788574","34.935410151712645","-115.13298244122146","-101.23798595346695","-56.63505525589995","-268.3201671106706","345.0565123404086","guest","operator"
"2026-05-19T13:22:23.445Z","1779196943445","0.6097379326820374","-2.009449621240133","-1.766936182975769","-0.9884681862643738","-4.683070365582601","6.022372245788574","34.935410151712645","-115.13298244122146","-101.23798595346695","-56.63505525589995","-268.3201671106706","345.0565123404086","guest","operator"
"2026-05-19T13:22:23.712Z","1779196943712","0.6097379326820374","-2.009449621240133","-1.766936182975769","-0.9884681862643738","-4.683070365582601","6.022372245788574","34.935410151712645","-115.13298244122146","-101.23798595346695","-56.63505525589995","-268.3201671106706","345.0565123404086","guest","operator"
"2026-05-19T13:22:23.918Z","1779196943918","0.6097379326820374","-2.009449621240133","-1.766936182975769","-0.9884681862643738","-4.683070365582601","6.022372245788574","34.935410151712645","-115.13298244122146","-101.23798595346695","-56.63505525589995","-268.3201671106706","345.0565123404086","guest","operator"
"2026-05-19T13:22:24.219Z","1779196944219","0.6097379326820374","-2.009449621240133","-1.766936182975769","-0.9884681862643738","-4.683070365582601","6.022372245788574","34.935410151712645","-115.13298244122146","-101.23798595346695","-56.63505525589995","-268.3201671106706","345.0565123404086","guest","operator"
"2026-05-19T13:22:24.512Z","1779196944512","0.6097379326820374","-2.009449621240133","-1.766936182975769","-0.9884681862643738","-4.683070365582601","6.022372245788574","34.935410151712645","-115.13298244122146","-101.23798595346695","-56.63505525589995","-268.3201671106706","345.0565123404086","guest","operator"
"2026-05-19T13:22:24.713Z","1779196944713","0.6097379326820374","-2.009449621240133","-1.766936182975769","-0.9884681862643738","-4.683070365582601","6.022372245788574","34.935410151712645","-115.13298244122146","-101.23798595346695","-56.63505525589995","-268.3201671106706","345.0565123404086","guest","operator"
"2026-05-19T13:22:24.950Z","1779196944950","0.6097379326820374","-2.009449621240133","-1.766936182975769","-0.9884681862643738","-4.683070365582601","6.022372245788574","34.935410151712645","-115.13298244122146","-101.23798595346695","-56.63505525589995","-268.3201671106706","345.0565123404086","guest","operator"
"2026-05-19T13:22:25.212Z","1779196945212","0.6097379326820374","-2.009449621240133","-1.766936182975769","-0.9884681862643738","-4.683070365582601","6.022372245788574","34.935410151712645","-115.13298244122146","-101.23798595346695","-56.63505525589995","-268.3201671106706","345.0565123404086","guest","operator"
"2026-05-19T13:22:25.497Z","1779196945497","0.6097379326820374","-2.009449621240133","-1.766936182975769","-0.9884681862643738","-4.683070365582601","6.022372245788574","34.935410151712645","-115.13298244122146","-101.23798595346695","-56.63505525589995","-268.3201671106706","345.0565123404086","guest","operator"
"2026-05-19T13:22:25.768Z","1779196945768","0.6097379326820374","-2.009449621240133","-1.766936182975769","-0.9884681862643738","-4.683070365582601","6.022372245788574","34.935410151712645","-115.13298244122146","-101.23798595346695","-56.63505525589995","-268.3201671106706","345.0565123404086","guest","operator"
"2026-05-19T13:22:25.978Z","1779196945978","0.6097379326820374","-2.009449621240133","-1.766936182975769","-0.9884681862643738","-4.683070365582601","6.022372245788574","34.935410151712645","-115.13298244122146","-101.23798595346695","-56.63505525589995","-268.3201671106706","345.0565123404086","guest","operator"
"2026-05-19T13:22:26.313Z","1779196946313","0.6097379326820374","-2.009449621240133","-1.766936182975769","-0.9884681862643738","-4.683070365582601","6.022372245788574","34.935410151712645","-115.13298244122146","-101.23798595346695","-56.63505525589995","-268.3201671106706","345.0565123404086","guest","operator"
"2026-05-19T13:22:26.576Z","1779196946576","0.6097379326820374","-2.009449621240133","-1.766936182975769","-0.9884681862643738","-4.683070365582601","6.022372245788574","34.935410151712645","-115.13298244122146","-101.23798595346695","-56.63505525589995","-268.3201671106706","345.0565123404086","guest","operator"
"2026-05-19T13:22:26.809Z","1779196946809","0.6097379326820374","-2.009449621240133","-1.766936182975769","-0.9884681862643738","-4.683070365582601","6.022372245788574","34.935410151712645","-115.13298244122146","-101.23798595346695","-56.63505525589995","-268.3201671106706","345.0565123404086","guest","operator"
"2026-05-19T13:22:27.111Z","1779196947111","0.6097379326820374","-2.009449621240133","-1.766936182975769","-0.9884681862643738","-4.683070365582601","6.022372245788574","34.935410151712645","-115.13298244122146","-101.23798595346695","-56.63505525589995","-268.3201671106706","345.0565123404086","guest","operator"
"2026-05-19T13:22:27.319Z","1779196947319","0.6097379326820374","-2.009449621240133","-1.766936182975769","-0.9884681862643738","-4.683070365582601","6.022372245788574","34.935410151712645","-115.13298244122146","-101.23798595346695","-56.63505525589995","-268.3201671106706","345.0565123404086","guest","operator"
"2026-05-19T13:22:27.660Z","1779196947660","0.6097379326820374","-2.009449621240133","-1.766936182975769","-0.9884681862643738","-4.683070365582601","6.022372245788574","34.935410151712645","-115.13298244122146","-101.23798595346695","-56.63505525589995","-268.3201671106706","345.0565123404086","guest","operator"
"2026-05-19T13:22:27.912Z","1779196947912","0.6097379326820374","-2.009449621240133","-1.766936182975769","-0.9884681862643738","-4.683070365582601","6.022372245788574","34.935410151712645","-115.13298244122146","-101.23798595346695","-56.63505525589995","-268.3201671106706","345.0565123404086","guest","operator"
"2026-05-19T13:22:28.148Z","1779196948148","0.6097379326820374","-2.009449621240133","-1.766936182975769","-0.9884681862643738","-4.683070365582601","6.022372245788574","34.935410151712645","-115.13298244122146","-101.23798595346695","-56.63505525589995","-268.3201671106706","345.0565123404086","guest","operator"
"2026-05-19T13:22:28.480Z","1779196948480","0.6097379326820374","-2.009449621240133","-1.766936182975769","-0.9884681862643738","-4.683070365582601","6.022372245788574","34.935410151712645","-115.13298244122146","-101.23798595346695","-56.63505525589995","-268.3201671106706","345.0565123404086","guest","operator"
"2026-05-19T13:22:33.721Z","1779196953721","0.6097379326820374","-2.009449621240133","-1.766936182975769","-0.9884681862643738","-4.683070365582601","6.022372245788574","34.935410151712645","-115.13298244122146","-101.23798595346695","-56.63505525589995","-268.3201671106706","345.0565123404086","guest","operator"
"2026-05-19T13:22:34.066Z","1779196954066","0.6097379326820374","-2.009449621240133","-1.766936182975769","-0.9884681862643738","-4.683070365582601","6.022372245788574","34.935410151712645","-115.13298244122146","-101.23798595346695","-56.63505525589995","-268.3201671106706","345.0565123404086","guest","observer"
"2026-05-19T13:22:34.352Z","1779196954352","0.6097379326820374","-2.009449621240133","-1.766936182975769","-0.9884681862643738","-4.683070365582601","6.022372245788574","34.935410151712645","-115.13298244122146","-101.23798595346695","-56.63505525589995","-268.3201671106706","345.0565123404086","guest","observer"
"2026-05-19T13:22:34.572Z","1779196954572","0.6097379326820374","-2.009449621240133","-1.766936182975769","-0.9884681862643738","-4.683070365582601","6.022372245788574","34.935410151712645","-115.13298244122146","-101.23798595346695","-56.63505525589995","-268.3201671106706","345.0565123404086","guest","observer"
"2026-05-19T13:22:34.826Z","1779196954826","0.6097379326820374","-2.009449621240133","-1.766936182975769","-0.9884681862643738","-4.683070365582601","6.022372245788574","34.935410151712645","-115.13298244122146","-101.23798595346695","-56.63505525589995","-268.3201671106706","345.0565123404086","guest","observer"
"2026-05-19T13:22:35.080Z","1779196955080","0.6097379326820374","-2.009449621240133","-1.766936182975769","-0.9884681862643738","-4.683070365582601","6.022372245788574","34.935410151712645","-115.13298244122146","-101.23798595346695","-56.63505525589995","-268.3201671106706","345.0565123404086","guest","observer"
"2026-05-19T13:22:35.332Z","1779196955332","0.6097379326820374","-2.009449621240133","-1.766936182975769","-0.9884681862643738","-4.683070365582601","6.022372245788574","34.935410151712645","-115.13298244122146","-101.23798595346695","-56.63505525589995","-268.3201671106706","345.0565123404086","guest","observer"
"2026-05-19T13:22:35.575Z","1779196955575","0.6097379326820374","-2.009449621240133","-1.766936182975769","-0.9884681862643738","-4.683070365582601","6.022372245788574","34.935410151712645","-115.13298244122146","-101.23798595346695","-56.63505525589995","-268.3201671106706","345.0565123404086","guest","observer"
"2026-05-19T13:22:35.877Z","1779196955877","0.6097379326820374","-2.009449621240133","-1.766936182975769","-0.9884681862643738","-4.683070365582601","6.022372245788574","34.935410151712645","-115.13298244122146","-101.23798595346695","-56.63505525589995","-268.3201671106706","345.0565123404086","guest","observer"
"2026-05-19T13:22:36.077Z","1779196956077","0.6097379326820374","-2.009449621240133","-1.766936182975769","-0.9884681862643738","-4.683070365582601","6.022372245788574","34.935410151712645","-115.13298244122146","-101.23798595346695","-56.63505525589995","-268.3201671106706","345.0565123404086","guest","observer"
"2026-05-19T13:22:36.315Z","1779196956315","0.6097379326820374","-2.009449621240133","-1.766936182975769","-0.9884681862643738","-4.683070365582601","6.022372245788574","34.935410151712645","-115.13298244122146","-101.23798595346695","-56.63505525589995","-268.3201671106706","345.0565123404086","guest","observer"
"2026-05-19T13:22:36.556Z","1779196956556","0.6097379326820374","-2.009449621240133","-1.766936182975769","-0.9884681862643738","-4.683070365582601","6.022372245788574","34.935410151712645","-115.13298244122146","-101.23798595346695","-56.63505525589995","-268.3201671106706","345.0565123404086","guest","observer"
"2026-05-19T13:22:36.762Z","1779196956762","0.6097379326820374","-2.009449621240133","-1.766936182975769","-0.9884681862643738","-4.683070365582601","6.022372245788574","34.935410151712645","-115.13298244122146","-101.23798595346695","-56.63505525589995","-268.3201671106706","345.0565123404086","guest","observer"
"2026-05-19T13:22:36.962Z","1779196956962","0.6097379326820374","-2.009449621240133","-1.766936182975769","-0.9884681862643738","-4.683070365582601","6.022372245788574","34.935410151712645","-115.13298244122146","-101.23798595346695","-56.63505525589995","-268.3201671106706","345.0565123404086","guest","observer"
"2026-05-19T13:22:37.363Z","1779196957363","0.6097379326820374","-2.009449621240133","-1.766936182975769","-0.9884681862643738","-4.683070365582601","6.022372245788574","34.935410151712645","-115.13298244122146","-101.23798595346695","-56.63505525589995","-268.3201671106706","345.0565123404086","guest","observer"
"2026-05-19T13:22:37.565Z","1779196957565","0.6097379326820374","-2.009449621240133","-1.766936182975769","-0.9884681862643738","-4.683070365582601","6.022372245788574","34.935410151712645","-115.13298244122146","-101.23798595346695","-56.63505525589995","-268.3201671106706","345.0565123404086","guest","observer"
"2026-05-19T13:22:37.859Z","1779196957859","0.6097379326820374","-2.009449621240133","-1.766936182975769","-0.9884681862643738","-4.683070365582601","6.022372245788574","34.935410151712645","-115.13298244122146","-101.23798595346695","-56.63505525589995","-268.3201671106706","345.0565123404086","guest","observer"
"2026-05-19T13:22:38.148Z","1779196958148","0.6097379326820374","-2.009449621240133","-1.766936182975769","-0.9884681862643738","-4.683070365582601","6.022372245788574","34.935410151712645","-115.13298244122146","-101.23798595346695","-56.63505525589995","-268.3201671106706","345.0565123404086","guest","observer"
"2026-05-19T13:22:38.410Z","1779196958410","0.6097379326820374","-2.009449621240133","-1.766936182975769","-0.9884681862643738","-4.683070365582601","6.022372245788574","34.935410151712645","-115.13298244122146","-101.23798595346695","-56.63505525589995","-268.3201671106706","345.0565123404086","guest","observer"
"2026-05-19T13:22:38.637Z","1779196958637","0.6097379326820374","-2.009449621240133","-1.766936182975769","-0.9884681862643738","-4.683070365582601","6.022372245788574","34.935410151712645","-115.13298244122146","-101.23798595346695","-56.63505525589995","-268.3201671106706","345.0565123404086","guest","observer"
"2026-05-19T13:22:38.845Z","1779196958845","0.6097379326820374","-2.009449621240133","-1.766936182975769","-0.9884681862643738","-4.683070365582601","6.022372245788574","34.935410151712645","-115.13298244122146","-101.23798595346695","-56.63505525589995","-268.3201671106706","345.0565123404086","guest","observer"
"2026-05-19T13:22:39.095Z","1779196959095","0.6097379326820374","-2.009449621240133","-1.766936182975769","-0.9884681862643738","-4.683070365582601","6.022372245788574","34.935410151712645","-115.13298244122146","-101.23798595346695","-56.63505525589995","-268.3201671106706","345.0565123404086","guest","observer"
"2026-05-19T13:22:39.305Z","1779196959305","0.6097379326820374","-2.009449621240133","-1.766936182975769","-0.9884681862643738","-4.683070365582601","6.022372245788574","34.935410151712645","-115.13298244122146","-101.23798595346695","-56.63505525589995","-268.3201671106706","345.0565123404086","guest","observer"
"2026-05-19T13:22:39.522Z","1779196959522","0.6097379326820374","-2.009449621240133","-1.766936182975769","-0.9884681862643738","-4.683070365582601","6.022372245788574","34.935410151712645","-115.13298244122146","-101.23798595346695","-56.63505525589995","-268.3201671106706","345.0565123404086","guest","observer"
"2026-05-19T13:22:40.029Z","1779196960029","0.6097379326820374","-2.009449621240133","-1.766936182975769","-0.9884681862643738","-4.683070365582601","6.022372245788574","34.935410151712645","-115.13298244122146","-101.23798595346695","-56.63505525589995","-268.3201671106706","345.0565123404086","guest","observer"
"2026-05-19T13:22:40.255Z","1779196960255","0.6097379326820374","-2.009449621240133","-1.766936182975769","-0.9884681862643738","-4.683070365582601","6.022372245788574","34.935410151712645","-115.13298244122146","-101.23798595346695","-56.63505525589995","-268.3201671106706","345.0565123404086","guest","observer"
"2026-05-19T13:22:40.533Z","1779196960533","0.6097379326820374","-2.009449621240133","-1.766936182975769","-0.9884681862643738","-4.683070365582601","6.022372245788574","34.935410151712645","-115.13298244122146","-101.23798595346695","-56.63505525589995","-268.3201671106706","345.0565123404086","guest","observer"
"2026-05-19T13:22:40.775Z","1779196960775","0.6097379326820374","-2.009449621240133","-1.766936182975769","-0.9884681862643738","-4.683070365582601","6.022372245788574","34.935410151712645","-115.13298244122146","-101.23798595346695","-56.63505525589995","-268.3201671106706","345.0565123404086","guest","observer"
"2026-05-19T13:22:41.053Z","1779196961053","0.6097379326820374","-2.009449621240133","-1.766936182975769","-0.9884681862643738","-4.683070365582601","6.022372245788574","34.935410151712645","-115.13298244122146","-101.23798595346695","-56.63505525589995","-268.3201671106706","345.0565123404086","guest","observer"
"2026-05-19T13:22:41.546Z","1779196961546","0.6097379326820374","-2.009449621240133","-1.766936182975769","-0.9884681862643738","-4.683070365582601","6.022372245788574","34.935410151712645","-115.13298244122146","-101.23798595346695","-56.63505525589995","-268.3201671106706","345.0565123404086","guest","observer"
"2026-05-19T13:22:41.900Z","1779196961900","0.6097379326820374","-2.009449621240133","-1.766936182975769","-0.9884681862643738","-4.683070365582601","6.022372245788574","34.935410151712645","-115.13298244122146","-101.23798595346695","-56.63505525589995","-268.3201671106706","345.0565123404086","guest","observer"
"2026-05-19T13:22:42.141Z","1779196962141","0.6097379326820374","-2.009449621240133","-1.766936182975769","-0.9884681862643738","-4.683070365582601","6.022372245788574","34.935410151712645","-115.13298244122146","-101.23798595346695","-56.63505525589995","-268.3201671106706","345.0565123404086","guest","observer"
"2026-05-19T13:22:42.357Z","1779196962357","0.6097379326820374","-2.009449621240133","-1.766936182975769","-0.9884681862643738","-4.683070365582601","6.022372245788574","34.935410151712645","-115.13298244122146","-101.23798595346695","-56.63505525589995","-268.3201671106706","345.0565123404086","guest","observer"
"2026-05-19T13:22:42.577Z","1779196962577","0.6097379326820374","-2.009449621240133","-1.766936182975769","-0.9884681862643738","-4.683070365582601","6.022372245788574","34.935410151712645","-115.13298244122146","-101.23798595346695","-56.63505525589995","-268.3201671106706","345.0565123404086","guest","observer"
"2026-05-19T13:22:42.847Z","1779196962847","0.6097379326820374","-2.009449621240133","-1.766936182975769","-0.9884681862643738","-4.683070365582601","6.022372245788574","34.935410151712645","-115.13298244122146","-101.23798595346695","-56.63505525589995","-268.3201671106706","345.0565123404086","guest","observer"
"2026-05-19T13:22:43.188Z","1779196963188","0.6097379326820374","-2.009449621240133","-1.766936182975769","-0.9884681862643738","-4.683070365582601","6.022372245788574","34.935410151712645","-115.13298244122146","-101.23798595346695","-56.63505525589995","-268.3201671106706","345.0565123404086","guest","observer"
"2026-05-19T13:22:43.415Z","1779196963415","0.6097379326820374","-2.009449621240133","-1.766936182975769","-0.9884681862643738","-4.683070365582601","6.022372245788574","34.935410151712645","-115.13298244122146","-101.23798595346695","-56.63505525589995","-268.3201671106706","345.0565123404086","guest","observer"
"2026-05-19T13:22:43.620Z","1779196963620","0.6097379326820374","-2.009449621240133","-1.766936182975769","-0.9884681862643738","-4.683070365582601","6.022372245788574","34.935410151712645","-115.13298244122146","-101.23798595346695","-56.63505525589995","-268.3201671106706","345.0565123404086","guest","observer"
"2026-05-19T13:22:43.873Z","1779196963873","0.6097379326820374","-2.009449621240133","-1.766936182975769","-0.9884681862643738","-4.683070365582601","6.022372245788574","34.935410151712645","-115.13298244122146","-101.23798595346695","-56.63505525589995","-268.3201671106706","345.0565123404086","guest","observer"
"2026-05-19T13:22:44.127Z","1779196964127","0.6097379326820374","-2.009449621240133","-1.766936182975769","-0.9884681862643738","-4.683070365582601","6.022372245788574","34.935410151712645","-115.13298244122146","-101.23798595346695","-56.63505525589995","-268.3201671106706","345.0565123404086","guest","observer"
"2026-05-19T13:22:44.355Z","1779196964355","0.6097379326820374","-2.009449621240133","-1.766936182975769","-0.9884681862643738","-4.683070365582601","6.022372245788574","34.935410151712645","-115.13298244122146","-101.23798595346695","-56.63505525589995","-268.3201671106706","345.0565123404086","guest","observer"
"2026-05-19T13:22:44.633Z","1779196964633","0.6097379326820374","-2.009449621240133","-1.766936182975769","-0.9884681862643738","-4.683070365582601","6.022372245788574","34.935410151712645","-115.13298244122146","-101.23798595346695","-56.63505525589995","-268.3201671106706","345.0565123404086","guest","observer"
"2026-05-19T13:22:44.986Z","1779196964986","0.6097379326820374","-2.009449621240133","-1.766936182975769","-0.9884681862643738","-4.683070365582601","6.022372245788574","34.935410151712645","-115.13298244122146","-101.23798595346695","-56.63505525589995","-268.3201671106706","345.0565123404086","guest","observer"
"2026-05-19T13:22:45.203Z","1779196965203","0.6097379326820374","-2.009449621240133","-1.766936182975769","-0.9884681862643738","-4.683070365582601","6.022372245788574","34.935410151712645","-115.13298244122146","-101.23798595346695","-56.63505525589995","-268.3201671106706","345.0565123404086","guest","observer"
"2026-05-19T13:22:45.471Z","1779196965471","0.6097379326820374","-2.009449621240133","-1.766936182975769","-0.9884681862643738","-4.683070365582601","6.022372245788574","34.935410151712645","-115.13298244122146","-101.23798595346695","-56.63505525589995","-268.3201671106706","345.0565123404086","guest","observer"
"2026-05-19T13:22:45.689Z","1779196965689","0.6097379326820374","-2.009449621240133","-1.766936182975769","-0.9884681862643738","-4.683070365582601","6.022372245788574","34.935410151712645","-115.13298244122146","-101.23798595346695","-56.63505525589995","-268.3201671106706","345.0565123404086","guest","observer"
"2026-05-19T13:22:45.913Z","1779196965913","0.6097379326820374","-2.009449621240133","-1.766936182975769","-0.9884681862643738","-4.683070365582601","6.022372245788574","34.935410151712645","-115.13298244122146","-101.23798595346695","-56.63505525589995","-268.3201671106706","345.0565123404086","guest","observer"
"2026-05-19T13:22:46.150Z","1779196966150","0.6097379326820374","-2.009449621240133","-1.766936182975769","-0.9884681862643738","-4.683070365582601","6.022372245788574","34.935410151712645","-115.13298244122146","-101.23798595346695","-56.63505525589995","-268.3201671106706","345.0565123404086","guest","observer"
"2026-05-19T13:22:46.411Z","1779196966411","0.6097379326820374","-2.009449621240133","-1.766936182975769","-0.9884681862643738","-4.683070365582601","6.022372245788574","34.935410151712645","-115.13298244122146","-101.23798595346695","-56.63505525589995","-268.3201671106706","345.0565123404086","guest","observer"
"2026-05-19T13:22:46.735Z","1779196966735","0.6097379326820374","-2.009449621240133","-1.766936182975769","-0.9884681862643738","-4.683070365582601","6.022372245788574","34.935410151712645","-115.13298244122146","-101.23798595346695","-56.63505525589995","-268.3201671106706","345.0565123404086","guest","observer"
"2026-05-19T13:22:47.058Z","1779196967058","0.6097379326820374","-2.009449621240133","-1.766936182975769","-0.9884681862643738","-4.683070365582601","6.022372245788574","34.935410151712645","-115.13298244122146","-101.23798595346695","-56.63505525589995","-268.3201671106706","345.0565123404086","guest","observer"
"2026-05-19T13:22:47.355Z","1779196967355","0.6097379326820374","-2.009449621240133","-1.766936182975769","-0.9884681862643738","-4.683070365582601","6.022372245788574","34.935410151712645","-115.13298244122146","-101.23798595346695","-56.63505525589995","-268.3201671106706","345.0565123404086","guest","observer"
"2026-05-19T13:22:47.651Z","1779196967651","0.6097379326820374","-2.009449621240133","-1.766936182975769","-0.9884681862643738","-4.683070365582601","6.022372245788574","34.935410151712645","-115.13298244122146","-101.23798595346695","-56.63505525589995","-268.3201671106706","345.0565123404086","guest","observer"
"2026-05-19T13:22:47.989Z","1779196967989","0.6097379326820374","-2.009449621240133","-1.766936182975769","-0.9884681862643738","-4.683070365582601","6.022372245788574","34.935410151712645","-115.13298244122146","-101.23798595346695","-56.63505525589995","-268.3201671106706","345.0565123404086","guest","observer"
"2026-05-19T13:22:48.309Z","1779196968309","0.6097379326820374","-2.009449621240133","-1.766936182975769","-0.9884681862643738","-4.683070365582601","6.022372245788574","34.935410151712645","-115.13298244122146","-101.23798595346695","-56.63505525589995","-268.3201671106706","345.0565123404086","guest","observer"
"2026-05-19T13:22:48.509Z","1779196968509","0.6097379326820374","-2.009449621240133","-1.766936182975769","-0.9884681862643738","-4.683070365582601","6.022372245788574","34.935410151712645","-115.13298244122146","-101.23798595346695","-56.63505525589995","-268.3201671106706","345.0565123404086","guest","observer"
"2026-05-19T13:22:50.305Z","1779196970305","0.6097379326820374","-2.009449621240133","-1.766936182975769","-0.9884681862643738","-4.683070365582601","6.022372245788574","34.935410151712645","-115.13298244122146","-101.23798595346695","-56.63505525589995","-268.3201671106706","345.0565123404086","guest","observer"
"2026-05-19T13:22:50.550Z","1779196970550","0.6097379326820374","-2.009449621240133","-1.766936182975769","-0.9884681862643738","-4.683070365582601","6.022372245788574","34.935410151712645","-115.13298244122146","-101.23798595346695","-56.63505525589995","-268.3201671106706","345.0565123404086","guest","observer"
"2026-05-19T13:22:50.810Z","1779196970810","0.6097379326820374","-2.009449621240133","-1.766936182975769","-0.9884681862643738","-4.683070365582601","6.022372245788574","34.935410151712645","-115.13298244122146","-101.23798595346695","-56.63505525589995","-268.3201671106706","345.0565123404086","guest","observer"
"2026-05-19T13:22:51.062Z","1779196971062","0.6097379326820374","-2.009449621240133","-1.766936182975769","-0.9884681862643738","-4.683070365582601","6.022372245788574","34.935410151712645","-115.13298244122146","-101.23798595346695","-56.63505525589995","-268.3201671106706","345.0565123404086","guest","observer"
"2026-05-19T13:22:51.378Z","1779196971378","0.6097379326820374","-2.009449621240133","-1.766936182975769","-0.9884681862643738","-4.683070365582601","6.022372245788574","34.935410151712645","-115.13298244122146","-101.23798595346695","-56.63505525589995","-268.3201671106706","345.0565123404086","guest","observer"
"2026-05-19T13:22:51.578Z","1779196971578","0.6097379326820374","-2.009449621240133","-1.766936182975769","-0.9884681862643738","-4.683070365582601","6.022372245788574","34.935410151712645","-115.13298244122146","-101.23798595346695","-56.63505525589995","-268.3201671106706","345.0565123404086","guest","observer"
"2026-05-19T13:22:51.805Z","1779196971805","0.6097379326820374","-2.009449621240133","-1.766936182975769","-0.9884681862643738","-4.683070365582601","6.022372245788574","34.935410151712645","-115.13298244122146","-101.23798595346695","-56.63505525589995","-268.3201671106706","345.0565123404086","guest","observer"
"2026-05-19T13:22:52.083Z","1779196972083","0.6097379326820374","-2.009449621240133","-1.766936182975769","-0.9884681862643738","-4.683070365582601","6.022372245788574","34.935410151712645","-115.13298244122146","-101.23798595346695","-56.63505525589995","-268.3201671106706","345.0565123404086","guest","observer"
"2026-05-19T13:22:52.307Z","1779196972307","0.6097379326820374","-2.009449621240133","-1.766936182975769","-0.9884681862643738","-4.683070365582601","6.022372245788574","34.935410151712645","-115.13298244122146","-101.23798595346695","-56.63505525589995","-268.3201671106706","345.0565123404086","guest","observer"
"2026-05-19T13:22:52.587Z","1779196972587","0.6097379326820374","-2.009449621240133","-1.766936182975769","-0.9884681862643738","-4.683070365582601","6.022372245788574","34.935410151712645","-115.13298244122146","-101.23798595346695","-56.63505525589995","-268.3201671106706","345.0565123404086","guest","observer"
"2026-05-19T13:22:52.822Z","1779196972822","0.6097379326820374","-2.009449621240133","-1.766936182975769","-0.9884681862643738","-4.683070365582601","6.022372245788574","34.935410151712645","-115.13298244122146","-101.23798595346695","-56.63505525589995","-268.3201671106706","345.0565123404086","guest","observer"
"2026-05-19T13:22:53.086Z","1779196973086","0.6097379326820374","-2.009449621240133","-1.766936182975769","-0.9884681862643738","-4.683070365582601","6.022372245788574","34.935410151712645","-115.13298244122146","-101.23798595346695","-56.63505525589995","-268.3201671106706","345.0565123404086","guest","observer"
"2026-05-19T13:22:53.301Z","1779196973301","0.6097379326820374","-2.009449621240133","-1.766936182975769","-0.9884681862643738","-4.683070365582601","6.022372245788574","34.935410151712645","-115.13298244122146","-101.23798595346695","-56.63505525589995","-268.3201671106706","345.0565123404086","guest","observer"
"2026-05-19T13:22:53.558Z","1779196973558","0.6097379326820374","-2.009449621240133","-1.766936182975769","-0.9884681862643738","-4.683070365582601","6.022372245788574","34.935410151712645","-115.13298244122146","-101.23798595346695","-56.63505525589995","-268.3201671106706","345.0565123404086","guest","observer"
"2026-05-19T13:22:53.892Z","1779196973892","0.6097379326820374","-2.009449621240133","-1.766936182975769","-0.9884681862643738","-4.683070365582601","6.022372245788574","34.935410151712645","-115.13298244122146","-101.23798595346695","-56.63505525589995","-268.3201671106706","345.0565123404086","guest","observer"
"2026-05-19T13:22:54.159Z","1779196974159","0.6097379326820374","-2.009449621240133","-1.766936182975769","-0.9884681862643738","-4.683070365582601","6.022372245788574","34.935410151712645","-115.13298244122146","-101.23798595346695","-56.63505525589995","-268.3201671106706","345.0565123404086","guest","observer"
"2026-05-19T13:22:54.384Z","1779196974384","0.6097379326820374","-2.009449621240133","-1.766936182975769","-0.9884681862643738","-4.683070365582601","6.022372245788574","34.935410151712645","-115.13298244122146","-101.23798595346695","-56.63505525589995","-268.3201671106706","345.0565123404086","guest","observer"
"2026-05-19T13:22:54.600Z","1779196974600","0.6097379326820374","-2.009449621240133","-1.766936182975769","-0.9884681862643738","-4.683070365582601","6.022372245788574","34.935410151712645","-115.13298244122146","-101.23798595346695","-56.63505525589995","-268.3201671106706","345.0565123404086","guest","observer"
"2026-05-19T13:22:54.841Z","1779196974841","0.6097379326820374","-2.009449621240133","-1.766936182975769","-0.9884681862643738","-4.683070365582601","6.022372245788574","34.935410151712645","-115.13298244122146","-101.23798595346695","-56.63505525589995","-268.3201671106706","345.0565123404086","guest","observer"
"2026-05-19T13:22:55.075Z","1779196975075","0.6097379326820374","-2.009449621240133","-1.766936182975769","-0.9884681862643738","-4.683070365582601","6.022372245788574","34.935410151712645","-115.13298244122146","-101.23798595346695","-56.63505525589995","-268.3201671106706","345.0565123404086","guest","observer"
"2026-05-19T13:22:55.388Z","1779196975388","0.7674973011016846","-2.0006686649718226","-1.7821708917617798","-0.9775009912303467","-4.674962345753805","6.179954528808594","43.97435614080787","-114.62987070695831","-102.11087046901623","-56.00668126735336","-267.85561179427214","354.0853120834918","guest","observer"
"2026-05-19T13:22:55.701Z","1779196975701","0.7674558758735657","-2.0006596050658167","-1.7821329832077026","-0.9775129121593018","-4.674901668225424","6.179958820343018","43.9719826500713","-114.6293516125814","-102.10869846886017","-56.00736428627036","-267.8521352279846","354.08555797030186","guest","observer"
"2026-05-19T13:22:58.440Z","1779196978440","0.7674676179885864","-2.0006309948363246","-1.7821542024612427","-0.9774922293475647","-4.67495042482485","6.1799702644348145","43.97265542370454","-114.62771236718059","-102.10991424253244","-56.006179248449364","-267.8549287753551","354.08621366846216","guest","observer"
"2026-05-19T13:22:58.712Z","1779196978712","0.7674603462219238","-2.0006877384581507","-1.7821532487869263","-0.977525071506836","-4.674933258687155","6.180011749267578","43.97223878216517","-114.63096353722553","-102.10985960101907","-56.008060965565704","-267.85394522811464","354.08859057429333","guest","observer"
"2026-05-19T13:22:59.900Z","1779196979900","0.7674559950828552","-2.00066675762319","-1.7821215391159058","-0.9775095146945496","-4.674946133290426","6.179963111877441","43.97198948026046","-114.6297614239316","-102.10804277069985","-56.007169625879015","-267.854682888545","354.085803857112","guest","observer"
"2026-05-19T13:23:00.171Z","1779196980171","0.7674677968025208","-2.0006829700865687","-1.7821418046951294","-0.9775293630412598","-4.674954716359274","6.1799702644348145","43.9726656689883","-114.63069032965872","-102.10920390285875","-56.008306852375824","-267.85517466216527","354.08621366846216","guest","observer"
"2026-05-19T13:23:00.410Z","1779196980410","0.767471969127655","-2.000662466088766","-1.7821259498596191","-0.9775704902461548","-4.674930874501364","6.179942607879639","43.97290472560925","-114.62951553712148","-102.10829548769914","-56.01066326763948","-267.8538086243313","354.08462906457476","guest","observer"
"2026-05-19T13:23:00.633Z","1779196980633","0.7674674987792969","-2.0006333790221156","-1.7821329832077026","-0.9774763149074097","-4.674913708363668","6.1799702644348145","43.97264859351537","-114.627848970964","-102.10869846886017","-56.00526741819517","-267.85282507709076","354.08621366846216","guest","observer"
"2026-05-19T13:23:00.914Z","1779196980914","0.7674808502197266","-2.0006333790221156","-1.7821736335754395","-0.9775171440890809","-4.674901787434713","6.180007457733154","43.97341357470241","-114.627848970964","-102.11102756336714","-56.0076067579859","-267.8521420581738","354.08834468748324","guest","observer"
"2026-05-19T13:23:01.124Z","1779196981124","0.7674480676651001","-2.000658174554342","-1.782137393951416","-0.9774394196322937","-4.674966637288229","6.179942607879639","43.97153527268066","-114.62926965031136","-102.10895118585947","-56.00315347464705","-267.8558576810823","354.08462906457476","guest","observer"
"2026-05-19T13:23:01.325Z","1779196981325","0.7674974203109741","-2.000723501245016","-1.782166600227356","-0.9774848383716126","-4.674991432820455","6.179963111877441","43.97436297099704","-114.63301259397653","-102.11062458220611","-56.005755776720825","-267.85727836042963","354.085803857112","guest","observer"
"2026-05-19T13:23:01.554Z","1779196981554","0.7675226926803589","-2.000650545159811","-1.782137393951416","-0.9775171440890809","-4.674958054219381","6.179991245269775","43.97581097110108","-114.62883251820448","-102.10895118585947","-56.0076067579859","-267.85536590746204","354.08741578175614","guest","observer"
"2026-05-19T13:23:01.826Z","1779196981826","0.7674646377563477","-2.000658174554342","-1.7821542024612427","-0.9775250119021912","-4.674917046223776","6.1800031661987305","43.97248466897529","-114.62926965031136","-102.10991424253244","-56.008057550471115","-267.85301632238753","354.0880988006731","guest","observer"
"2026-05-19T13:23:02.077Z","1779196982077","0.767504870891571","-2.0007029972472132","-1.7821710109710693","-0.977541522388794","-4.674953762684957","6.179974555969238","43.97478985782017","-114.63183780143929","-102.11087729920541","-56.00900353167116","-267.8551200206519","354.0864595552723","guest","observer"
"2026-05-19T13:23:02.356Z","1779196982356","0.7674602270126343","-2.000712057153219","-1.782137393951416","-0.9775129121593018","-4.67497426668276","6.179974555969238","43.972231951976","-114.6323568958162","-102.10895118585947","-56.00736428627036","-267.85629481318915","354.0864595552723","guest","observer"
"2026-05-19T13:23:02.557Z","1779196982557","0.767451286315918","-2.000699659387106","-1.782145380973816","-0.977508620624878","-4.674919191990988","6.180007457733154","43.97171968778825","-114.63164655614253","-102.10940880853386","-56.00711839946024","-267.8531392657926","354.08834468748324","guest","observer"
"2026-05-19T13:23:02.803Z","1779196982803","0.7674436569213867","-2.000632425347799","-1.7821736335754395","-0.9774806660464783","-4.6750033537494105","6.179938316345215","43.97128255568137","-114.62779432945064","-102.11102756336714","-56.00551672009987","-267.85796137934665","354.0843831777646","guest","observer"
"2026-05-19T13:23:03.147Z","1779196983147","0.7674884796142578","-2.00065340618276","-1.7821542024612427","-0.9775129121593018","-4.674953762684957","6.180011749267578","43.973850706809294","-114.62899644274457","-102.10991424253244","-56.00736428627036","-267.8551200206519","354.08859057429333","guest","observer"
"2026-05-19T13:23:03.467Z","1779196983467","0.7674853205680847","-2.000671525994772","-1.7821540832519531","-0.9774806660464783","-4.674897495900289","6.179942607879639","43.97366970679629","-114.6300346314984","-102.10990741234326","-56.00551672009987","-267.85189617136365","354.08462906457476","guest","observer"
"2026-05-19T13:23:03.674Z","1779196983674","0.7674974203109741","-2.0006548366942347","-1.782145380973816","-0.9774924677661438","-4.674937550221578","6.179991245269775","43.97436297099704","-114.6290784050146","-102.10940880853386","-56.0061929088277","-267.8541911149248","354.08741578175614","guest","observer"
"2026-05-19T13:23:03.925Z","1779196983925","0.7675063610076904","-2.000678678552145","-1.782137393951416","-0.9775381845286866","-4.674929920827047","6.179978847503662","43.9748752351848","-114.6304444428486","-102.10895118585947","-56.0088122863744","-267.8537539828179","354.0867054420824","guest","observer"
"2026-05-19T13:23:04.125Z","1779196984125","0.7675018906593323","-2.000670095483297","-1.7821621894836426","-0.9775579136661072","-4.674941841756002","6.179974555969238","43.974619103090916","-114.62995266922836","-102.11037186520683","-56.00994268268204","-267.8544370017349","354.0864595552723","guest","observer"
"2026-05-19T13:23:04.397Z","1779196984397","0.7674512267112732","-2.000625272790426","-1.7820847034454346","-0.9775009912303467","-4.674897495900289","6.1800031661987305","43.97171627269366","-114.62738451810044","-102.10593224224631","-56.00668126735336","-267.85189617136365","354.0880988006731","guest","observer"
"2026-05-19T13:23:04.651Z","1779196984651","0.767504870891571","-2.0006920299925746","-1.7821708917617798","-0.9775085014155884","-4.674872938786642","6.179991245269775","43.97478985782017","-114.63120942403565","-102.11087046901623","-56.00711156927107","-267.85048915239463","354.08741578175614","guest","observer"
"2026-05-19T13:23:05.325Z","1779196985325","0.7674794793128967","-2.000712057153219","-1.7821823358535767","-0.977484719162323","-4.674958054219381","6.1799702644348145","43.97333502752696","-114.6323568958162","-102.11152616717656","-56.005748946531654","-267.85536590746204","354.08621366846216","guest","observer"
"2026-05-19T13:23:05.601Z","1779196985601","0.767473578453064","-2.0007039509215296","-1.7821331024169922","-0.977464036350586","-4.674913708363668","6.1799702644348145","43.97299693316304","-114.63189244295265","-102.10870529904935","-56.00456390871066","-267.85282507709076","354.08621366846216","guest","observer"
"2026-05-19T13:23:05.814Z","1779196985814","0.767452597618103","-2.0006419620909632","-1.7821367979049683","-0.9774832886508484","-4.674946133290426","6.179958820343018","43.97179481986912","-114.62834074458424","-102.10891703491362","-56.00566698426161","-267.854682888545","354.08555797030186","guest","observer"
"2026-05-19T13:23:06.403Z","1779196986403","0.7674930095672607","-2.000658174554342","-1.7821286916732788","-0.9775172632983704","-4.674970928822653","6.179991245269775","43.97411025399775","-114.62926965031136","-102.10845258205005","-56.00761358817507","-267.8561035678924","354.08741578175614","guest","observer"
"2026-05-19T13:23:06.691Z","1779196986691","0.767488420009613","-2.000650545159811","-1.7821283340454102","-0.9775129121593018","-4.674928847943441","6.179991245269775","43.973847291714705","-114.62883251820448","-102.10843209148254","-56.00736428627036","-267.85369251111536","354.08741578175614","guest","observer"
"2026-05-19T13:23:07.004Z","1779196987004","0.7674602270126343","-2.0006905994811","-1.7821259498596191","-0.9775172036937256","-4.674941841756002","6.1799702644348145","43.972231951976","-114.6311274617656","-102.10829548769914","-56.00761017308048","-267.8544370017349","354.08621366846216","guest","observer"
"2026-05-19T13:23:07.253Z","1779196987253","0.7674480676651001","-2.0006548366942347","-1.7821542024612427","-0.9775041502765198","-4.674934212361471","6.179991245269775","43.97153527268066","-114.6290784050146","-102.10991424253244","-56.006862267366365","-267.853999869628","354.08741578175614","guest","observer"
"2026-05-19T13:23:07.509Z","1779196987509","0.7675137519836426","-2.000634332696432","-1.782137393951416","-0.977554516201355","-4.674970928822653","6.180007457733154","43.975298706913335","-114.62790361247735","-102.10895118585947","-56.009748022290694","-267.8561035678924","354.08834468748324","guest","observer"
"2026-05-19T13:23:07.744Z","1779196987744","0.767452597618103","-2.000630041162008","-1.7821089029312134","-0.9775085610202332","-4.674959007893698","6.179963111877441","43.97179481986912","-114.62765772566723","-102.10731877064784","-56.00711498436566","-267.85542054897536","354.085803857112","guest","observer"
"2026-05-19T13:23:08.189Z","1779196988189","0.7674631476402283","-2.000646253625387","-1.782141923904419","-0.9775085610202332","-4.674909416829244","6.179986953735352","43.972399291610664","-114.62858663139436","-102.10921073304792","-56.00711498436566","-267.85257919028066","354.087169894946","guest","observer"
"2026-05-19T13:23:08.435Z","1779196988435","0.7674393653869629","-2.0006376705565394","-1.7821171283721924","-0.9774957460216065","-4.674937550221578","6.179954528808594","43.97103666887125","-114.62809485777412","-102.10779005370055","-56.00638073902988","-267.8541911149248","354.0853120834918","guest","observer"
"2026-05-19T13:23:08.782Z","1779196988782","0.7674646377563477","-2.000650545159811","-1.7821452617645264","-0.9774762553027649","-4.6749871412860315","6.180007457733154","43.97248466897529","-114.62883251820448","-102.10940197834468","-56.00526400310058","-267.8570324736195","354.08834468748324","guest","observer"
"2026-05-19T13:23:09.125Z","1779196989125","0.7674676179885864","-2.00066675762319","-1.7821418046951294","-0.9774763149074097","-4.674966637288229","6.179971694946289","43.97265542370454","-114.6297614239316","-102.10920390285875","-56.00526741819517","-267.8558576810823","354.08629563073225","guest","observer"
"2026-05-19T13:23:09.415Z","1779196989415","0.767522394657135","-2.000712057153219","-1.782137393951416","-0.9775378269008179","-4.674981896077291","6.179991245269775","43.975793895628165","-114.6323568958162","-102.10895118585947","-56.00879179580689","-267.856731945296","354.08741578175614","guest","observer"
"2026-05-19T13:23:09.653Z","1779196989653","0.7675047516822815","-2.000637193719381","-1.782137393951416","-0.9775171440890809","-4.674913708363668","6.179974555969238","43.974783027631","-114.62806753701744","-102.10895118585947","-56.0076067579859","-267.85282507709076","354.0864595552723","guest","observer"
"2026-05-19T13:23:09.909Z","1779196989909","0.7674884796142578","-2.000721117059225","-1.7821871042251587","-0.9774848383716126","-4.674937550221578","6.179999828338623","43.973850706809294","-114.63287599019313","-102.11179937474336","-56.005755776720825","-267.8541911149248","354.0879075553764","guest","observer"
"2026-05-19T13:23:10.113Z","1779196990113","0.7674603462219238","-2.00062956432485","-1.78213632106781","-0.9775129121593018","-4.674868408833639","6.1799702644348145","43.97223878216517","-114.62763040491056","-102.10888971415693","-56.00736428627036","-267.85022960520615","354.08621366846216","guest","observer"
"2026-05-19T13:23:10.313Z","1779196990313","0.7674351930618286","-2.00065340618276","-1.7821667194366455","-0.9775213760188599","-4.674925629292623","6.1799702644348145","43.970797612250294","-114.62899644274457","-102.11063141239529","-56.00784922970143","-267.8535080960078","354.08621366846216","guest","observer"
"2026-05-19T13:23:10.548Z","1779196990548","0.7674720287322998","-2.000617643395895","-1.7821215391159058","-0.9775377672961731","-4.674929920827047","6.17995023727417","43.97290814070383","-114.62694738599356","-102.10804277069985","-56.00878838071231","-267.8537539828179","354.0850661966816","guest","observer"
"2026-05-19T13:23:10.810Z","1779196990810","0.7674720883369446","-2.000638624230856","-1.7821756601333618","-0.9775254887393494","-4.674946133290426","6.179963111877441","43.97291155579842","-114.62814949928747","-102.11114367658304","-56.008084871227794","-267.854682888545","354.085803857112","guest","requesting"
"2026-05-19T13:23:11.048Z","1779196991048","0.7674559950828552","-2.000625272790426","-1.7821712493896484","-0.9775372308543702","-4.674958054219381","6.179958820343018","43.97198948026046","-114.62738451810044","-102.11089095958374","-56.00875764486104","-267.85536590746204","354.08555797030186","guest","requesting"
"2026-05-19T13:23:11.398Z","1779196991398","0.7674806714057922","-2.000712057153219","-1.782137393951416","-0.9775123757174988","-4.674999062214987","6.179978847503662","43.97340332941866","-114.6323568958162","-102.10895118585947","-56.0073335504191","-267.8577154925365","354.0867054420824","guest","requesting"
"2026-05-19T13:23:11.636Z","1779196991636","0.7674720883369446","-2.000632425347799","-1.7821407318115234","-0.9775129121593018","-4.674938503895895","6.179995536804199","43.97291155579842","-114.62779432945064","-102.10914243115623","-56.00736428627036","-267.85424575643816","354.0876616685662","guest","requesting"
"2026-05-19T13:23:12.012Z","1779196992012","0.7674764394760132","-2.000670095483297","-1.7821080684661865","-0.9774967593005677","-4.674941841756002","6.179945468902588","43.97316085770312","-114.62995266922836","-102.10727095932364","-56.00643879563783","-267.8544370017349","354.0847929891148","guest","operator"
"2026-05-19T13:23:12.228Z","1779196992228","0.7674481868743896","-2.0006877384581507","-1.7821124792099","-0.977545754318573","-4.674978558217184","6.179937839508057","43.971542102869826","-114.63096353722553","-102.10752367632293","-56.0092460033867","-267.85654069999924","354.08435585700795","guest","operator"
"2026-05-19T13:23:12.441Z","1779196992441","0.7674482464790344","-2.0006829700865687","-1.7821497917175293","-0.977508620624878","-4.674917999898092","6.179974555969238","43.971545517964415","-114.63069032965872","-102.10966152553314","-56.00711839946024","-267.8530709639009","354.0864595552723","guest","operator"
"2026-05-19T13:23:12.654Z","1779196992654","0.7674559950828552","-2.0007206402220667","-1.7821283340454102","-0.9775294822505494","-4.674900833760397","6.179995536804199","43.97198948026046","-114.63284866943644","-102.10843209148254","-56.00831368256499","-267.8520874166604","354.0876616685662","guest","operator"
"2026-05-19T13:23:12.915Z","1779196992915","0.7674320340156555","-2.0006820164122523","-1.7821621894836426","-0.9775040310672303","-4.674913708363668","6.179954528808594","43.97061661223729","-114.63063568814536","-102.11037186520683","-56.006855437177194","-267.85282507709076","354.0853120834918","guest","operator"
"2026-05-19T13:23:13.205Z","1779196993205","0.7674482464790344","-2.0006138286986292","-1.7821497917175293","-0.977500931625702","-4.674905125294821","6.179983139038086","43.971545517964415","-114.62672881994011","-102.10966152553314","-56.006677852258775","-267.8523333034705","354.08695132889255","guest","operator"
"2026-05-19T13:23:13.405Z","1779196993405","0.7674850821495056","-2.000634332696432","-1.7821667194366455","-0.9774966400912781","-4.674885574971334","6.179986953735352","43.97365604641795","-114.62790361247735","-102.11063141239529","-56.006431965448655","-267.85121315244663","354.087169894946","guest","operator"
"2026-05-19T13:23:13.665Z","1779196993665","0.7674190402030945","-2.0006634197630824","-1.782137393951416","-0.9775085014155884","-4.674937550221578","6.179954528808594","43.96987212161776","-114.62957017863484","-102.10895118585947","-56.00711156927107","-267.8541911149248","354.0853120834918","guest","operator"
"2026-05-19T13:23:13.986Z","1779196993986","0.7674277424812317","-2.000634332696432","-1.7821711301803589","-0.9775250119021912","-4.674965802823202","6.180028438568115","43.97037072542717","-114.62790361247735","-102.11088412939458","-56.008057550471115","-267.8558098697581","354.08954680077716","guest","operator"
"2026-05-19T13:23:14.242Z","1779196994242","0.7674806714057922","-2.000662466088766","-1.782137393951416","-0.9775040310672303","-4.674958054219381","6.179978847503662","43.97340332941866","-114.62951553712148","-102.10895118585947","-56.006855437177194","-267.85536590746204","354.0867054420824","guest","operator"
"2026-05-19T13:23:14.472Z","1779196994472","0.7674481272697449","-2.0006419620909632","-1.7821507453918457","-0.9775040310672303","-4.674938503895895","6.180000305175781","43.971538687775244","-114.62834074458424","-102.1097161670465","-56.006855437177194","-267.85424575643816","354.08793487613303","guest","operator"
"2026-05-19T13:23:14.863Z","1779196994863","0.7674272656440735","-2.0006829700865687","-1.782158613204956","-0.9774965804866333","-4.674901787434713","6.179972171783447","43.970343404670494","-114.63069032965872","-102.11016695953172","-56.006428550354066","-267.8521420581738","354.0863229514889","guest","operator"
"2026-05-19T13:23:15.190Z","1779196995190","0.767471969127655","-2.000634332696432","-1.7821780443191528","-0.9775461119464417","-4.674946133290426","6.179942607879639","43.97290472560925","-114.62790361247735","-102.11128028036644","-56.00926649395421","-267.854682888545","354.08462906457476","guest","operator"
"2026-05-19T13:23:15.454Z","1779196995454","0.7674481272697449","-2.0006548366942347","-1.7821259498596191","-0.9774715465358277","-4.674917999898092","6.179995536804199","43.971538687775244","-114.6290784050146","-102.10829548769914","-56.00499421062837","-267.8530709639009","354.0876616685662","guest","operator"
"2026-05-19T13:23:15.689Z","1779196995689","0.7674764394760132","-2.0006877384581507","-1.7821497917175293","-0.9774878186038514","-4.674986187611715","6.1800079345703125","43.97316085770312","-114.63096353722553","-102.10966152553314","-56.00592653145007","-267.85697783210617","354.0883720082399","guest","operator"
"2026-05-19T13:23:15.894Z","1779196995894","0.7675137519836426","-2.000683446923727","-1.7821241617202759","-0.9774997991374512","-4.674938503895895","6.1799468994140625","43.975298706913335","-114.6307176504154","-102.10819303486159","-56.006612965461656","-267.85424575643816","354.08487495138485","guest","operator"
"2026-05-19T13:23:16.120Z","1779196996120","0.7674468159675598","-2.000683446923727","-1.7821868658065796","-0.9774301809123536","-4.674978558217184","6.1799702644348145","43.97146355569437","-114.6307176504154","-102.11178571436501","-56.00262413498637","-267.85654069999924","354.08621366846216","guest","operator"
"2026-05-19T13:23:16.331Z","1779196996331","0.7674557566642761","-2.000683446923727","-1.7821418046951294","-0.9775129121593018","-4.675020281468527","6.179995536804199","43.971975819882125","-114.6307176504154","-102.10920390285875","-56.00736428627036","-267.8589312662088","354.0876616685662","guest","operator"
"2026-05-19T13:23:16.537Z","1779196996537","0.7674602270126343","-2.00065340618276","-1.7821542024612427","-0.9775214952281495","-4.674946133290426","6.179991245269775","43.972231951976","-114.62899644274457","-102.10991424253244","-56.0078560598906","-267.854682888545","354.08741578175614","guest","operator"
"2026-05-19T13:23:16.869Z","1779196996869","0.7674853205680847","-2.00066675762319","-1.7821329832077026","-0.9775705498507996","-4.674909416829244","6.179991245269775","43.97366970679629","-114.6297614239316","-102.10869846886017","-56.01066668273406","-267.85257919028066","354.08741578175614","guest","operator"
"2026-05-19T13:23:17.191Z","1779196997191","0.7674557566642761","-2.000683446923727","-1.782104730606079","-0.9775256675532837","-4.674953762684957","6.179974555969238","43.971975819882125","-114.6307176504154","-102.10707971402688","-56.008095116511555","-267.8551200206519","354.0864595552723","guest","operator"
"2026-05-19T13:23:17.501Z","1779196997501","0.7674973607063293","-2.000650545159811","-1.782145380973816","-0.9775294226459046","-4.674922291432516","6.179995536804199","43.97435955590246","-114.62883251820448","-102.10940880853386","-56.00831026747041","-267.853316850711","354.0876616685662","guest","operator"
"2026-05-19T13:23:17.764Z","1779196997764","0.7674556970596313","-2.000671525994772","-1.7821780443191528","-0.9775129121593018","-4.674913708363668","6.179974555969238","43.971972404787536","-114.6300346314984","-102.11128028036644","-56.00736428627036","-267.85282507709076","354.0864595552723","guest","operator"
"2026-05-19T13:23:17.993Z","1779196997993","0.7674646973609924","-2.000683446923727","-1.7821409702301025","-0.9775378269008179","-4.674965683613912","6.179972171783447","43.97248808406987","-114.6307176504154","-102.10915609153456","-56.00879179580689","-267.8558030395689","354.0863229514889","guest","operator"
"2026-05-19T13:23:18.202Z","1779196998202","0.7674362063407898","-2.0007807217040003","-1.781766414642334","-0.9776659172824402","-4.67495042482485","6.179987907409668","43.97085566885824","-114.63629108477814","-102.08769563716238","-56.01613083407007","-267.8549287753551","354.08722453645936","guest","operator"
"2026-05-19T13:23:18.479Z","1779196998479","0.7609418034553528","-2.0012570820250453","-1.7811682224273682","-0.978057937031128","-4.675249401723043","6.173361778259277","43.598753793065114","-114.6635845207015","-102.05342174790727","-56.038591911155656","-267.87205888979355","353.70757530163337","guest","operator"
"2026-05-19T13:23:18.772Z","1779196998772","0.7489641904830933","-2.0007316074767054","-1.782022476196289","-0.97824581087146","-4.675839726124899","6.161505699157715","42.9124871211135","-114.63347704684008","-102.10236688349957","-56.0493562892876","-267.90588198656343","353.0282720075406","guest","operator"
"2026-05-19T13:23:18.975Z","1779196998975","0.7408581972122192","-2.000411172906393","-1.782452940940857","-0.9784303468516846","-4.676251236592428","6.153337478637695","42.44804791793097","-114.6151174983511","-102.12703069659248","-56.05992942212278","-267.92945979957835","352.5602674456113","guest","operator"
"2026-05-19T13:23:19.189Z","1779196999189","0.7324522137641907","-2.000087877313131","-1.7827531099319458","-0.9786505264094849","-4.676649395619528","6.144948959350586","41.966420543702114","-114.59659402532202","-102.14422911292257","-56.072544781519795","-267.9522726314062","352.0796406940958","guest","operator"
"2026-05-19T13:23:19.453Z","1779196999453","0.7215448021888733","-1.9998632870116175","-1.7829333543777466","-0.9789382380298157","-4.677195612584249","6.133983135223389","41.341471895024284","-114.58372594892572","-102.15455635894764","-56.08902944308162","-267.98356855818315","351.4513452527247","guest","operator"
"2026-05-19T13:23:19.653Z","1779196999653","0.7134612798690796","-1.9998485050597132","-1.7829078435897827","-0.9792836469462891","-4.677615944539205","6.1259565353393555","40.8783201825003","-114.58287900546863","-102.15309469846525","-56.10881991620173","-268.00765180519664","350.99145495552943","guest","operator"
"2026-05-19T13:23:19.857Z","1779196999857","0.7058019638061523","-1.9998780689635218","-1.7829649448394775","-0.9796322745135804","-4.678022686635153","6.118351936340332","40.43947369813782","-114.5845728923828","-102.1563663590777","-56.12879480442943","-268.0309564106447","350.55574352799596","guest","operator"
"2026-05-19T13:23:20.133Z","1779197000133","0.6967955231666565","-1.9998499355711878","-1.7825325727462769","-0.9799832266620179","-4.67846125761141","6.109256267547607","39.923442661059596","-114.58296096773867","-102.13159326295805","-56.14890288134595","-268.0560846766012","350.034600094324","guest","operator"
"2026-05-19T13:23:20.420Z","1779197000420","0.6852744221687317","-2.0002509556212367","-1.781944990158081","-0.9805959624103089","-4.679048363362448","6.097794532775879","39.26333219853454","-114.6059377241066","-102.09792726053907","-56.18401005367981","-268.0897233582635","349.3778910660056","guest","operator"
"2026-05-19T13:23:20.630Z","1779197000630","0.6770201325416565","-2.0006400547423304","-1.781395435333252","-0.9810716074756165","-4.679511849080221","6.089519500732422","38.79039624002452","-114.62823146155752","-102.0664400884653","-56.21126250846817","-268.1162791337565","348.90376665458","guest","operator"
"2026-05-19T13:23:20.909Z","1779197000909","0.6657465696334839","-2.0011569462218226","-1.7803930044174194","-0.981837586765625","-4.680188361798422","6.078333377838135","38.144468665311","-114.6578471617987","-102.00900502773467","-56.255149888980085","-268.15504045729637","348.26284902362266","guest","operator"
"2026-05-19T13:23:21.195Z","1779197001195","0.6535197496414185","-2.001906534234518","-1.779084324836731","-0.9827264112285157","-4.680687133465902","6.066105365753174","37.44392348289947","-114.70079539129974","-101.93402321102627","-56.3060757794317","-268.18361796878366","347.56223553931943","guest","operator"
"2026-05-19T13:23:21.405Z","1779197001405","0.6451727151870728","-2.0025421581664027","-1.778002381324768","-0.9833542269519349","-4.681155029927389","6.05777645111084","36.96567363721518","-114.73721395995425","-101.87203241411923","-56.34204697069557","-268.210426461276","347.085023882389","guest","operator"
"2026-05-19T13:23:21.615Z","1779197001615","0.6367339491844177","-2.003280302087301","-1.7767395973205566","-0.9840930861285706","-4.681646649037496","6.04928731918335","36.48216796096456","-114.77950649129495","-101.79968022024129","-56.384380483171306","-268.2385941614131","346.59863245121403","guest","operator"
"2026-05-19T13:23:21.892Z","1779197001892","0.6247953176498413","-2.004425664941305","-1.774886965751648","-0.9851153653911133","-4.682251636181967","6.0374860763549805","35.79813476087154","-114.84513094884045","-101.69353225035012","-56.442952770398755","-268.27325737145094","345.92247104413946","guest","operator"
"2026-05-19T13:23:22.172Z","1779197002172","0.6132800579071045","-2.0057555637755335","-1.7727404832839966","-0.9862834972194214","-4.682887379323141","6.025883197784424","35.138358977615816","-114.92132853922111","-101.57054786415486","-56.50988179407571","-268.3096827702946","345.2576750718438","guest","operator"
"2026-05-19T13:23:22.522Z","1779197002522","0.6125364303588867","-2.005831380883688","-1.7725833654403687","-0.9863255780986329","-4.6829474608050745","6.025041580200195","35.09575225757328","-114.92567253953324","-101.56154567482879","-56.512292850852724","-268.3131251856363","345.2094539363035","guest","operator"
"2026-05-19T13:23:22.807Z","1779197002806","0.6124750971794128","-2.005833765069479","-1.772636890411377","-0.9863044184497376","-4.682893816624777","6.025017738342285","35.09223812524531","-114.92580914331663","-101.56461242976613","-56.51108049227505","-268.3100516005098","345.2080878984695","guest","operator"
"2026-05-19T13:23:23.056Z","1779197003056","0.6124750971794128","-2.005833765069479","-1.772636890411377","-0.9863044184497376","-4.682893816624777","6.025017738342285","35.09223812524531","-114.92580914331663","-101.56461242976613","-56.51108049227505","-268.3100516005098","345.2080878984695","guest","operator"
"2026-05-19T13:23:23.335Z","1779197003335","0.6124750971794128","-2.005833765069479","-1.772636890411377","-0.9863044184497376","-4.682893816624777","6.025017738342285","35.09223812524531","-114.92580914331663","-101.56461242976613","-56.51108049227505","-268.3100516005098","345.2080878984695","guest","operator"
"2026-05-19T13:23:23.602Z","1779197003602","0.6124750971794128","-2.005833765069479","-1.772636890411377","-0.9863044184497376","-4.682893816624777","6.025017738342285","35.09223812524531","-114.92580914331663","-101.56461242976613","-56.51108049227505","-268.3100516005098","345.2080878984695","guest","operator"
"2026-05-19T13:23:23.925Z","1779197003925","0.6124750971794128","-2.005833765069479","-1.772636890411377","-0.9863044184497376","-4.682893816624777","6.025017738342285","35.09223812524531","-114.92580914331663","-101.56461242976613","-56.51108049227505","-268.3100516005098","345.2080878984695","guest","operator"
"2026-05-19T13:23:24.130Z","1779197004130","0.6124750971794128","-2.005833765069479","-1.772636890411377","-0.9863044184497376","-4.682893816624777","6.025017738342285","35.09223812524531","-114.92580914331663","-101.56461242976613","-56.51108049227505","-268.3100516005098","345.2080878984695","guest","operator"
"2026-05-19T13:23:24.433Z","1779197004433","0.6124750971794128","-2.005833765069479","-1.772636890411377","-0.9863044184497376","-4.682893816624777","6.025017738342285","35.09223812524531","-114.92580914331663","-101.56461242976613","-56.51108049227505","-268.3100516005098","345.2080878984695","guest","operator"
"2026-05-19T13:23:24.705Z","1779197004705","0.6124750971794128","-2.005833765069479","-1.772636890411377","-0.9863044184497376","-4.682893816624777","6.025017738342285","35.09223812524531","-114.92580914331663","-101.56461242976613","-56.51108049227505","-268.3100516005098","345.2080878984695","guest","operator"
"2026-05-19T13:23:24.905Z","1779197004905","0.6124750971794128","-2.005833765069479","-1.772636890411377","-0.9863044184497376","-4.682893816624777","6.025017738342285","35.09223812524531","-114.92580914331663","-101.56461242976613","-56.51108049227505","-268.3100516005098","345.2080878984695","guest","operator"
"2026-05-19T13:23:25.185Z","1779197005185","0.6124750971794128","-2.005833765069479","-1.772636890411377","-0.9863044184497376","-4.682893816624777","6.025017738342285","35.09223812524531","-114.92580914331663","-101.56461242976613","-56.51108049227505","-268.3100516005098","345.2080878984695","guest","operator"
"2026-05-19T13:23:25.468Z","1779197005468","0.6124750971794128","-2.005833765069479","-1.772636890411377","-0.9863044184497376","-4.682893816624777","6.025017738342285","35.09223812524531","-114.92580914331663","-101.56461242976613","-56.51108049227505","-268.3100516005098","345.2080878984695","guest","operator"
"2026-05-19T13:23:25.760Z","1779197005760","0.6124750971794128","-2.005833765069479","-1.772636890411377","-0.9863044184497376","-4.682893816624777","6.025017738342285","35.09223812524531","-114.92580914331663","-101.56461242976613","-56.51108049227505","-268.3100516005098","345.2080878984695","guest","operator"
"2026-05-19T13:23:26.006Z","1779197006006","0.6124750971794128","-2.005833765069479","-1.772636890411377","-0.9863044184497376","-4.682893816624777","6.025017738342285","35.09223812524531","-114.92580914331663","-101.56461242976613","-56.51108049227505","-268.3100516005098","345.2080878984695","guest","operator"
"2026-05-19T13:23:26.210Z","1779197006210","0.6124750971794128","-2.005833765069479","-1.772636890411377","-0.9863044184497376","-4.682893816624777","6.025017738342285","35.09223812524531","-114.92580914331663","-101.56461242976613","-56.51108049227505","-268.3100516005098","345.2080878984695","guest","operator"
"2026-05-19T13:23:26.417Z","1779197006417","0.6124750971794128","-2.005833765069479","-1.772636890411377","-0.9863044184497376","-4.682893816624777","6.025017738342285","35.09223812524531","-114.92580914331663","-101.56461242976613","-56.51108049227505","-268.3100516005098","345.2080878984695","guest","operator"
"2026-05-19T13:23:26.635Z","1779197006635","0.6124750971794128","-2.005833765069479","-1.772636890411377","-0.9863044184497376","-4.682893816624777","6.025017738342285","35.09223812524531","-114.92580914331663","-101.56461242976613","-56.51108049227505","-268.3100516005098","345.2080878984695","guest","operator"
"2026-05-19T13:23:26.860Z","1779197006860","0.6124750971794128","-2.005833765069479","-1.772636890411377","-0.9863044184497376","-4.682893816624777","6.025017738342285","35.09223812524531","-114.92580914331663","-101.56461242976613","-56.51108049227505","-268.3100516005098","345.2080878984695","guest","operator"
"2026-05-19T13:23:27.109Z","1779197007109","0.6124750971794128","-2.005833765069479","-1.772636890411377","-0.9863044184497376","-4.682893816624777","6.025017738342285","35.09223812524531","-114.92580914331663","-101.56461242976613","-56.51108049227505","-268.3100516005098","345.2080878984695","guest","operator"
"2026-05-19T13:23:27.418Z","1779197007418","0.6124750971794128","-2.005833765069479","-1.772636890411377","-0.9863044184497376","-4.682893816624777","6.025017738342285","35.09223812524531","-114.92580914331663","-101.56461242976613","-56.51108049227505","-268.3100516005098","345.2080878984695","guest","operator"
"2026-05-19T13:23:27.691Z","1779197007691","0.6124750971794128","-2.005833765069479","-1.772636890411377","-0.9863044184497376","-4.682893816624777","6.025017738342285","35.09223812524531","-114.92580914331663","-101.56461242976613","-56.51108049227505","-268.3100516005098","345.2080878984695","guest","operator"
"2026-05-19T13:23:27.912Z","1779197007912","0.6124750971794128","-2.005833765069479","-1.772636890411377","-0.9863044184497376","-4.682893816624777","6.025017738342285","35.09223812524531","-114.92580914331663","-101.56461242976613","-56.51108049227505","-268.3100516005098","345.2080878984695","guest","operator"
"2026-05-19T13:23:28.195Z","1779197008195","0.6124750971794128","-2.005833765069479","-1.772636890411377","-0.9863044184497376","-4.682893816624777","6.025017738342285","35.09223812524531","-114.92580914331663","-101.56461242976613","-56.51108049227505","-268.3100516005098","345.2080878984695","guest","operator"
"2026-05-19T13:23:28.448Z","1779197008448","0.6124750971794128","-2.005833765069479","-1.772636890411377","-0.9863044184497376","-4.682893816624777","6.025017738342285","35.09223812524531","-114.92580914331663","-101.56461242976613","-56.51108049227505","-268.3100516005098","345.2080878984695","guest","operator"
"2026-05-19T13:23:28.683Z","1779197008683","0.6124750971794128","-2.005833765069479","-1.772636890411377","-0.9863044184497376","-4.682893816624777","6.025017738342285","35.09223812524531","-114.92580914331663","-101.56461242976613","-56.51108049227505","-268.3100516005098","345.2080878984695","guest","operator"
"2026-05-19T13:23:28.929Z","1779197008929","0.6124750971794128","-2.005833765069479","-1.772636890411377","-0.9863044184497376","-4.682893816624777","6.025017738342285","35.09223812524531","-114.92580914331663","-101.56461242976613","-56.51108049227505","-268.3100516005098","345.2080878984695","guest","operator"
"2026-05-19T13:23:29.173Z","1779197009173","0.6124750971794128","-2.005833765069479","-1.772636890411377","-0.9863044184497376","-4.682893816624777","6.025017738342285","35.09223812524531","-114.92580914331663","-101.56461242976613","-56.51108049227505","-268.3100516005098","345.2080878984695","guest","operator"
"2026-05-19T13:23:29.435Z","1779197009435","0.6124750971794128","-2.005833765069479","-1.772636890411377","-0.9863044184497376","-4.682893816624777","6.025017738342285","35.09223812524531","-114.92580914331663","-101.56461242976613","-56.51108049227505","-268.3100516005098","345.2080878984695","guest","operator"
"2026-05-19T13:23:29.670Z","1779197009670","0.6124750971794128","-2.005833765069479","-1.772636890411377","-0.9863044184497376","-4.682893816624777","6.025017738342285","35.09223812524531","-114.92580914331663","-101.56461242976613","-56.51108049227505","-268.3100516005098","345.2080878984695","guest","operator"
"2026-05-19T13:23:29.915Z","1779197009915","0.6124750971794128","-2.005833765069479","-1.772636890411377","-0.9863044184497376","-4.682893816624777","6.025017738342285","35.09223812524531","-114.92580914331663","-101.56461242976613","-56.51108049227505","-268.3100516005098","345.2080878984695","guest","operator"
"2026-05-19T13:23:30.193Z","1779197010193","0.6124750971794128","-2.005833765069479","-1.772636890411377","-0.9863044184497376","-4.682893816624777","6.025017738342285","35.09223812524531","-114.92580914331663","-101.56461242976613","-56.51108049227505","-268.3100516005098","345.2080878984695","guest","operator"
"2026-05-19T13:23:30.419Z","1779197010419","0.6124750971794128","-2.005833765069479","-1.772636890411377","-0.9863044184497376","-4.682893816624777","6.025017738342285","35.09223812524531","-114.92580914331663","-101.56461242976613","-56.51108049227505","-268.3100516005098","345.2080878984695","guest","operator"
"2026-05-19T13:23:30.641Z","1779197010641","0.6124750971794128","-2.005833765069479","-1.772636890411377","-0.9863044184497376","-4.682893816624777","6.025017738342285","35.09223812524531","-114.92580914331663","-101.56461242976613","-56.51108049227505","-268.3100516005098","345.2080878984695","guest","operator"
"2026-05-19T13:23:30.912Z","1779197010912","0.6124750971794128","-2.005833765069479","-1.772636890411377","-0.9863044184497376","-4.682893816624777","6.025017738342285","35.09223812524531","-114.92580914331663","-101.56461242976613","-56.51108049227505","-268.3100516005098","345.2080878984695","guest","operator"
"2026-05-19T13:23:31.170Z","1779197011170","0.6124750971794128","-2.005833765069479","-1.772636890411377","-0.9863044184497376","-4.682893816624777","6.025017738342285","35.09223812524531","-114.92580914331663","-101.56461242976613","-56.51108049227505","-268.3100516005098","345.2080878984695","guest","operator"
"2026-05-19T13:23:31.404Z","1779197011404","0.6124750971794128","-2.005833765069479","-1.772636890411377","-0.9863044184497376","-4.682893816624777","6.025017738342285","35.09223812524531","-114.92580914331663","-101.56461242976613","-56.51108049227505","-268.3100516005098","345.2080878984695","guest","operator"
"2026-05-19T13:23:31.617Z","1779197011617","0.6124750971794128","-2.005833765069479","-1.772636890411377","-0.9863044184497376","-4.682893816624777","6.025017738342285","35.09223812524531","-114.92580914331663","-101.56461242976613","-56.51108049227505","-268.3100516005098","345.2080878984695","guest","operator"
"2026-05-19T13:23:31.835Z","1779197011835","0.6124750971794128","-2.005833765069479","-1.772636890411377","-0.9863044184497376","-4.682893816624777","6.025017738342285","35.09223812524531","-114.92580914331663","-101.56461242976613","-56.51108049227505","-268.3100516005098","345.2080878984695","guest","operator"
"2026-05-19T13:23:32.067Z","1779197012067","0.6124750971794128","-2.005833765069479","-1.772636890411377","-0.9863044184497376","-4.682893816624777","6.025017738342285","35.09223812524531","-114.92580914331663","-101.56461242976613","-56.51108049227505","-268.3100516005098","345.2080878984695","guest","operator"
"2026-05-19T13:23:32.366Z","1779197012366","0.6124750971794128","-2.005833765069479","-1.772636890411377","-0.9863044184497376","-4.682893816624777","6.025017738342285","35.09223812524531","-114.92580914331663","-101.56461242976613","-56.51108049227505","-268.3100516005098","345.2080878984695","guest","operator"
"2026-05-19T13:23:32.664Z","1779197012664","0.6124750971794128","-2.005833765069479","-1.772636890411377","-0.9863044184497376","-4.682893816624777","6.025017738342285","35.09223812524531","-114.92580914331663","-101.56461242976613","-56.51108049227505","-268.3100516005098","345.2080878984695","guest","operator"
"2026-05-19T13:23:32.877Z","1779197012877","0.6124750971794128","-2.005833765069479","-1.772636890411377","-0.9863044184497376","-4.682893816624777","6.025017738342285","35.09223812524531","-114.92580914331663","-101.56461242976613","-56.51108049227505","-268.3100516005098","345.2080878984695","guest","operator"
"2026-05-19T13:23:33.181Z","1779197013181","0.6124750971794128","-2.005833765069479","-1.772636890411377","-0.9863044184497376","-4.682893816624777","6.025017738342285","35.09223812524531","-114.92580914331663","-101.56461242976613","-56.51108049227505","-268.3100516005098","345.2080878984695","guest","operator"
"2026-05-19T13:23:33.406Z","1779197013406","0.6124750971794128","-2.005833765069479","-1.772636890411377","-0.9863044184497376","-4.682893816624777","6.025017738342285","35.09223812524531","-114.92580914331663","-101.56461242976613","-56.51108049227505","-268.3100516005098","345.2080878984695","guest","operator"
"2026-05-19T13:23:33.645Z","1779197013645","0.6124750971794128","-2.005833765069479","-1.772636890411377","-0.9863044184497376","-4.682893816624777","6.025017738342285","35.09223812524531","-114.92580914331663","-101.56461242976613","-56.51108049227505","-268.3100516005098","345.2080878984695","guest","operator"
"2026-05-19T13:23:33.898Z","1779197013898","0.6124750971794128","-2.005833765069479","-1.772636890411377","-0.9863044184497376","-4.682893816624777","6.025017738342285","35.09223812524531","-114.92580914331663","-101.56461242976613","-56.51108049227505","-268.3100516005098","345.2080878984695","guest","operator"
"2026-05-19T13:23:34.131Z","1779197014131","0.6124750971794128","-2.005833765069479","-1.772636890411377","-0.9863044184497376","-4.682893816624777","6.025017738342285","35.09223812524531","-114.92580914331663","-101.56461242976613","-56.51108049227505","-268.3100516005098","345.2080878984695","guest","operator"
"2026-05-19T13:23:34.399Z","1779197014399","0.6124750971794128","-2.005833765069479","-1.772636890411377","-0.9863044184497376","-4.682893816624777","6.025017738342285","35.09223812524531","-114.92580914331663","-101.56461242976613","-56.51108049227505","-268.3100516005098","345.2080878984695","guest","operator"
"2026-05-19T13:23:34.645Z","1779197014645","0.6124750971794128","-2.005833765069479","-1.772636890411377","-0.9863044184497376","-4.682893816624777","6.025017738342285","35.09223812524531","-114.92580914331663","-101.56461242976613","-56.51108049227505","-268.3100516005098","345.2080878984695","guest","operator"
"2026-05-19T13:23:34.908Z","1779197014908","0.6124750971794128","-2.005833765069479","-1.772636890411377","-0.9863044184497376","-4.682893816624777","6.025017738342285","35.09223812524531","-114.92580914331663","-101.56461242976613","-56.51108049227505","-268.3100516005098","345.2080878984695","guest","operator"
"2026-05-19T13:23:35.147Z","1779197015147","0.6124750971794128","-2.005833765069479","-1.772636890411377","-0.9863044184497376","-4.682893816624777","6.025017738342285","35.09223812524531","-114.92580914331663","-101.56461242976613","-56.51108049227505","-268.3100516005098","345.2080878984695","guest","operator"
"2026-05-19T13:23:35.437Z","1779197015437","0.6124750971794128","-2.005833765069479","-1.772636890411377","-0.9863044184497376","-4.682893816624777","6.025017738342285","35.09223812524531","-114.92580914331663","-101.56461242976613","-56.51108049227505","-268.3100516005098","345.2080878984695","guest","operator"
"2026-05-19T13:23:35.870Z","1779197015870","0.6124750971794128","-2.005833765069479","-1.772636890411377","-0.9863044184497376","-4.682893816624777","6.025017738342285","35.09223812524531","-114.92580914331663","-101.56461242976613","-56.51108049227505","-268.3100516005098","345.2080878984695","guest","operator"
"2026-05-19T13:23:36.083Z","1779197016083","0.6124750971794128","-2.005833765069479","-1.772636890411377","-0.9863044184497376","-4.682893816624777","6.025017738342285","35.09223812524531","-114.92580914331663","-101.56461242976613","-56.51108049227505","-268.3100516005098","345.2080878984695","guest","operator"
"2026-05-19T13:23:36.312Z","1779197016312","0.6124750971794128","-2.005833765069479","-1.772636890411377","-0.9863044184497376","-4.682893816624777","6.025017738342285","35.09223812524531","-114.92580914331663","-101.56461242976613","-56.51108049227505","-268.3100516005098","345.2080878984695","guest","operator"
"2026-05-19T13:23:36.631Z","1779197016631","0.6124750971794128","-2.005833765069479","-1.772636890411377","-0.9863044184497376","-4.682893816624777","6.025017738342285","35.09223812524531","-114.92580914331663","-101.56461242976613","-56.51108049227505","-268.3100516005098","345.2080878984695","guest","operator"
"2026-05-19T13:23:36.905Z","1779197016905","0.6124750971794128","-2.005833765069479","-1.772636890411377","-0.9863044184497376","-4.682893816624777","6.025017738342285","35.09223812524531","-114.92580914331663","-101.56461242976613","-56.51108049227505","-268.3100516005098","345.2080878984695","guest","operator"
"2026-05-19T13:23:37.109Z","1779197017109","0.6124750971794128","-2.005833765069479","-1.772636890411377","-0.9863044184497376","-4.682893816624777","6.025017738342285","35.09223812524531","-114.92580914331663","-101.56461242976613","-56.51108049227505","-268.3100516005098","345.2080878984695","guest","operator"
"2026-05-19T13:23:37.311Z","1779197017311","0.6124750971794128","-2.005833765069479","-1.772636890411377","-0.9863044184497376","-4.682893816624777","6.025017738342285","35.09223812524531","-114.92580914331663","-101.56461242976613","-56.51108049227505","-268.3100516005098","345.2080878984695","guest","operator"
"2026-05-19T13:23:37.556Z","1779197017556","0.6124750971794128","-2.005833765069479","-1.772636890411377","-0.9863044184497376","-4.682893816624777","6.025017738342285","35.09223812524531","-114.92580914331663","-101.56461242976613","-56.51108049227505","-268.3100516005098","345.2080878984695","guest","operator"
"2026-05-19T13:23:37.812Z","1779197017812","0.6124750971794128","-2.005833765069479","-1.772636890411377","-0.9863044184497376","-4.682893816624777","6.025017738342285","35.09223812524531","-114.92580914331663","-101.56461242976613","-56.51108049227505","-268.3100516005098","345.2080878984695","guest","operator"
"2026-05-19T13:23:38.017Z","1779197018017","0.6124750971794128","-2.005833765069479","-1.772636890411377","-0.9863044184497376","-4.682893816624777","6.025017738342285","35.09223812524531","-114.92580914331663","-101.56461242976613","-56.51108049227505","-268.3100516005098","345.2080878984695","guest","operator"
"2026-05-19T13:23:38.305Z","1779197018305","0.6124750971794128","-2.005833765069479","-1.772636890411377","-0.9863044184497376","-4.682893816624777","6.025017738342285","35.09223812524531","-114.92580914331663","-101.56461242976613","-56.51108049227505","-268.3100516005098","345.2080878984695","guest","operator"
"2026-05-19T13:23:38.668Z","1779197018668","0.6124750971794128","-2.005833765069479","-1.772636890411377","-0.9863044184497376","-4.682893816624777","6.025017738342285","35.09223812524531","-114.92580914331663","-101.56461242976613","-56.51108049227505","-268.3100516005098","345.2080878984695","guest","operator"
"2026-05-19T13:23:38.914Z","1779197018914","0.6124750971794128","-2.005833765069479","-1.772636890411377","-0.9863044184497376","-4.682893816624777","6.025017738342285","35.09223812524531","-114.92580914331663","-101.56461242976613","-56.51108049227505","-268.3100516005098","345.2080878984695","guest","operator"
"2026-05-19T13:23:39.158Z","1779197019158","0.6124750971794128","-2.005833765069479","-1.772636890411377","-0.9863044184497376","-4.682893816624777","6.025017738342285","35.09223812524531","-114.92580914331663","-101.56461242976613","-56.51108049227505","-268.3100516005098","345.2080878984695","guest","operator"
"2026-05-19T13:23:39.428Z","1779197019428","0.6124750971794128","-2.005833765069479","-1.772636890411377","-0.9863044184497376","-4.682893816624777","6.025017738342285","35.09223812524531","-114.92580914331663","-101.56461242976613","-56.51108049227505","-268.3100516005098","345.2080878984695","guest","operator"
"2026-05-19T13:23:39.753Z","1779197019753","0.6124750971794128","-2.005833765069479","-1.772636890411377","-0.9863044184497376","-4.682893816624777","6.025017738342285","35.09223812524531","-114.92580914331663","-101.56461242976613","-56.51108049227505","-268.3100516005098","345.2080878984695","guest","operator"
"2026-05-19T13:23:40.000Z","1779197020000","0.6124750971794128","-2.005833765069479","-1.772636890411377","-0.9863044184497376","-4.682893816624777","6.025017738342285","35.09223812524531","-114.92580914331663","-101.56461242976613","-56.51108049227505","-268.3100516005098","345.2080878984695","guest","operator"
"2026-05-19T13:23:40.267Z","1779197020267","0.6124750971794128","-2.005833765069479","-1.772636890411377","-0.9863044184497376","-4.682893816624777","6.025017738342285","35.09223812524531","-114.92580914331663","-101.56461242976613","-56.51108049227505","-268.3100516005098","345.2080878984695","guest","operator"
"2026-05-19T13:23:40.543Z","1779197020543","0.6124750971794128","-2.005833765069479","-1.772636890411377","-0.9863044184497376","-4.682893816624777","6.025017738342285","35.09223812524531","-114.92580914331663","-101.56461242976613","-56.51108049227505","-268.3100516005098","345.2080878984695","guest","operator"
"2026-05-19T13:23:40.865Z","1779197020865","0.6124750971794128","-2.005833765069479","-1.772636890411377","-0.9863044184497376","-4.682893816624777","6.025017738342285","35.09223812524531","-114.92580914331663","-101.56461242976613","-56.51108049227505","-268.3100516005098","345.2080878984695","guest","operator"
"2026-05-19T13:23:41.070Z","1779197021070","0.6124750971794128","-2.005833765069479","-1.772636890411377","-0.9863044184497376","-4.682893816624777","6.025017738342285","35.09223812524531","-114.92580914331663","-101.56461242976613","-56.51108049227505","-268.3100516005098","345.2080878984695","guest","operator"
"2026-05-19T13:23:41.318Z","1779197021318","0.6124750971794128","-2.005833765069479","-1.772636890411377","-0.9863044184497376","-4.682893816624777","6.025017738342285","35.09223812524531","-114.92580914331663","-101.56461242976613","-56.51108049227505","-268.3100516005098","345.2080878984695","guest","operator"
"2026-05-19T13:23:41.597Z","1779197021597","0.6124750971794128","-2.005833765069479","-1.772636890411377","-0.9863044184497376","-4.682893816624777","6.025017738342285","35.09223812524531","-114.92580914331663","-101.56461242976613","-56.51108049227505","-268.3100516005098","345.2080878984695","guest","operator"
"2026-05-19T13:23:41.877Z","1779197021877","0.6124750971794128","-2.005833765069479","-1.772636890411377","-0.9863044184497376","-4.682893816624777","6.025017738342285","35.09223812524531","-114.92580914331663","-101.56461242976613","-56.51108049227505","-268.3100516005098","345.2080878984695","guest","operator"
"2026-05-19T13:23:42.083Z","1779197022083","0.6124750971794128","-2.005833765069479","-1.772636890411377","-0.9863044184497376","-4.682893816624777","6.025017738342285","35.09223812524531","-114.92580914331663","-101.56461242976613","-56.51108049227505","-268.3100516005098","345.2080878984695","guest","operator"
"2026-05-19T13:23:42.382Z","1779197022382","0.6124750971794128","-2.005833765069479","-1.772636890411377","-0.9863044184497376","-4.682893816624777","6.025017738342285","35.09223812524531","-114.92580914331663","-101.56461242976613","-56.51108049227505","-268.3100516005098","345.2080878984695","guest","operator"
"2026-05-19T13:23:42.606Z","1779197022606","0.6124750971794128","-2.005833765069479","-1.772636890411377","-0.9863044184497376","-4.682893816624777","6.025017738342285","35.09223812524531","-114.92580914331663","-101.56461242976613","-56.51108049227505","-268.3100516005098","345.2080878984695","guest","operator"
"2026-05-19T13:23:42.898Z","1779197022898","0.6124750971794128","-2.005833765069479","-1.772636890411377","-0.9863044184497376","-4.682893816624777","6.025017738342285","35.09223812524531","-114.92580914331663","-101.56461242976613","-56.51108049227505","-268.3100516005098","345.2080878984695","guest","operator"
"2026-05-19T13:23:43.169Z","1779197023169","0.6124750971794128","-2.005833765069479","-1.772636890411377","-0.9863044184497376","-4.682893816624777","6.025017738342285","35.09223812524531","-114.92580914331663","-101.56461242976613","-56.51108049227505","-268.3100516005098","345.2080878984695","guest","operator"
"2026-05-19T13:23:43.436Z","1779197023436","0.6124750971794128","-2.005833765069479","-1.772636890411377","-0.9863044184497376","-4.682893816624777","6.025017738342285","35.09223812524531","-114.92580914331663","-101.56461242976613","-56.51108049227505","-268.3100516005098","345.2080878984695","guest","operator"
"2026-05-19T13:23:43.672Z","1779197023672","0.6124750971794128","-2.005833765069479","-1.772636890411377","-0.9863044184497376","-4.682893816624777","6.025017738342285","35.09223812524531","-114.92580914331663","-101.56461242976613","-56.51108049227505","-268.3100516005098","345.2080878984695","guest","operator"
"2026-05-19T13:23:43.938Z","1779197023938","0.6124750971794128","-2.005833765069479","-1.772636890411377","-0.9863044184497376","-4.682893816624777","6.025017738342285","35.09223812524531","-114.92580914331663","-101.56461242976613","-56.51108049227505","-268.3100516005098","345.2080878984695","guest","operator"
"2026-05-19T13:23:44.181Z","1779197024181","0.6124750971794128","-2.005833765069479","-1.772636890411377","-0.9863044184497376","-4.682893816624777","6.025017738342285","35.09223812524531","-114.92580914331663","-101.56461242976613","-56.51108049227505","-268.3100516005098","345.2080878984695","guest","operator"
"2026-05-19T13:23:44.450Z","1779197024450","0.6124750971794128","-2.005833765069479","-1.772636890411377","-0.9863044184497376","-4.682893816624777","6.025017738342285","35.09223812524531","-114.92580914331663","-101.56461242976613","-56.51108049227505","-268.3100516005098","345.2080878984695","guest","operator"
"2026-05-19T13:23:44.702Z","1779197024702","0.6124750971794128","-2.005833765069479","-1.772636890411377","-0.9863044184497376","-4.682893816624777","6.025017738342285","35.09223812524531","-114.92580914331663","-101.56461242976613","-56.51108049227505","-268.3100516005098","345.2080878984695","guest","operator"
"2026-05-19T13:23:44.926Z","1779197024926","0.6124750971794128","-2.005833765069479","-1.772636890411377","-0.9863044184497376","-4.682893816624777","6.025017738342285","35.09223812524531","-114.92580914331663","-101.56461242976613","-56.51108049227505","-268.3100516005098","345.2080878984695","guest","operator"
"2026-05-19T13:23:45.128Z","1779197025128","0.6124750971794128","-2.005833765069479","-1.772636890411377","-0.9863044184497376","-4.682893816624777","6.025017738342285","35.09223812524531","-114.92580914331663","-101.56461242976613","-56.51108049227505","-268.3100516005098","345.2080878984695","guest","operator"
"2026-05-19T13:23:45.330Z","1779197025330","0.6124750971794128","-2.005833765069479","-1.772636890411377","-0.9863044184497376","-4.682893816624777","6.025017738342285","35.09223812524531","-114.92580914331663","-101.56461242976613","-56.51108049227505","-268.3100516005098","345.2080878984695","guest","operator"
"2026-05-19T13:23:45.612Z","1779197025612","0.6124750971794128","-2.005833765069479","-1.772636890411377","-0.9863044184497376","-4.682893816624777","6.025017738342285","35.09223812524531","-114.92580914331663","-101.56461242976613","-56.51108049227505","-268.3100516005098","345.2080878984695","guest","operator"
"2026-05-19T13:23:45.856Z","1779197025856","0.6124750971794128","-2.005833765069479","-1.772636890411377","-0.9863044184497376","-4.682893816624777","6.025017738342285","35.09223812524531","-114.92580914331663","-101.56461242976613","-56.51108049227505","-268.3100516005098","345.2080878984695","guest","operator"
"2026-05-19T13:23:46.209Z","1779197026209","0.6124750971794128","-2.005833765069479","-1.772636890411377","-0.9863044184497376","-4.682893816624777","6.025017738342285","35.09223812524531","-114.92580914331663","-101.56461242976613","-56.51108049227505","-268.3100516005098","345.2080878984695","guest","operator"
"2026-05-19T13:23:46.428Z","1779197026428","0.6124750971794128","-2.005833765069479","-1.772636890411377","-0.9863044184497376","-4.682893816624777","6.025017738342285","35.09223812524531","-114.92580914331663","-101.56461242976613","-56.51108049227505","-268.3100516005098","345.2080878984695","guest","operator"
"2026-05-19T13:23:46.686Z","1779197026686","0.6124750971794128","-2.005833765069479","-1.772636890411377","-0.9863044184497376","-4.682893816624777","6.025017738342285","35.09223812524531","-114.92580914331663","-101.56461242976613","-56.51108049227505","-268.3100516005098","345.2080878984695","guest","operator"
"2026-05-19T13:23:46.936Z","1779197026936","0.6124750971794128","-2.005833765069479","-1.772636890411377","-0.9863044184497376","-4.682893816624777","6.025017738342285","35.09223812524531","-114.92580914331663","-101.56461242976613","-56.51108049227505","-268.3100516005098","345.2080878984695","guest","operator"
"2026-05-19T13:23:47.260Z","1779197027260","0.6124750971794128","-2.005833765069479","-1.772636890411377","-0.9863044184497376","-4.682893816624777","6.025017738342285","35.09223812524531","-114.92580914331663","-101.56461242976613","-56.51108049227505","-268.3100516005098","345.2080878984695","guest","operator"
"2026-05-19T13:23:47.620Z","1779197027620","0.6124750971794128","-2.005833765069479","-1.772636890411377","-0.9863044184497376","-4.682893816624777","6.025017738342285","35.09223812524531","-114.92580914331663","-101.56461242976613","-56.51108049227505","-268.3100516005098","345.2080878984695","guest","operator"
"2026-05-19T13:23:47.917Z","1779197027917","0.6124750971794128","-2.005833765069479","-1.772636890411377","-0.9863044184497376","-4.682893816624777","6.025017738342285","35.09223812524531","-114.92580914331663","-101.56461242976613","-56.51108049227505","-268.3100516005098","345.2080878984695","guest","operator"
"2026-05-19T13:23:48.220Z","1779197028220","0.6124750971794128","-2.005833765069479","-1.772636890411377","-0.9863044184497376","-4.682893816624777","6.025017738342285","35.09223812524531","-114.92580914331663","-101.56461242976613","-56.51108049227505","-268.3100516005098","345.2080878984695","guest","operator"
"2026-05-19T13:23:48.494Z","1779197028494","0.6124750971794128","-2.005833765069479","-1.772636890411377","-0.9863044184497376","-4.682893816624777","6.025017738342285","35.09223812524531","-114.92580914331663","-101.56461242976613","-56.51108049227505","-268.3100516005098","345.2080878984695","guest","operator"
"2026-05-19T13:23:48.696Z","1779197028696","0.6124750971794128","-2.005833765069479","-1.772636890411377","-0.9863044184497376","-4.682893816624777","6.025017738342285","35.09223812524531","-114.92580914331663","-101.56461242976613","-56.51108049227505","-268.3100516005098","345.2080878984695","guest","operator"
"2026-05-19T13:23:48.935Z","1779197028935","0.6124750971794128","-2.005833765069479","-1.772636890411377","-0.9863044184497376","-4.682893816624777","6.025017738342285","35.09223812524531","-114.92580914331663","-101.56461242976613","-56.51108049227505","-268.3100516005098","345.2080878984695","guest","operator"
"2026-05-19T13:23:49.269Z","1779197029269","0.6124750971794128","-2.005833765069479","-1.772636890411377","-0.9863044184497376","-4.682893816624777","6.025017738342285","35.09223812524531","-114.92580914331663","-101.56461242976613","-56.51108049227505","-268.3100516005098","345.2080878984695","guest","operator"
"2026-05-19T13:23:49.489Z","1779197029489","0.6124750971794128","-2.005833765069479","-1.772636890411377","-0.9863044184497376","-4.682893816624777","6.025017738342285","35.09223812524531","-114.92580914331663","-101.56461242976613","-56.51108049227505","-268.3100516005098","345.2080878984695","guest","operator"
"2026-05-19T13:23:49.694Z","1779197029694","0.6124750971794128","-2.005833765069479","-1.772636890411377","-0.9863044184497376","-4.682893816624777","6.025017738342285","35.09223812524531","-114.92580914331663","-101.56461242976613","-56.51108049227505","-268.3100516005098","345.2080878984695","guest","operator"
"2026-05-19T13:23:49.909Z","1779197029909","0.6124750971794128","-2.005833765069479","-1.772636890411377","-0.9863044184497376","-4.682893816624777","6.025017738342285","35.09223812524531","-114.92580914331663","-101.56461242976613","-56.51108049227505","-268.3100516005098","345.2080878984695","guest","operator"
"2026-05-19T13:23:50.126Z","1779197030126","0.6124750971794128","-2.005833765069479","-1.772636890411377","-0.9863044184497376","-4.682893816624777","6.025017738342285","35.09223812524531","-114.92580914331663","-101.56461242976613","-56.51108049227505","-268.3100516005098","345.2080878984695","guest","operator"
"2026-05-19T13:23:50.381Z","1779197030381","0.6124750971794128","-2.005833765069479","-1.772636890411377","-0.9863044184497376","-4.682893816624777","6.025017738342285","35.09223812524531","-114.92580914331663","-101.56461242976613","-56.51108049227505","-268.3100516005098","345.2080878984695","guest","operator"
"2026-05-19T13:23:50.673Z","1779197030673","0.6124750971794128","-2.005833765069479","-1.772636890411377","-0.9863044184497376","-4.682893816624777","6.025017738342285","35.09223812524531","-114.92580914331663","-101.56461242976613","-56.51108049227505","-268.3100516005098","345.2080878984695","guest","operator"
"2026-05-19T13:23:50.915Z","1779197030915","0.6124750971794128","-2.005833765069479","-1.772636890411377","-0.9863044184497376","-4.682893816624777","6.025017738342285","35.09223812524531","-114.92580914331663","-101.56461242976613","-56.51108049227505","-268.3100516005098","345.2080878984695","guest","operator"
"2026-05-19T13:23:51.135Z","1779197031135","0.6124750971794128","-2.005833765069479","-1.772636890411377","-0.9863044184497376","-4.682893816624777","6.025017738342285","35.09223812524531","-114.92580914331663","-101.56461242976613","-56.51108049227505","-268.3100516005098","345.2080878984695","guest","operator"
"2026-05-19T13:23:51.407Z","1779197031407","0.6124750971794128","-2.005833765069479","-1.772636890411377","-0.9863044184497376","-4.682893816624777","6.025017738342285","35.09223812524531","-114.92580914331663","-101.56461242976613","-56.51108049227505","-268.3100516005098","345.2080878984695","guest","operator"
"2026-05-19T13:23:51.652Z","1779197031652","0.6124750971794128","-2.005833765069479","-1.772636890411377","-0.9863044184497376","-4.682893816624777","6.025017738342285","35.09223812524531","-114.92580914331663","-101.56461242976613","-56.51108049227505","-268.3100516005098","345.2080878984695","guest","operator"
"2026-05-19T13:23:51.928Z","1779197031928","0.6124750971794128","-2.005833765069479","-1.772636890411377","-0.9863044184497376","-4.682893816624777","6.025017738342285","35.09223812524531","-114.92580914331663","-101.56461242976613","-56.51108049227505","-268.3100516005098","345.2080878984695","guest","operator"
"2026-05-19T13:23:52.152Z","1779197032152","0.6124750971794128","-2.005833765069479","-1.772636890411377","-0.9863044184497376","-4.682893816624777","6.025017738342285","35.09223812524531","-114.92580914331663","-101.56461242976613","-56.51108049227505","-268.3100516005098","345.2080878984695","guest","operator"
"2026-05-19T13:23:52.396Z","1779197032396","0.6124750971794128","-2.005833765069479","-1.772636890411377","-0.9863044184497376","-4.682893816624777","6.025017738342285","35.09223812524531","-114.92580914331663","-101.56461242976613","-56.51108049227505","-268.3100516005098","345.2080878984695","guest","operator"
"2026-05-19T13:23:52.612Z","1779197032612","0.6124750971794128","-2.005833765069479","-1.772636890411377","-0.9863044184497376","-4.682893816624777","6.025017738342285","35.09223812524531","-114.92580914331663","-101.56461242976613","-56.51108049227505","-268.3100516005098","345.2080878984695","guest","operator"
"2026-05-19T13:23:52.835Z","1779197032835","0.6124750971794128","-2.005833765069479","-1.772636890411377","-0.9863044184497376","-4.682893816624777","6.025017738342285","35.09223812524531","-114.92580914331663","-101.56461242976613","-56.51108049227505","-268.3100516005098","345.2080878984695","guest","operator"
"2026-05-19T13:23:53.252Z","1779197033252","0.6124750971794128","-2.005833765069479","-1.772636890411377","-0.9863044184497376","-4.682893816624777","6.025017738342285","35.09223812524531","-114.92580914331663","-101.56461242976613","-56.51108049227505","-268.3100516005098","345.2080878984695","guest","operator"
"2026-05-19T13:23:53.491Z","1779197033491","0.6124750971794128","-2.005833765069479","-1.772636890411377","-0.9863044184497376","-4.682893816624777","6.025017738342285","35.09223812524531","-114.92580914331663","-101.56461242976613","-56.51108049227505","-268.3100516005098","345.2080878984695","guest","operator"
"2026-05-19T13:23:53.706Z","1779197033706","0.6124750971794128","-2.005833765069479","-1.772636890411377","-0.9863044184497376","-4.682893816624777","6.025017738342285","35.09223812524531","-114.92580914331663","-101.56461242976613","-56.51108049227505","-268.3100516005098","345.2080878984695","guest","operator"
"2026-05-19T13:23:53.906Z","1779197033906","0.6124750971794128","-2.005833765069479","-1.772636890411377","-0.9863044184497376","-4.682893816624777","6.025017738342285","35.09223812524531","-114.92580914331663","-101.56461242976613","-56.51108049227505","-268.3100516005098","345.2080878984695","guest","operator"
"2026-05-19T13:23:54.193Z","1779197034193","0.6124750971794128","-2.005833765069479","-1.772636890411377","-0.9863044184497376","-4.682893816624777","6.025017738342285","35.09223812524531","-114.92580914331663","-101.56461242976613","-56.51108049227505","-268.3100516005098","345.2080878984695","guest","operator"
"2026-05-19T13:23:54.485Z","1779197034485","0.6124750971794128","-2.005833765069479","-1.772636890411377","-0.9863044184497376","-4.682893816624777","6.025017738342285","35.09223812524531","-114.92580914331663","-101.56461242976613","-56.51108049227505","-268.3100516005098","345.2080878984695","guest","operator"
"2026-05-19T13:23:54.779Z","1779197034779","0.6124750971794128","-2.005833765069479","-1.772636890411377","-0.9863044184497376","-4.682893816624777","6.025017738342285","35.09223812524531","-114.92580914331663","-101.56461242976613","-56.51108049227505","-268.3100516005098","345.2080878984695","guest","operator"
"2026-05-19T13:23:55.076Z","1779197035076","0.7598133087158203","-2.4026628933348597","-1.0889225006103516","-1.2689724129489441","-4.675387446080343","6.171616554260254","43.534095807287194","-137.66244338077857","-62.39066350180495","-72.70676358050675","-267.87996824885244","353.6075813321844","guest","operator"
"2026-05-19T13:23:55.374Z","1779197035374","0.7586877942085266","-2.4010526142516078","-1.092015027999878","-1.2675303679755707","-4.6753696838962","6.170469760894775","43.469608576238514","-137.57018118547003","-62.56785226925343","-72.6241404896644","-267.8789505506661","353.5418749123688","guest","operator"
"2026-05-19T13:23:55.649Z","1779197035649","0.7575802803039551","-2.3993689022459925","-1.0951417684555054","-1.2662424606135865","-4.675429288540975","6.1694016456604","43.406152703754515","-137.47371159363277","-62.74700130099369","-72.55034883341888","-267.88236564525107","353.48067641740556","guest","operator"
"2026-05-19T13:23:55.948Z","1779197035948","0.7564517259597778","-2.397674699822897","-1.0982266664505005","-1.264801786547043","-4.67543596426119","6.168264389038086","43.341491302882005","-137.37664094514855","-62.923752936335276","-72.46780428975198","-267.8827481358446","353.4155164127236","guest","operator"
"2026-05-19T13:23:56.148Z","1779197036148","0.75555819272995","-2.3962871036925257","-1.1007564067840576","-1.2637297374061127","-4.675513331090109","6.1673665046691895","43.29029561995817","-137.2971375432096","-63.06869638071212","-72.40638039854605","-267.8871809286159","353.36407142789506","guest","operator"
"2026-05-19T13:23:56.359Z","1779197036359","0.7544642090797424","-2.3947459659972132","-1.103764295578003","-1.2624456745437165","-4.6755526701556605","6.166354179382324","43.227614973944966","-137.20883685761967","-63.24103571384988","-72.33280901590126","-267.8894348910421","353.3060694614633","guest","operator"
"2026-05-19T13:23:56.660Z","1779197036660","0.7528805732727051","-2.3922702274718226","-1.108249545097351","-1.260423169737198","-4.675705734883444","6.164705753326416","43.13687932591593","-137.06698748893686","-63.49802158137161","-72.21692802644283","-267.89820485393636","353.2116216056204","guest","operator"
"2026-05-19T13:23:56.861Z","1779197036861","0.7512309551239014","-2.390012403527731","-1.1123783588409424","-1.2585324209979554","-4.675715510045187","6.163120746612549","43.042363168181296","-136.9376237060568","-63.734585183275","-72.10859610356455","-267.8987649294483","353.1208074104159","guest","operator"
"2026-05-19T13:23:57.142Z","1779197037142","0.7483726143836975","-2.3856803379454554","-1.1200318336486816","-1.2550875705531617","-4.675847117100851","6.160232067108154","42.878592307357316","-136.68941463161855","-64.17309698836816","-71.9112207120241","-267.90630545829197","352.95529826644815","guest","operator"
"2026-05-19T13:23:57.343Z","1779197037343","0.7452727556228638","-2.381322523156637","-1.1282951831817627","-1.2514557403377076","-4.676044050847189","6.157185077667236","42.70098348327489","-136.43973023631955","-64.6465520412551","-71.7031321687705","-267.91758893080083","352.78071863126263","guest","operator"
"2026-05-19T13:23:57.547Z","1779197037547","0.7419018745422363","-2.3766008816161097","-1.136988639831543","-1.2476374965957184","-4.676214996968405","6.153824329376221","42.50784622411444","-136.1692001036737","-65.14465041666746","-71.48436291720228","-267.92738342207065","352.58816193818166","guest","operator"
"2026-05-19T13:23:57.848Z","1779197037848","0.7370010018348694","-2.369842668572897","-1.1493099927902222","-1.242212103014328","-4.676381293927328","6.1489176750183105","42.227046902051455","-135.78198301924732","-65.8506119390908","-71.17351076279124","-267.9369115359628","352.3070313519439","guest","operator"
"2026-05-19T13:23:58.160Z","1779197038160","0.7319758534431458","-2.3630839786925257","-1.1616909503936768","-1.236683116560318","-4.676620904599325","6.143880844116211","41.93912710777874","-135.3947386140643","-66.55998855609916","-70.85672317399147","-267.95064021619453","352.01844219913255","guest","operator"
"2026-05-19T13:23:58.420Z","1779197038420","0.7272465229034424","-2.3567968807616175","-1.1732513904571533","-1.2316715282252808","-4.676877204571859","6.139146327972412","41.66815642793141","-135.03451443723782","-67.22235298105032","-70.56958031373684","-267.9653251229101","351.7471744060563","guest","operator"
"2026-05-19T13:23:58.623Z","1779197038623","0.7238654494285583","-2.3525124988951625","-1.1809831857681274","-1.228197531109192","-4.677080217991964","6.1357903480529785","41.474435187596924","-134.78903743846755","-67.66535222042818","-70.37053494094432","-267.9769569350666","351.5548909205421","guest","operator"
"2026-05-19T13:23:58.923Z","1779197038923","0.7187538146972656","-2.346161504785055","-1.1924711465835571","-1.2232201558402558","-4.677258674298422","6.130796432495117","41.18156009108136","-134.42515228024595","-68.32356389036396","-70.08535234498149","-267.9871817282541","351.26876063583194","guest","operator"
"2026-05-19T13:23:59.223Z","1779197039223","0.7136016488075256","-2.3396884403624476","-1.2042641639709473","-1.2181511682322999","-4.677582565938131","6.125610828399658","40.886362730247996","-134.05427300831425","-68.99925401438581","-69.7949207486415","-268.00573935222906","350.97164740693637","guest","operator"
"2026-05-19T13:23:59.518Z","1779197039518","0.7083689570426941","-2.3334490261473597","-1.2153958082199097","-1.2132241290858765","-4.677904550229208","6.120357036590576","40.586551576630285","-133.69678090715578","-69.63705024889244","-69.5126222000557","-268.0241876931772","350.6706273098356","guest","operator"
"2026-05-19T13:23:59.724Z","1779197039724","0.7049447894096375","-2.329391141931051","-1.2228755950927734","-1.2100472909263154","-4.678039137517111","6.116949558258057","40.39036122291084","-133.46428126780856","-70.06561046836488","-69.33060278131674","-268.0318989767502","350.47539318259993","guest","operator"
"2026-05-19T13:23:59.992Z","1779197039992","0.6999077796936035","-2.3234883747496546","-1.233575463294983","-1.205486760740616","-4.678343121205465","6.111870765686035","40.1017618248157","-133.1260776208662","-70.67866775769772","-69.06930364933415","-268.0493159591337","350.1843998032007","guest","operator"
"2026-05-19T13:24:00.212Z","1779197040212","0.6964970827102661","-2.31967892269277","-1.2403807640075684","-1.2024997037700196","-4.678458277379171","6.108555316925049","39.90634328247247","-132.90781209574928","-71.06858276684623","-68.89815789175384","-268.05591392187193","349.9944385820043","guest","operator"
"2026-05-19T13:24:00.480Z","1779197040480","0.6914556622505188","-2.314101358453268","-1.2502590417861938","-1.1982370179942627","-4.678749744092123","6.103580951690674","39.61749116737805","-132.58824120486273","-71.63456639241934","-68.65392398741253","-268.07261373439263","349.709428448318","guest","operator"
"2026-05-19T13:24:00.681Z","1779197040681","0.6879397034645081","-2.310230871240133","-1.2572362422943115","-1.1952316922000428","-4.678908650075094","6.10003662109375","39.41604156799769","-132.36647862289075","-72.03433053435101","-68.48173150334192","-268.08171837655624","349.5063532639152","guest","operator"
"2026-05-19T13:24:00.980Z","1779197040980","0.6825578212738037","-2.3045083485045375","-1.2676987648010254","-1.1908567708781739","-4.679212037717001","6.094647407531738","39.10768243263371","-132.03860222197346","-72.63378891704636","-68.23106697589704","-268.09910120799395","349.19757407191724","guest","operator"
"2026-05-19T13:24:01.180Z","1779197041180","0.6789276599884033","-2.3007084331908167","-1.2744529247283936","-1.187986509209015","-4.679344121609823","6.091020107269287","38.89968951202848","-131.82088311199013","-73.02077377504094","-68.06661309615606","-268.10666905759433","348.9897450758521","guest","operator"
"2026-05-19T13:24:01.381Z","1779197041381","0.6753226518630981","-2.2969824276366175","-1.2811180353164673","-1.1850611132434388","-4.679526988659994","6.087376117706299","38.69313776133812","-131.6073987192922","-73.40265648172553","-67.89900025392394","-268.1171465677811","348.78095985330316","guest","operator"
"2026-05-19T13:24:01.581Z","1779197041581","0.6715754866600037","-2.293156763116354","-1.2878975868225098","-1.182172791366913","-4.679767195378439","6.083641529083252","38.47844101006253","-131.38820428844818","-73.79109617001332","-67.73351160052371","-268.1309093989587","348.566983686985","guest","operator"
"2026-05-19T13:24:01.782Z","1779197041782","0.6679302453994751","-2.28947176555776","-1.2946206331253052","-1.1794326168349762","-4.679902378712789","6.080006122589111","38.269584070527294","-131.17706948082474","-74.17629834863453","-67.5765111647145","-268.13865483347746","348.3586902380563","guest","operator"
"2026-05-19T13:24:01.991Z","1779197041991","0.6642202734947205","-2.285900732079977","-1.300941824913025","-1.1766386491111298","-4.680181805287496","6.076395511627197","38.05701833827274","-130.97246433404783","-74.53847595956363","-67.41642860604233","-268.154664796892","348.151817468475","guest","operator"
"2026-05-19T13:24:02.271Z","1779197042271","0.6590065956115723","-2.2808405361571253","-1.3096864223480225","-1.1728826326182862","-4.680334989224569","6.071175575256348","37.75829659982765","-130.68253646415914","-75.03950448612991","-67.20122471322085","-268.16344158997543","347.85273714509844","guest","operator"
"2026-05-19T13:24:02.539Z","1779197042539","0.6537498831748962","-2.2758990726866664","-1.318575143814087","-1.1692348283580323","-4.6806597153293055","6.065964221954346","37.457109163092184","-130.39941146268376","-75.54879071140275","-66.99222092461847","-268.1820470252746","347.55414859534216","guest","operator"
"2026-05-19T13:24:02.743Z","1779197042743","0.6498839855194092","-2.272304197350973","-1.3249561786651611","-1.166591302757599","-4.680881206189291","6.062084197998047","37.23560954340326","-130.19344027807284","-75.91439707729518","-66.84075806467885","-268.19473751675247","347.33183959823657","guest","operator"
"2026-05-19T13:24:03.027Z","1779197043027","0.644282877445221","-2.2671262226500453","-1.3340678215026855","-1.1627694529346009","-4.6811668316470545","6.056382179260254","36.91468969015562","-129.89676418128417","-76.43645575631594","-66.62178219988824","-268.2111026500038","347.0051379898565","guest","operator"
"2026-05-19T13:24:03.249Z","1779197043249","0.6403886079788208","-2.263676782647604","-1.3399896621704102","-1.160258726482727","-4.6813653151141565","6.052539348602295","36.691564485444225","-129.6991258274607","-76.7757522335255","-66.47792817068402","-268.2224749149719","346.784960011772","guest","operator"
"2026-05-19T13:24:03.521Z","1779197043521","0.6350130438804626","-2.2590843639769496","-1.3481425046920776","-1.1568721991828461","-4.681686226521627","6.047276496887207","36.383567350106254","-129.43599961987513","-77.24287570105183","-66.283894449195","-268.24086178421754","346.48342082029427","guest","operator"
"2026-05-19T13:24:03.724Z","1779197043724","0.630854606628418","-2.25563969234609","-1.354526400566101","-1.1543036860278626","-4.681890789662496","6.043165683746338","36.14530644619412","-129.23863447361845","-77.60864599148435","-66.13672948579061","-268.2525823888333","346.2478885769556","guest","operator"
"2026-05-19T13:24:04.024Z","1779197044024","0.6252166628837585","-2.250885149041647","-1.3628133535385132","-1.1508616668036957","-4.682193342839376","6.037571430206299","35.822276064492954","-128.96621920876166","-78.08345342182696","-65.93951631124295","-268.2699174089468","345.9273614595852","guest","operator"
"2026-05-19T13:24:04.324Z","1779197044324","0.6194475293159485","-2.24611296276235","-1.3709708452224731","-1.1474185150912781","-4.6824719349490564","6.03176212310791","35.491729059610186","-128.6927930759077","-78.55084326673094","-65.7422382498982","-268.2858795610371","345.59451268095216","guest","operator"
"2026-05-19T13:24:04.620Z","1779197044620","0.6135528683662415","-2.241420408288473","-1.3791435956954956","-1.1440572303584595","-4.6828319470035","6.025856018066406","35.15398986553139","-128.4239295094193","-79.01910737584866","-65.54965082096592","-268.30650673233055","345.256117788713","guest","operator"
"2026-05-19T13:24:04.826Z","1779197044826","0.6095700263977051","-2.2382408581175746","-1.3848457336425781","-1.141778514986374","-4.683018151913778","6.021848678588867","34.92578983026668","-128.24175470387672","-79.34581581441789","-65.41909004743384","-268.3171754878141","345.02651414957387","guest","operator"
"2026-05-19T13:24:05.130Z","1779197045130","0.6035534739494324","-2.233675619164938","-1.3929777145385742","-1.1384440225413819","-4.683329049740927","6.015827655792236","34.581066767761556","-127.98018577942193","-79.81174399883948","-65.22803770351753","-268.3349886211695","344.6815349549749","guest","operator"
"2026-05-19T13:24:05.420Z","1779197045420","0.5974881052970886","-2.2291041813292445","-1.4007316827774048","-1.1352320474437256","-4.6836926380740564","6.009790420532227","34.233546742791304","-127.71826168513027","-80.25601365340296","-65.04400508652071","-268.355820698138","344.33562685464875","guest","operator"
"2026-05-19T13:24:05.629Z","1779197045629","0.5934473276138306","-2.226225515405172","-1.4057745933532715","-1.1332381826690217","-4.683920447026388","6.005796909332275","34.00202723558996","-127.5533262770528","-80.544951145862","-64.92976505001037","-268.36887318964193","344.1068155174533","guest","operator"
"2026-05-19T13:24:05.929Z","1779197045929","0.5872980356216431","-2.2217780552306117","-1.4134876728057861","-1.1301544469645997","-4.684200112019674","5.999628067016602","33.64969875744403","-127.29850557949797","-80.98687804554017","-64.75308000901319","-268.38489681343475","343.7533668882835","guest","operator"
"2026-05-19T13:24:06.206Z","1779197046206","0.5815922021865845","-2.2177869282164515","-1.4204856157302856","-1.1273038250258942","-4.684506599103109","5.99393892288208","33.32277858301054","-127.06983084608595","-81.38783064038743","-64.58975140293796","-268.40245722979085","343.4274029403338","guest","operator"
"2026-05-19T13:24:06.410Z","1779197046410","0.5774524211883545","-2.2149845562376917","-1.4253449440002441","-1.1253630381873627","-4.684741918240682","5.989805698394775","33.085586603703504","-126.90926675907728","-81.66624964152466","-64.47855250815557","-268.4159400232125","343.1905866214311","guest","operator"
"2026-05-19T13:24:06.692Z","1779197046692","0.5715949535369873","-2.2110301456847132","-1.4320203065872192","-1.122688428764679","-4.6850555578814905","5.983951091766357","32.74997842864576","-126.68269572392963","-82.04871974447786","-64.32530867638988","-268.4339102509188","342.8551423709135","guest","operator"
"2026-05-19T13:24:06.986Z","1779197046986","0.5653618574142456","-2.2070471249022425","-1.4390047788619995","-1.1198586982539673","-4.685416285191671","5.977807521820068","32.392848327513306","-126.45448544338116","-82.44890052794891","-64.1631770609667","-268.4545784033472","342.5031417418477","guest","operator"
"2026-05-19T13:24:07.261Z","1779197047261","0.5595368146896362","-2.2033006153502406","-1.4454922676086426","-1.1172416073134919","-4.68575352827181","5.971884727478027","32.0590979639098","-126.239826258146","-82.82060625277018","-64.01322879547553","-268.4739010085092","342.1637906231248","guest","operator"
"2026-05-19T13:24:07.571Z","1779197047571","0.5552453994750977","-2.2005650005736292","-1.450196623802185","-1.115427480345108","-4.685950700436727","5.967649936676025","31.81321798397851","-126.08308707707255","-83.09014600798639","-63.909286976686275","-268.48519814139644","341.92115498304923","guest","operator"
"2026-05-19T13:24:07.821Z","1779197047821","0.5488331913948059","-2.1966902218260707","-1.4569298028945923","-1.1127417248538514","-4.686346952115194","5.961196422576904","31.44582552361811","-125.86107860829044","-83.47592875268705","-63.75540452223318","-268.5079016901975","341.5513958621414","guest","operator"
"2026-05-19T13:24:08.076Z","1779197048076","0.5426558256149292","-2.1930304966368617","-1.4630897045135498","-1.1102249187282105","-4.686694089566366","5.955098628997803","31.091888535922635","-125.65139180077105","-83.82886511766911","-63.611202153381285","-268.5277912010606","341.20201802571694","guest","operator"
"2026-05-19T13:24:08.289Z","1779197048289","0.5386194586753845","-2.190756937066549","-1.4669194221496582","-1.1086444121650239","-4.686941329632894","5.951165676116943","30.860621745720586","-125.52112643292057","-84.04829177494494","-63.52064579781796","-268.5419570133992","340.9766764246199","guest","operator"
"2026-05-19T13:24:08.593Z","1779197048593","0.5320048332214355","-2.187035223046774","-1.4735021591186523","-1.1061673623374482","-4.687257472668783","5.944533824920654","30.481631624149504","-125.30788792703278","-84.42545482091305","-63.37872129705427","-268.56007067507807","340.5966993407137","guest","operator"
"2026-05-19T13:24:08.903Z","1779197048903","0.5256311893463135","-2.1835109196104945","-1.4795260429382324","-1.1037978392890473","-4.687635723744528","5.938149929046631","30.116448729985603","-125.10596021441052","-84.77059794005214","-63.24295762692193","-268.58174286531454","340.2309290502812","guest","operator"
"2026-05-19T13:24:09.144Z","1779197049144","0.5213881731033325","-2.1812173328795375","-1.4834572076797485","-1.1022292238524933","-4.687933746968405","5.933892726898193","29.87334180685734","-124.97454737477948","-84.99583708831165","-63.15308258272831","-268.5988183382396","339.9870093346417","guest","operator"
"2026-05-19T13:24:09.417Z","1779197049417","0.5147704482078552","-2.1777082882323207","-1.4894061088562012","-1.0999162954143067","-4.688192192708151","5.9272332191467285","29.494174100367836","-124.77349392637097","-85.33668401846279","-63.02056154490443","-268.6136261883602","339.6054476468481","guest","operator"
"2026-05-19T13:24:09.724Z","1779197049724","0.5078784823417664","-2.1741825542845667","-1.4952735900878906","-1.0975728195956727","-4.688595120106832","5.920349597930908","29.09929354369272","-124.57148425147868","-85.67286592941082","-62.886290271105736","-268.6367122277548","339.2110452034149","guest","operator"
"2026-05-19T13:24:09.975Z","1779197049975","0.5013889074325562","-2.1710125408568324","-1.500722885131836","-1.0954791766456147","-4.688992921506063","5.913990020751953","28.72746829056098","-124.3898558610697","-85.98508753675044","-62.7663333662601","-268.65950456901516","338.84666827157304","guest","operator"
"2026-05-19T13:24:10.190Z","1779197050190","0.4974477291107178","-2.1690503559508265","-1.5039288997650146","-1.0941945773414155","-4.689236823712484","5.909952640533447","28.50165540641119","-124.2774309473313","-86.16877864428876","-62.69273124776404","-268.673479136057","338.61534342476307","guest","operator"
"2026-05-19T13:24:10.421Z","1779197050421","0.49291038513183594","-2.1669231853880824","-1.5076696872711182","-1.092832700615265","-4.689479176198141","5.905402660369873","28.241684746222163","-124.15555305178158","-86.38310998044376","-62.61470145913852","-268.68736491063964","338.35464876452204","guest","operator"
"2026-05-19T13:24:10.667Z","1779197050667","0.48606863617897034","-2.1636883221068324","-1.513060450553894","-1.0907157224467774","-4.6898409763919275","5.8985514640808105","27.849681406734913","-123.97020903846412","-86.69197796490091","-62.493407544762846","-268.7080945347706","337.96210413254306","guest","operator"
"2026-05-19T13:24:10.979Z","1779197050979","0.4792507290840149","-2.1606880627074183","-1.5182304382324219","-1.0887083870223542","-4.690245453511373","5.891845703125","27.459044105081666","-123.79830683743323","-86.9881964390152","-62.3783956968763","-268.7312693666245","337.5778923313515","guest","operator"
"2026-05-19T13:24:11.262Z","1779197051262","0.47323161363601685","-2.1581832371153773","-1.52264404296875","-1.0869961839965363","-4.690552417431967","5.8857951164245605","27.114174193509385","-123.65479090259292","-87.24107736284574","-62.2802936898274","-268.74885710373724","337.2312192498383","guest","operator"
"2026-05-19T13:24:11.472Z","1779197051472","0.46910256147384644","-2.1563788853087367","-1.5255203247070312","-1.085943416958191","-4.690828982983724","5.881685256958008","26.87759693122765","-123.55140915931561","-87.40587616713981","-62.219974581719725","-268.76470314261167","336.99574164801294","guest","operator"
"2026-05-19T13:24:11.727Z","1779197051727","0.4626306891441345","-2.1536699734129847","-1.5300790071487427","-1.0841747683337708","-4.691174689923422","5.875262260437012","26.50678596118766","-123.39619994061624","-87.66706943119027","-62.11863848009883","-268.78451069120473","336.62773105553265","guest","operator"
"2026-05-19T13:24:11.994Z","1779197051994","0.45613962411880493","-2.151060720483297","-1.5344769954681396","-1.082499699001648","-4.691534344349996","5.868701934814453","26.134875330691294","-123.246700760063","-87.91905560023955","-62.0226640769764","-268.80511737193063","336.2518520851285","guest","operator"
"2026-05-19T13:24:12.284Z","1779197052284","0.44947171211242676","-2.1485163174071253","-1.5387988090515137","-1.0808371764472504","-4.691962305699484","5.862094402313232","25.752832114561215","-123.10091720241826","-88.1666772784092","-61.92740855126411","-268.829637751051","335.8732683598131","guest","operator"
"2026-05-19T13:24:12.573Z","1779197052573","0.44265663623809814","-2.145881792108053","-1.5431160926818848","-1.079187588100769","-4.692337695752279","5.855367660522461","25.362357029900757","-122.94997002176098","-88.41403940939037","-61.83289410107677","-268.85114601674735","335.48785444532757","guest","operator"
"2026-05-19T13:24:12.860Z","1779197052860","0.4359937608242035","-2.1435004673399867","-1.5471901893615723","-1.0776614111712952","-4.692642394696371","5.848646640777588","24.98060238926311","-122.8135301629008","-88.64746795446473","-61.74545060422768","-268.8686039802659","335.1027683799223","guest","operator"
"2026-05-19T13:24:13.137Z","1779197053137","0.43100249767303467","-2.1417790851988734","-1.5500783920288086","-1.0765472215465088","-4.692973200474874","5.8436808586120605","24.69462407626197","-122.71490223128582","-88.8129497776758","-61.681612241150155","-268.8875577552127","334.81825001985624","guest","operator"
"2026-05-19T13:24:13.342Z","1779197053342","0.43097856640815735","-2.1417952976622523","-1.5500578880310059","-1.0765624803355713","-4.692989651356832","5.843612194061279","24.69325291578609","-122.71583113701294","-88.81177498513856","-61.68248650536391","-268.88850032131813","334.8143158308943","guest","operator"
"2026-05-19T13:24:13.558Z","1779197053558","0.4309382140636444","-2.1417752705016078","-1.550126552581787","-1.0765008491328736","-4.69301957288851","5.843600749969482","24.690940896752043","-122.71468366523237","-88.81570917410049","-61.67895529756302","-268.8902146987998","334.81366013273396","guest","operator"
"2026-05-19T13:24:13.826Z","1779197053826","0.43095168471336365","-2.141747137109274","-1.5501422882080078","-1.076509879236557","-4.693003122006552","5.843584060668945","24.691712708128254","-122.71307174058825","-88.81661075907093","-61.67947268439265","-268.8892721326944","334.8127039062502","guest","operator"
"2026-05-19T13:24:14.156Z","1779197054156","0.43094271421432495","-2.1417395077147425","-1.550130844116211","-1.0765851002982636","-4.693039361630575","5.843592166900635","24.69119873639321","-122.71263460848137","-88.81595506091061","-61.68378253375892","-268.8913485102021","334.8131683591137","guest","operator"
"2026-05-19T13:24:14.461Z","1779197054461","0.43097251653671265","-2.1417514286436976","-1.5500982999801636","-1.0765472811511536","-4.692985121403829","5.843555927276611","24.692906283685712","-122.71331762739837","-88.81409041926719","-61.68161565624474","-268.8882407741297","334.81109198160607","guest","operator"
"2026-05-19T13:24:14.670Z","1779197054670","0.4309591054916382","-2.1417142353453578","-1.5501513481140137","-1.0765069884112854","-4.692986790333883","5.843616485595703","24.692137887404087","-122.71118660837733","-88.81712985344785","-61.679307052305276","-268.8883363967781","334.8145617177044","guest","operator"
"2026-05-19T13:24:14.967Z","1779197054967","0.43092623353004456","-2.141747137109274","-1.5501353740692139","-1.076597051029541","-4.692998711262838","5.843592643737793","24.690254462740455","-122.71307174058825","-88.81621460809907","-61.68446726022322","-268.8890194156951","334.81319567987043","guest","operator"
"2026-05-19T13:24:15.250Z","1779197055250","0.4309679865837097","-2.1417395077147425","-1.5501185655593872","-1.0764721494964142","-4.693010632191793","5.843567371368408","24.692646736497252","-122.71263460848137","-88.8152515514261","-61.67731092952034","-268.8897024346121","334.81174767976637","guest","operator"
"2026-05-19T13:24:15.491Z","1779197055491","0.4309711456298828","-2.1417232952513636","-1.5501558780670166","-1.076563910847046","-4.693012181912557","5.8435516357421875","24.692827736510257","-122.71170570275424","-88.81738940063632","-61.682568467633956","-268.88979122707127","334.8108460947959","guest","operator"
"2026-05-19T13:24:15.750Z","1779197055750","0.4309471845626831","-2.1417514286436976","-1.5501353740692139","-1.0765516322902222","-4.692970458661215","5.843584060668945","24.691454868487085","-122.71331762739837","-88.81621460809907","-61.68186495814945","-268.8874006608618","334.8127039062502","guest","operator"
"2026-05-19T13:24:16.071Z","1779197056071","0.43096354603767395","-2.1417066059508265","-1.5501221418380737","-1.0765834611705323","-4.693036619816915","5.84360933303833","24.69239231195067","-122.71074947627045","-88.81545645710119","-61.68368861865784","-268.89119141585115","334.8141519063542","guest","operator"
"2026-05-19T13:24:16.353Z","1779197056353","0.4309428334236145","-2.141715189019674","-1.550094723701477","-1.0765382212451478","-4.693015042935507","5.843542098999023","24.69120556658238","-122.71124124989069","-88.8138855135921","-61.68109656186782","-268.8899551516114","334.8102996796623","guest","operator"
"2026-05-19T13:24:16.573Z","1779197056573","0.43096792697906494","-2.1417366466917933","-1.5500982999801636","-1.0764922958663483","-4.693039361630575","5.843616962432861","24.692643321402667","-122.71247068394129","-88.81409041926719","-61.67846523149007","-268.8913485102021","334.81458903846107","guest","operator"
"2026-05-19T13:24:16.821Z","1779197056821","0.4309888482093811","-2.1417533359923304","-1.550072431564331","-1.0765295189670105","-4.69295853773226","5.843600749969482","24.693842019602005","-122.71342691042508","-88.8126082682173","-61.68059795805841","-268.88671764194476","334.81366013273396","guest","operator"
"2026-05-19T13:24:17.823Z","1779197057823","0.4309219419956207","-2.141747137109274","-1.5500813722610474","-1.0765515726855774","-4.692989651356832","5.843626022338867","24.690008575930335","-122.71307174058825","-88.81312053240505","-61.68186154305486","-268.88850032131813","334.815108132838","guest","operator"
"2026-05-19T13:24:21.218Z","1779197061218","0.4309176802635193","-2.1417232952513636","-1.550126552581787","-1.0765265387347718","-4.692973200474874","5.8435750007629395","24.689764396667506","-122.71170570275424","-88.81570917410049","-61.68042720332916","-268.8875577552127","334.81218481187324","guest","operator"
"2026-05-19T13:24:21.546Z","1779197061546","0.430950403213501","-2.1416903934874476","-1.5501513481140137","-1.076551542883255","-4.692965928708212","5.843596458435059","24.691639283594675","-122.70982057054333","-88.81712985344785","-61.68185983550757","-268.88714111367335","334.81341424592387","guest","operator"
"2026-05-19T13:24:21.808Z","1779197061808","0.43093082308769226","-2.141752382318014","-1.5500982999801636","-1.0765126806548615","-4.692986790333883","5.8435797691345215","24.6905174250235","-122.71337226891173","-88.81409041926719","-61.67963319383814","-268.8883363967781","334.81245801944004","guest","operator"
"2026-05-19T13:24:22.089Z","1779197062089","0.4309754967689514","-2.1417066059508265","-1.5500562191009521","-1.0764889282039185","-4.692956868802206","5.8436055183410645","24.693077038414962","-122.71074947627045","-88.81167936249018","-61.67827227864602","-268.8866220192964","334.81393334030076","guest","operator"
"2026-05-19T13:24:22.309Z","1779197062309","0.43096062541007996","-2.1417066059508265","-1.5501424074172974","-1.0765472215465088","-4.692973200474874","5.84356689453125","24.692224972316005","-122.71074947627045","-88.8166175892601","-61.681612241150155","-268.8875577552127","334.8117203590097","guest","operator"
"2026-05-19T13:24:22.555Z","1779197062555","0.43093064427375793","-2.1417232952513636","-1.5501755475997925","-1.076559380894043","-4.692970458661215","5.843588829040527","24.690507179739747","-122.71170570275424","-88.81851638184936","-61.68230892044549","-268.8874006608618","334.81297711381694","guest","operator"
"2026-05-19T13:24:22.809Z","1779197062809","0.43100547790527344","-2.1417395077147425","-1.5501466989517212","-1.0765625101378937","-4.692973200474874","5.843609809875488","24.69479483099122","-122.71263460848137","-88.81686347607022","-61.68248821291121","-268.8875577552127","334.8141792271109","guest","operator"
"2026-05-19T13:24:23.162Z","1779197063162","0.4333696961402893","-2.138761659661764","-1.5548869371414185","-1.074598179464676","-4.692834798489706","5.846041202545166","24.830254557705498","-122.54201648301445","-89.08845911822661","-61.569940355767734","-268.8796279055863","334.9534877654225","guest","operator"
"2026-05-19T13:24:23.442Z","1779197063442","0.45792585611343384","-2.1133557758727015","-1.5976853370666504","-1.0569215577891846","-4.691464964543478","5.870711803436279","26.237218885214766","-121.08636656710134","-91.54062680385542","-60.55714453771262","-268.80114220183367","336.36700907453496","guest","operator"
"2026-05-19T13:24:23.673Z","1779197063673","0.48510733246803284","-2.086842199365133","-1.6416500806808472","-1.038881079559662","-4.689974848424093","5.897790431976318","27.79460276126793","-119.56725053342046","-94.05962106032362","-59.52350127476332","-268.71576483720855","337.9185002048817","guest","operator"
"2026-05-19T13:24:23.994Z","1779197063994","0.4979470670223236","-2.074978014031881","-1.6610151529312134","-1.0311104220202942","-4.68925661245455","5.910557746887207","28.53026536129708","-118.8874827864641","-95.16915797023552","-59.07827539371604","-268.6746129474592","338.65001346499","guest","operator"
"2026-05-19T13:24:24.236Z","1779197064236","0.5703571438789368","-2.014495988885397","-1.7583142518997192","-0.9927326005748291","-4.685285154973165","5.982799530029297","32.67905715939893","-115.42211800916644","-100.7439856915566","-56.87938819798423","-268.4470651952602","342.78916274353116","guest","operator"
"2026-05-19T13:24:24.460Z","1779197064460","0.5842529535293579","-2.00415100673818","-1.7753571271896362","-0.9862250846675416","-4.684516731892721","5.996884346008301","33.47522840528522","-114.82939419299274","-101.72047051643665","-56.5065350013824","-268.4030377958703","343.5961632543465","guest","operator"
"2026-05-19T13:24:24.720Z","1779197064720","0.5866115093231201","-2.002379079858297","-1.7778620719909668","-0.9851245445064087","-4.684372607861654","5.999237060546875","33.61036369801393","-114.72787026116967","-101.86399328146612","-56.443478694964845","-268.3947800971638","343.7309638678059","guest","operator"
"2026-05-19T13:24:25.085Z","1779197065085","0.586667001247406","-2.002343317071432","-1.7779936790466309","-0.9851156634143372","-4.68438429037203","5.999237060546875","33.61354315107257","-114.72582120441866","-101.87153381030981","-56.44296984587168","-268.3954494557024","343.7309638678059","guest","operator"
"2026-05-19T13:24:25.396Z","1779197065396","0.586704432964325","-2.002310415307516","-1.777989387512207","-0.9850994509509583","-4.684424583111898","5.999265670776367","33.61568783047195","-114.72393607220774","-101.8712879234997","-56.44204094014456","-268.3977580596419","343.73260311320666","guest","operator"
"2026-05-19T13:24:25.708Z","1779197065708","0.5866878628730774","-2.0022908649840296","-1.7779444456100464","-0.9851289552501221","-4.684367958699362","5.999279022216797","33.61473843417732","-114.72281592118385","-101.86871294218261","-56.44373141196414","-268.3945137197862","343.7333680943937","guest","operator"
"2026-05-19T13:24:26.015Z","1779197066015","0.586667001247406","-2.0022627315916957","-1.7780060768127441","-0.9851289552501221","-4.684391800557272","5.999281406402588","33.61354315107257","-114.72120399653973","-101.8722441499835","-56.44373141196414","-268.39587975762015","343.7335046981771","guest","operator"
"2026-05-19T13:24:26.244Z","1779197066244","0.5866923332214355","-2.0023070774474085","-1.7779487371444702","-0.9850961130908509","-4.684414331112997","5.999232292175293","33.61499456627119","-114.72374482691097","-101.86895882899273","-56.4418496948478","-268.3971706633733","343.7306906602391","guest","operator"
"2026-05-19T13:24:26.460Z","1779197066460","0.5867000222206116","-2.0022789440550746","-1.7779812812805176","-0.9851693671992798","-4.684400741253988","5.999203681945801","33.61543511347266","-114.72213290226685","-101.87082347063614","-56.44604684609277","-268.3963920218079","343.72905141483824","guest","operator"
"2026-05-19T13:24:26.818Z","1779197066818","0.5867043733596802","-2.002233167687887","-1.7779330015182495","-0.9851408761790772","-4.684355560933248","5.999232292175293","33.615684415377366","-114.71951010962557","-101.86805724402228","-56.44441443088114","-268.3938033801125","343.7306906602391","guest","operator"
"2026-05-19T13:24:27.055Z","1779197067055","0.5866999626159668","-2.0023323498167933","-1.7779206037521362","-0.98513217390094","-4.684388939534323","5.999257564544678","33.615431698378075","-114.72519282701502","-101.86734690434861","-56.44391582707173","-268.3957158330801","343.7321386603431","guest","operator"
"2026-05-19T13:24:27.317Z","1779197067317","0.586699903011322","-2.0022746525206507","-1.7779250144958496","-0.9851495188525696","-4.684363428746359","5.999241352081299","33.61542828328349","-114.72188701545673","-101.86759962134789","-56.44490961959596","-268.3942541725977","343.731209754616","guest","operator"
"2026-05-19T13:24:27.580Z","1779197067580","0.586650550365448","-2.002258440057272","-1.7779769897460938","-0.9851495188525696","-4.6843828598605555","5.999207019805908","33.612600584967105","-114.72095810972961","-101.87057758382602","-56.44490961959596","-268.3953674934324","343.729242660135","guest","operator"
"2026-05-19T13:24:27.813Z","1779197067813","0.5867043137550354","-2.002277990380758","-1.777974247932434","-0.9851649564555665","-4.684405390416281","5.999274730682373","33.615681000282784","-114.72207826075349","-101.87042048947511","-56.44579412909348","-268.3966583991855","343.73312220758356","guest","operator"
"2026-05-19T13:24:28.157Z","1779197068157","0.5866550207138062","-2.0023027859129847","-1.7779655456542969","-0.9851693671992798","-4.684337441121237","5.999248504638672","33.61285671706098","-114.72349894010085","-101.86992188566569","-56.44604684609277","-268.39276519135865","343.7316195659662","guest","operator"
"2026-05-19T13:24:28.398Z","1779197068398","0.5866789221763611","-2.0022713146605433","-1.777953028678894","-0.9851440948298951","-4.684359018002645","5.999228000640869","33.61422616998957","-114.72169577015997","-101.86920471580285","-56.44459884598873","-268.3940014555984","343.7304447734289","guest","operator"
"2026-05-19T13:24:28.653Z","1779197068653","0.5867249369621277","-2.002270360986227","-1.7779370546340942","-0.9851898711970826","-4.684354607258932","5.999228000640869","33.61686262300919","-114.72164112864661","-101.86828947045406","-56.44722163863001","-268.39374873859913","343.7304447734289","guest","operator"
"2026-05-19T13:24:28.973Z","1779197068973","0.586699903011322","-2.002270360986227","-1.777985692024231","-0.9851452869227906","-4.684396211300985","5.999269962310791","33.61542828328349","-114.72164112864661","-101.87107618763542","-56.44466714788042","-268.39613247461944","343.73284900001676","guest","operator"
"2026-05-19T13:24:29.228Z","1779197069228","0.5866671204566956","-2.002287527123922","-1.7780070304870605","-0.9851037424853821","-4.684424583111898","5.999256610870361","33.613549981261734","-114.72262467588709","-101.87229879149686","-56.44228682695468","-268.3977580596419","343.73208401882977","guest","operator"
"2026-05-19T13:24:29.446Z","1779197069446","0.5866627097129822","-2.002249856988424","-1.7779698371887207","-0.9851408761790772","-4.684387389813558","5.999290466308594","33.61329726426245","-114.72046633610937","-101.87016777247582","-56.44441443088114","-268.39562704062087","343.734023792554","guest","operator"
"2026-05-19T13:24:29.698Z","1779197069698","0.5866714715957642","-2.0022670231261195","-1.7779946327209473","-0.9851156038096924","-4.684424583111898","5.999257564544678","33.61379928316644","-114.72144988334985","-101.87158845182319","-56.44296643077709","-268.3977580596419","343.7321386603431","guest","operator"
"2026-05-19T13:24:29.922Z","1779197069922","0.5866997838020325","-2.0022789440550746","-1.7779980897903442","-0.9851783675006409","-4.6843465010272425","5.999248504638672","33.61542145309432","-114.72213290226685","-101.87178652730911","-56.44656252537511","-268.39328428573555","343.7316195659662","guest","operator"
"2026-05-19T13:24:30.228Z","1779197070228","0.5866550803184509","-2.0022388897337855","-1.7779325246810913","-0.9850992125323792","-4.684372607861654","5.999279022216797","33.61286013215557","-114.71983795870572","-101.86802992326561","-56.442027279766215","-268.3947800971638","343.7333680943937","guest","operator"
"2026-05-19T13:24:30.492Z","1779197070492","0.5866833925247192","-2.00225367168569","-1.7779618501663208","-0.9851616782001038","-4.684359018002645","5.999237060546875","33.614482302083445","-114.72068490216282","-101.86971014980142","-56.445606298891306","-268.3940014555984","343.7309638678059","guest","operator"
"2026-05-19T13:24:30.793Z","1779197070793","0.5867041349411011","-2.0023323498167933","-1.7780070304870605","-0.9851408761790772","-4.684400741253988","5.999253273010254","33.61567075499902","-114.72519282701502","-101.87229879149686","-56.44441443088114","-268.3963920218079","343.731892773533","guest","operator"
"2026-05-19T13:24:31.063Z","1779197071063","0.5866954326629639","-2.002232690850729","-1.777978777885437","-0.9851453465274354","-4.684375468884603","5.999228000640869","33.61517215118961","-114.71948278886889","-101.87068003666357","-56.44467056297501","-268.39494402170385","343.7304447734289","guest","operator"
"2026-05-19T13:24:31.498Z","1779197071498","0.5866714715957642","-2.0022369823851527","-1.7779812812805176","-0.9851035636714478","-4.6843947807895105","5.999253273010254","33.61379928316644","-114.71972867567901","-101.87082347063614","-56.442276581670924","-268.3960505123494","343.731892773533","guest","operator"
"2026-05-19T13:24:31.794Z","1779197071794","0.5866258144378662","-2.0023027859129847","-1.7779946327209473","-0.9851572674563904","-4.684372607861654","5.999298572540283","33.611183320714325","-114.72349894010085","-101.87158845182319","-56.445353581892014","-268.3947800971638","343.7344882454176","guest","operator"
"2026-05-19T13:24:31.998Z","1779197071998","0.5866507291793823","-2.002286573449606","-1.7779325246810913","-0.9850990933230896","-4.684421722088949","5.999253273010254","33.61261083025086","-114.72257003437373","-101.86802992326561","-56.44202044957704","-268.3975941351018","343.731892773533","guest","operator"
"2026-05-19T13:24:32.225Z","1779197072225","0.5866344571113586","-2.002244611779684","-1.7779529094696045","-0.9851318162730713","-4.684396211300985","5.999253273010254","33.611678509429154","-114.72016580778589","-101.86919788561367","-56.44389533650421","-268.39613247461944","343.731892773533","guest","operator"
"2026-05-19T13:24:32.571Z","1779197072571","0.5866804122924805","-2.002265592614645","-1.7779608964920044","-0.9851125639728089","-4.684396211300985","5.999211311340332","33.61431154735419","-114.72136792107982","-101.86965550828806","-56.44279226095326","-268.39613247461944","343.7294885469451","guest","operator"
"2026-05-19T13:24:32.885Z","1779197072885","0.5866639018058777","-2.0022951565184535","-1.7779698371887207","-0.9851783675006409","-4.684372607861654","5.9992995262146","33.613365566154144","-114.72306180799397","-101.87016777247582","-56.44656252537511","-268.3947800971638","343.73454288693097","guest","operator"
"2026-05-19T13:24:33.133Z","1779197073133","0.5866594314575195","-2.0022789440550746","-1.7779980897903442","-0.9851245445064087","-4.6843465010272425","5.999261379241943","33.61310943406027","-114.72213290226685","-101.87178652730911","-56.443478694964845","-268.39328428573555","343.7323572263965","guest","operator"
"2026-05-19T13:24:33.507Z","1779197073507","0.5866714119911194","-2.0022508106627406","-1.7779743671417236","-0.9851290148547669","-4.6844380537616175","5.999237060546875","33.613795868071854","-114.72052097762273","-101.87042731966427","-56.44373482705872","-268.3985298710181","343.7309638678059","guest","operator"
"2026-05-19T13:24:33.737Z","1779197073737","0.5866923332214355","-2.002298494378561","-1.777978777885437","-0.9851649564555665","-4.684375468884603","5.999248504638672","33.61499456627119","-114.72325305329073","-101.87068003666357","-56.44579412909348","-268.39494402170385","343.7316195659662","guest","operator"
"2026-05-19T13:24:33.977Z","1779197073977","0.5866878628730774","-2.0022713146605433","-1.7779440879821777","-0.9851113718799134","-4.684350911770956","5.999211311340332","33.61473843417732","-114.72169577015997","-101.86869245161509","-56.44272395906156","-268.39353700273483","343.7294885469451","guest","operator"
"2026-05-19T13:24:34.524Z","1779197074524","0.5867088437080383","-2.0023070774474085","-1.7779768705368042","-0.9851246637156983","-4.684387389813558","5.999237060546875","33.61594054747124","-114.72374482691097","-101.87057075363685","-56.44348552515402","-268.39562704062087","343.7309638678059","guest","operator"
"2026-05-19T13:24:34.904Z","1779197074904","0.5866459608078003","-2.0022908649840296","-1.7779698371887207","-0.9850875300220032","-4.684391800557272","5.999220371246338","33.61233762268406","-114.72281592118385","-101.87016777247582","-56.44135792122756","-268.39587975762015","343.73000764132206","guest","operator"
"2026-05-19T13:24:35.124Z","1779197075124","0.5866923332214355","-2.002324720422262","-1.7779619693756104","-0.9851942223361512","-4.684375468884603","5.999269962310791","33.61499456627119","-114.72475569490814","-101.8697169799906","-56.447470940534714","-268.39494402170385","343.73284900001676","guest","operator"
"2026-05-19T13:24:35.425Z","1779197075425","0.5866625308990479","-2.0022832355894984","-1.7779946327209473","-0.9851693075946351","-4.68440813222994","5.999229431152344","33.61328701897869","-114.72237878907697","-101.87158845182319","-56.44604343099819","-268.39681549353645","343.73052673569896","guest","operator"
"2026-05-19T13:24:35.645Z","1779197075645","0.5866743922233582","-2.002336164514059","-1.7779812812805176","-0.9851736587337037","-4.68433922926058","5.999265670776367","33.61396662280111","-114.72541139306846","-101.87082347063614","-56.44629273290289","-268.3928676441962","343.73260311320666","guest","operator"
"2026-05-19T13:24:37.131Z","1779197077131","0.5866339206695557","-2.002230306664938","-1.777961015701294","-0.9851657313159485","-4.684387389813558","5.99928617477417","33.611647773577886","-114.71934618508548","-101.86966233847724","-56.44583852532308","-268.39562704062087","343.7337779057439","guest","operator"
"2026-05-19T13:24:37.364Z","1779197077364","0.5866804718971252","-2.0023204288878382","-1.7780147790908813","-0.9851739567569275","-4.684367958699362","5.999241352081299","33.61431496244878","-114.72450980809802","-101.8727427537929","-56.446309808375815","-268.3945137197862","343.731209754616","guest","operator"
"2026-05-19T13:24:37.636Z","1779197077636","0.5866833925247192","-2.0022922954955042","-1.7779901027679443","-0.9851572078517457","-4.684405271206991","5.99924898147583","33.614482302083445","-114.7228978834539","-101.87132890463472","-56.445350166797425","-268.3966515689964","343.73164688672284","guest","operator"
"2026-05-19T13:24:37.942Z","1779197077942","0.5866833925247192","-2.0022746525206507","-1.7779812812805176","-0.9851200741580506","-4.684391800557272","5.999253273010254","33.614482302083445","-114.72188701545673","-101.87082347063614","-56.44322256287097","-268.39587975762015","343.731892773533","guest","operator"
"2026-05-19T13:24:38.181Z","1779197078181","0.5866744518280029","-2.0022641621031703","-1.777953028678894","-0.9850959342769166","-4.6843948999988","5.999257564544678","33.61397003789569","-114.72128595880977","-101.86920471580285","-56.44183944956404","-268.3960573425386","343.7321386603431","guest","operator"
"2026-05-19T13:24:38.484Z","1779197078484","0.5866744518280029","-2.0022641621031703","-1.777953028678894","-0.9850959342769166","-4.6843948999988","5.999257564544678","33.61397003789569","-114.72128595880977","-101.86920471580285","-56.44183944956404","-268.3960573425386","343.7321386603431","guest","operator"
"2026-05-19T13:24:38.727Z","1779197078727","0.5866744518280029","-2.0022641621031703","-1.777953028678894","-0.9850959342769166","-4.6843948999988","5.999257564544678","33.61397003789569","-114.72128595880977","-101.86920471580285","-56.44183944956404","-268.3960573425386","343.7321386603431","guest","operator"
"2026-05-19T13:24:38.960Z","1779197078960","0.5866744518280029","-2.0022641621031703","-1.777953028678894","-0.9850959342769166","-4.6843948999988","5.999257564544678","33.61397003789569","-114.72128595880977","-101.86920471580285","-56.44183944956404","-268.3960573425386","343.7321386603431","guest","operator"
"2026-05-19T13:24:39.163Z","1779197079163","0.5866744518280029","-2.0022641621031703","-1.777953028678894","-0.9850959342769166","-4.6843948999988","5.999257564544678","33.61397003789569","-114.72128595880977","-101.86920471580285","-56.44183944956404","-268.3960573425386","343.7321386603431","guest","operator"
"2026-05-19T13:24:39.397Z","1779197079397","0.5866744518280029","-2.0022641621031703","-1.777953028678894","-0.9850959342769166","-4.6843948999988","5.999257564544678","33.61397003789569","-114.72128595880977","-101.86920471580285","-56.44183944956404","-268.3960573425386","343.7321386603431","guest","operator"
"2026-05-19T13:24:39.679Z","1779197079679","0.5866744518280029","-2.0022641621031703","-1.777953028678894","-0.9850959342769166","-4.6843948999988","5.999257564544678","33.61397003789569","-114.72128595880977","-101.86920471580285","-56.44183944956404","-268.3960573425386","343.7321386603431","guest","operator"
"2026-05-19T13:24:39.919Z","1779197079919","0.5866744518280029","-2.0022641621031703","-1.777953028678894","-0.9850959342769166","-4.6843948999988","5.999257564544678","33.61397003789569","-114.72128595880977","-101.86920471580285","-56.44183944956404","-268.3960573425386","343.7321386603431","guest","operator"
"2026-05-19T13:24:40.135Z","1779197080135","0.5866744518280029","-2.0022641621031703","-1.777953028678894","-0.9850959342769166","-4.6843948999988","5.999257564544678","33.61397003789569","-114.72128595880977","-101.86920471580285","-56.44183944956404","-268.3960573425386","343.7321386603431","guest","operator"
"2026-05-19T13:24:40.336Z","1779197080336","0.5866744518280029","-2.0022641621031703","-1.777953028678894","-0.9850959342769166","-4.6843948999988","5.999257564544678","33.61397003789569","-114.72128595880977","-101.86920471580285","-56.44183944956404","-268.3960573425386","343.7321386603431","guest","operator"
"2026-05-19T13:24:40.565Z","1779197080565","0.5866744518280029","-2.0022641621031703","-1.777953028678894","-0.9850959342769166","-4.6843948999988","5.999257564544678","33.61397003789569","-114.72128595880977","-101.86920471580285","-56.44183944956404","-268.3960573425386","343.7321386603431","guest","operator"
"2026-05-19T13:24:40.902Z","1779197080902","0.5866744518280029","-2.0022641621031703","-1.777953028678894","-0.9850959342769166","-4.6843948999988","5.999257564544678","33.61397003789569","-114.72128595880977","-101.86920471580285","-56.44183944956404","-268.3960573425386","343.7321386603431","guest","operator"
"2026-05-19T13:24:41.129Z","1779197081129","0.5866744518280029","-2.0022641621031703","-1.777953028678894","-0.9850959342769166","-4.6843948999988","5.999257564544678","33.61397003789569","-114.72128595880977","-101.86920471580285","-56.44183944956404","-268.3960573425386","343.7321386603431","guest","operator"
"2026-05-19T13:24:41.381Z","1779197081381","0.5866744518280029","-2.0022641621031703","-1.777953028678894","-0.9850959342769166","-4.6843948999988","5.999257564544678","33.61397003789569","-114.72128595880977","-101.86920471580285","-56.44183944956404","-268.3960573425386","343.7321386603431","guest","operator"
"2026-05-19T13:24:41.659Z","1779197081659","0.5866744518280029","-2.0022641621031703","-1.777953028678894","-0.9850959342769166","-4.6843948999988","5.999257564544678","33.61397003789569","-114.72128595880977","-101.86920471580285","-56.44183944956404","-268.3960573425386","343.7321386603431","guest","operator"
"2026-05-19T13:24:41.960Z","1779197081960","0.5866744518280029","-2.0022641621031703","-1.777953028678894","-0.9850959342769166","-4.6843948999988","5.999257564544678","33.61397003789569","-114.72128595880977","-101.86920471580285","-56.44183944956404","-268.3960573425386","343.7321386603431","guest","operator"
"2026-05-19T13:24:42.294Z","1779197082294","0.5866744518280029","-2.0022641621031703","-1.777953028678894","-0.9850959342769166","-4.6843948999988","5.999257564544678","33.61397003789569","-114.72128595880977","-101.86920471580285","-56.44183944956404","-268.3960573425386","343.7321386603431","guest","operator"
"2026-05-19T13:24:42.557Z","1779197082557","0.5866744518280029","-2.0022641621031703","-1.777953028678894","-0.9850959342769166","-4.6843948999988","5.999257564544678","33.61397003789569","-114.72128595880977","-101.86920471580285","-56.44183944956404","-268.3960573425386","343.7321386603431","guest","operator"
"2026-05-19T13:24:42.854Z","1779197082854","0.5866744518280029","-2.0022641621031703","-1.777953028678894","-0.9850959342769166","-4.6843948999988","5.999257564544678","33.61397003789569","-114.72128595880977","-101.86920471580285","-56.44183944956404","-268.3960573425386","343.7321386603431","guest","operator"
"2026-05-19T13:24:43.063Z","1779197083063","0.5866744518280029","-2.0022641621031703","-1.777953028678894","-0.9850959342769166","-4.6843948999988","5.999257564544678","33.61397003789569","-114.72128595880977","-101.86920471580285","-56.44183944956404","-268.3960573425386","343.7321386603431","guest","operator"
"2026-05-19T13:24:43.314Z","1779197083314","0.5866744518280029","-2.0022641621031703","-1.777953028678894","-0.9850959342769166","-4.6843948999988","5.999257564544678","33.61397003789569","-114.72128595880977","-101.86920471580285","-56.44183944956404","-268.3960573425386","343.7321386603431","guest","operator"
"2026-05-19T13:24:43.643Z","1779197083643","0.5866744518280029","-2.0022641621031703","-1.777953028678894","-0.9850959342769166","-4.6843948999988","5.999257564544678","33.61397003789569","-114.72128595880977","-101.86920471580285","-56.44183944956404","-268.3960573425386","343.7321386603431","guest","operator"
"2026-05-19T13:24:43.917Z","1779197083917","0.5866744518280029","-2.0022641621031703","-1.777953028678894","-0.9850959342769166","-4.6843948999988","5.999257564544678","33.61397003789569","-114.72128595880977","-101.86920471580285","-56.44183944956404","-268.3960573425386","343.7321386603431","guest","operator"
"2026-05-19T13:24:44.192Z","1779197084192","0.5866744518280029","-2.0022641621031703","-1.777953028678894","-0.9850959342769166","-4.6843948999988","5.999257564544678","33.61397003789569","-114.72128595880977","-101.86920471580285","-56.44183944956404","-268.3960573425386","343.7321386603431","guest","operator"
"2026-05-19T13:24:44.488Z","1779197084488","0.5866744518280029","-2.0022641621031703","-1.777953028678894","-0.9850959342769166","-4.6843948999988","5.999257564544678","33.61397003789569","-114.72128595880977","-101.86920471580285","-56.44183944956404","-268.3960573425386","343.7321386603431","guest","operator"
"2026-05-19T13:24:44.809Z","1779197084809","0.5866744518280029","-2.0022641621031703","-1.777953028678894","-0.9850959342769166","-4.6843948999988","5.999257564544678","33.61397003789569","-114.72128595880977","-101.86920471580285","-56.44183944956404","-268.3960573425386","343.7321386603431","guest","operator"
"2026-05-19T13:24:45.159Z","1779197085159","0.5866744518280029","-2.0022641621031703","-1.777953028678894","-0.9850959342769166","-4.6843948999988","5.999257564544678","33.61397003789569","-114.72128595880977","-101.86920471580285","-56.44183944956404","-268.3960573425386","343.7321386603431","guest","operator"
"2026-05-19T13:24:45.410Z","1779197085410","0.5866744518280029","-2.0022641621031703","-1.777953028678894","-0.9850959342769166","-4.6843948999988","5.999257564544678","33.61397003789569","-114.72128595880977","-101.86920471580285","-56.44183944956404","-268.3960573425386","343.7321386603431","guest","operator"
"2026-05-19T13:24:45.659Z","1779197085659","0.5866744518280029","-2.0022641621031703","-1.777953028678894","-0.9850959342769166","-4.6843948999988","5.999257564544678","33.61397003789569","-114.72128595880977","-101.86920471580285","-56.44183944956404","-268.3960573425386","343.7321386603431","guest","operator"
"2026-05-19T13:24:45.997Z","1779197085997","0.5866744518280029","-2.0022641621031703","-1.777953028678894","-0.9850959342769166","-4.6843948999988","5.999257564544678","33.61397003789569","-114.72128595880977","-101.86920471580285","-56.44183944956404","-268.3960573425386","343.7321386603431","guest","operator"
"2026-05-19T13:24:46.261Z","1779197086261","0.5866744518280029","-2.0022641621031703","-1.777953028678894","-0.9850959342769166","-4.6843948999988","5.999257564544678","33.61397003789569","-114.72128595880977","-101.86920471580285","-56.44183944956404","-268.3960573425386","343.7321386603431","guest","operator"
"2026-05-19T13:24:46.562Z","1779197086562","0.5866744518280029","-2.0022641621031703","-1.777953028678894","-0.9850959342769166","-4.6843948999988","5.999257564544678","33.61397003789569","-114.72128595880977","-101.86920471580285","-56.44183944956404","-268.3960573425386","343.7321386603431","guest","operator"
"2026-05-19T13:24:46.850Z","1779197086850","0.5866744518280029","-2.0022641621031703","-1.777953028678894","-0.9850959342769166","-4.6843948999988","5.999257564544678","33.61397003789569","-114.72128595880977","-101.86920471580285","-56.44183944956404","-268.3960573425386","343.7321386603431","guest","operator"
"2026-05-19T13:24:47.077Z","1779197087077","0.5866744518280029","-2.0022641621031703","-1.777953028678894","-0.9850959342769166","-4.6843948999988","5.999257564544678","33.61397003789569","-114.72128595880977","-101.86920471580285","-56.44183944956404","-268.3960573425386","343.7321386603431","guest","operator"
"2026-05-19T13:24:47.515Z","1779197087515","0.5866744518280029","-2.0022641621031703","-1.777953028678894","-0.9850959342769166","-4.6843948999988","5.999257564544678","33.61397003789569","-114.72128595880977","-101.86920471580285","-56.44183944956404","-268.3960573425386","343.7321386603431","guest","operator"
"2026-05-19T13:24:47.731Z","1779197087731","0.5866744518280029","-2.0022641621031703","-1.777953028678894","-0.9850959342769166","-4.6843948999988","5.999257564544678","33.61397003789569","-114.72128595880977","-101.86920471580285","-56.44183944956404","-268.3960573425386","343.7321386603431","guest","operator"
"2026-05-19T13:24:47.959Z","1779197087959","0.5866744518280029","-2.0022641621031703","-1.777953028678894","-0.9850959342769166","-4.6843948999988","5.999257564544678","33.61397003789569","-114.72128595880977","-101.86920471580285","-56.44183944956404","-268.3960573425386","343.7321386603431","guest","operator"
"2026-05-19T13:24:48.201Z","1779197088201","0.5866744518280029","-2.0022641621031703","-1.777953028678894","-0.9850959342769166","-4.6843948999988","5.999257564544678","33.61397003789569","-114.72128595880977","-101.86920471580285","-56.44183944956404","-268.3960573425386","343.7321386603431","guest","operator"
"2026-05-19T13:24:48.428Z","1779197088428","0.5866744518280029","-2.0022641621031703","-1.777953028678894","-0.9850959342769166","-4.6843948999988","5.999257564544678","33.61397003789569","-114.72128595880977","-101.86920471580285","-56.44183944956404","-268.3960573425386","343.7321386603431","guest","operator"
"2026-05-19T13:24:48.691Z","1779197088691","0.5866744518280029","-2.0022641621031703","-1.777953028678894","-0.9850959342769166","-4.6843948999988","5.999257564544678","33.61397003789569","-114.72128595880977","-101.86920471580285","-56.44183944956404","-268.3960573425386","343.7321386603431","guest","operator"
"2026-05-19T13:24:48.912Z","1779197088912","0.5866744518280029","-2.0022641621031703","-1.777953028678894","-0.9850959342769166","-4.6843948999988","5.999257564544678","33.61397003789569","-114.72128595880977","-101.86920471580285","-56.44183944956404","-268.3960573425386","343.7321386603431","guest","operator"
"2026-05-19T13:24:49.246Z","1779197089246","0.5866744518280029","-2.0022641621031703","-1.777953028678894","-0.9850959342769166","-4.6843948999988","5.999257564544678","33.61397003789569","-114.72128595880977","-101.86920471580285","-56.44183944956404","-268.3960573425386","343.7321386603431","guest","operator"
"2026-05-19T13:24:49.558Z","1779197089558","0.5866744518280029","-2.0022641621031703","-1.777953028678894","-0.9850959342769166","-4.6843948999988","5.999257564544678","33.61397003789569","-114.72128595880977","-101.86920471580285","-56.44183944956404","-268.3960573425386","343.7321386603431","guest","operator"
"2026-05-19T13:24:49.837Z","1779197089837","0.5866744518280029","-2.0022641621031703","-1.777953028678894","-0.9850959342769166","-4.6843948999988","5.999257564544678","33.61397003789569","-114.72128595880977","-101.86920471580285","-56.44183944956404","-268.3960573425386","343.7321386603431","guest","operator"
"2026-05-19T13:24:50.063Z","1779197090063","0.5866744518280029","-2.0022641621031703","-1.777953028678894","-0.9850959342769166","-4.6843948999988","5.999257564544678","33.61397003789569","-114.72128595880977","-101.86920471580285","-56.44183944956404","-268.3960573425386","343.7321386603431","guest","operator"
"2026-05-19T13:24:50.364Z","1779197090364","0.5866744518280029","-2.0022641621031703","-1.777953028678894","-0.9850959342769166","-4.6843948999988","5.999257564544678","33.61397003789569","-114.72128595880977","-101.86920471580285","-56.44183944956404","-268.3960573425386","343.7321386603431","guest","operator"
"2026-05-19T13:24:50.575Z","1779197090575","0.5866744518280029","-2.0022641621031703","-1.777953028678894","-0.9850959342769166","-4.6843948999988","5.999257564544678","33.61397003789569","-114.72128595880977","-101.86920471580285","-56.44183944956404","-268.3960573425386","343.7321386603431","guest","operator"
"2026-05-19T13:24:50.815Z","1779197090815","0.5866744518280029","-2.0022641621031703","-1.777953028678894","-0.9850959342769166","-4.6843948999988","5.999257564544678","33.61397003789569","-114.72128595880977","-101.86920471580285","-56.44183944956404","-268.3960573425386","343.7321386603431","guest","operator"
"2026-05-19T13:24:51.078Z","1779197091078","0.5866744518280029","-2.0022641621031703","-1.777953028678894","-0.9850959342769166","-4.6843948999988","5.999257564544678","33.61397003789569","-114.72128595880977","-101.86920471580285","-56.44183944956404","-268.3960573425386","343.7321386603431","guest","operator"
"2026-05-19T13:24:51.283Z","1779197091283","0.5866744518280029","-2.0022641621031703","-1.777953028678894","-0.9850959342769166","-4.6843948999988","5.999257564544678","33.61397003789569","-114.72128595880977","-101.86920471580285","-56.44183944956404","-268.3960573425386","343.7321386603431","guest","operator"
"2026-05-19T13:24:51.492Z","1779197091492","0.5866744518280029","-2.0022641621031703","-1.777953028678894","-0.9850959342769166","-4.6843948999988","5.999257564544678","33.61397003789569","-114.72128595880977","-101.86920471580285","-56.44183944956404","-268.3960573425386","343.7321386603431","guest","operator"
"2026-05-19T13:24:51.726Z","1779197091726","0.5866744518280029","-2.0022641621031703","-1.777953028678894","-0.9850959342769166","-4.6843948999988","5.999257564544678","33.61397003789569","-114.72128595880977","-101.86920471580285","-56.44183944956404","-268.3960573425386","343.7321386603431","guest","operator"
"2026-05-19T13:24:51.954Z","1779197091954","0.5866744518280029","-2.0022641621031703","-1.777953028678894","-0.9850959342769166","-4.6843948999988","5.999257564544678","33.61397003789569","-114.72128595880977","-101.86920471580285","-56.44183944956404","-268.3960573425386","343.7321386603431","guest","operator"
"2026-05-19T13:24:52.204Z","1779197092204","0.5866744518280029","-2.0022641621031703","-1.777953028678894","-0.9850959342769166","-4.6843948999988","5.999257564544678","33.61397003789569","-114.72128595880977","-101.86920471580285","-56.44183944956404","-268.3960573425386","343.7321386603431","guest","operator"
"2026-05-19T13:24:52.548Z","1779197092548","0.5866744518280029","-2.0022641621031703","-1.777953028678894","-0.9850959342769166","-4.6843948999988","5.999257564544678","33.61397003789569","-114.72128595880977","-101.86920471580285","-56.44183944956404","-268.3960573425386","343.7321386603431","guest","operator"
"2026-05-19T13:24:52.822Z","1779197092822","0.5866744518280029","-2.0022641621031703","-1.777953028678894","-0.9850959342769166","-4.6843948999988","5.999257564544678","33.61397003789569","-114.72128595880977","-101.86920471580285","-56.44183944956404","-268.3960573425386","343.7321386603431","guest","operator"
"2026-05-19T13:24:53.057Z","1779197093057","0.5866744518280029","-2.0022641621031703","-1.777953028678894","-0.9850959342769166","-4.6843948999988","5.999257564544678","33.61397003789569","-114.72128595880977","-101.86920471580285","-56.44183944956404","-268.3960573425386","343.7321386603431","guest","operator"
"2026-05-19T13:24:53.308Z","1779197093308","0.5866744518280029","-2.0022641621031703","-1.777953028678894","-0.9850959342769166","-4.6843948999988","5.999257564544678","33.61397003789569","-114.72128595880977","-101.86920471580285","-56.44183944956404","-268.3960573425386","343.7321386603431","guest","operator"
"2026-05-19T13:24:53.588Z","1779197093588","0.5866744518280029","-2.0022641621031703","-1.777953028678894","-0.9850959342769166","-4.6843948999988","5.999257564544678","33.61397003789569","-114.72128595880977","-101.86920471580285","-56.44183944956404","-268.3960573425386","343.7321386603431","guest","operator"
"2026-05-19T13:24:53.803Z","1779197093803","0.5866744518280029","-2.0022641621031703","-1.777953028678894","-0.9850959342769166","-4.6843948999988","5.999257564544678","33.61397003789569","-114.72128595880977","-101.86920471580285","-56.44183944956404","-268.3960573425386","343.7321386603431","guest","operator"
"2026-05-19T13:24:54.088Z","1779197094088","0.5866744518280029","-2.0022641621031703","-1.777953028678894","-0.9850959342769166","-4.6843948999988","5.999257564544678","33.61397003789569","-114.72128595880977","-101.86920471580285","-56.44183944956404","-268.3960573425386","343.7321386603431","guest","operator"
"2026-05-19T13:24:59.635Z","1779197099635","0.5866744518280029","-2.0022641621031703","-1.777953028678894","-0.9850959342769166","-4.6843948999988","5.999257564544678","33.61397003789569","-114.72128595880977","-101.86920471580285","-56.44183944956404","-268.3960573425386","343.7321386603431","guest","operator"
"2026-05-19T13:25:03.215Z","1779197103215","0.5866744518280029","-2.0022641621031703","-1.777953028678894","-0.9850959342769166","-4.6843948999988","5.999257564544678","33.61397003789569","-114.72128595880977","-101.86920471580285","-56.44183944956404","-268.3960573425386","343.7321386603431","guest","operator"
"2026-05-19T13:25:03.517Z","1779197103517","0.5866744518280029","-2.0022641621031703","-1.777953028678894","-0.9850959342769166","-4.6843948999988","5.999257564544678","33.61397003789569","-114.72128595880977","-101.86920471580285","-56.44183944956404","-268.3960573425386","343.7321386603431","guest","observer"
"2026-05-19T13:25:03.737Z","1779197103737","0.5866744518280029","-2.0022641621031703","-1.777953028678894","-0.9850959342769166","-4.6843948999988","5.999257564544678","33.61397003789569","-114.72128595880977","-101.86920471580285","-56.44183944956404","-268.3960573425386","343.7321386603431","guest","observer"
"2026-05-19T13:25:04.007Z","1779197104007","0.5866744518280029","-2.0022641621031703","-1.777953028678894","-0.9850959342769166","-4.6843948999988","5.999257564544678","33.61397003789569","-114.72128595880977","-101.86920471580285","-56.44183944956404","-268.3960573425386","343.7321386603431","guest","observer"
"2026-05-19T13:25:04.238Z","1779197104238","0.5866744518280029","-2.0022641621031703","-1.777953028678894","-0.9850959342769166","-4.6843948999988","5.999257564544678","33.61397003789569","-114.72128595880977","-101.86920471580285","-56.44183944956404","-268.3960573425386","343.7321386603431","guest","observer"
"2026-05-19T13:25:04.451Z","1779197104451","0.5866744518280029","-2.0022641621031703","-1.777953028678894","-0.9850959342769166","-4.6843948999988","5.999257564544678","33.61397003789569","-114.72128595880977","-101.86920471580285","-56.44183944956404","-268.3960573425386","343.7321386603431","guest","observer"
"2026-05-19T13:25:04.730Z","1779197104730","0.5866744518280029","-2.0022641621031703","-1.777953028678894","-0.9850959342769166","-4.6843948999988","5.999257564544678","33.61397003789569","-114.72128595880977","-101.86920471580285","-56.44183944956404","-268.3960573425386","343.7321386603431","guest","observer"
"2026-05-19T13:25:04.944Z","1779197104944","0.5866744518280029","-2.0022641621031703","-1.777953028678894","-0.9850959342769166","-4.6843948999988","5.999257564544678","33.61397003789569","-114.72128595880977","-101.86920471580285","-56.44183944956404","-268.3960573425386","343.7321386603431","guest","observer"
"2026-05-19T13:25:05.225Z","1779197105225","0.5866744518280029","-2.0022641621031703","-1.777953028678894","-0.9850959342769166","-4.6843948999988","5.999257564544678","33.61397003789569","-114.72128595880977","-101.86920471580285","-56.44183944956404","-268.3960573425386","343.7321386603431","guest","observer"
"2026-05-19T13:25:05.443Z","1779197105443","0.5866744518280029","-2.0022641621031703","-1.777953028678894","-0.9850959342769166","-4.6843948999988","5.999257564544678","33.61397003789569","-114.72128595880977","-101.86920471580285","-56.44183944956404","-268.3960573425386","343.7321386603431","guest","observer"
"2026-05-19T13:25:05.793Z","1779197105793","0.5866744518280029","-2.0022641621031703","-1.777953028678894","-0.9850959342769166","-4.6843948999988","5.999257564544678","33.61397003789569","-114.72128595880977","-101.86920471580285","-56.44183944956404","-268.3960573425386","343.7321386603431","guest","observer"
"2026-05-19T13:25:06.048Z","1779197106048","0.5866744518280029","-2.0022641621031703","-1.777953028678894","-0.9850959342769166","-4.6843948999988","5.999257564544678","33.61397003789569","-114.72128595880977","-101.86920471580285","-56.44183944956404","-268.3960573425386","343.7321386603431","guest","observer"
"2026-05-19T13:25:06.324Z","1779197106324","0.5866744518280029","-2.0022641621031703","-1.777953028678894","-0.9850959342769166","-4.6843948999988","5.999257564544678","33.61397003789569","-114.72128595880977","-101.86920471580285","-56.44183944956404","-268.3960573425386","343.7321386603431","guest","observer"
"2026-05-19T13:25:06.639Z","1779197106639","0.5866744518280029","-2.0022641621031703","-1.777953028678894","-0.9850959342769166","-4.6843948999988","5.999257564544678","33.61397003789569","-114.72128595880977","-101.86920471580285","-56.44183944956404","-268.3960573425386","343.7321386603431","guest","observer"
"2026-05-19T13:25:06.930Z","1779197106930","0.5866744518280029","-2.0022641621031703","-1.777953028678894","-0.9850959342769166","-4.6843948999988","5.999257564544678","33.61397003789569","-114.72128595880977","-101.86920471580285","-56.44183944956404","-268.3960573425386","343.7321386603431","guest","observer"
"2026-05-19T13:25:07.164Z","1779197107164","0.5866744518280029","-2.0022641621031703","-1.777953028678894","-0.9850959342769166","-4.6843948999988","5.999257564544678","33.61397003789569","-114.72128595880977","-101.86920471580285","-56.44183944956404","-268.3960573425386","343.7321386603431","guest","observer"
"2026-05-19T13:25:07.532Z","1779197107532","0.5866744518280029","-2.0022641621031703","-1.777953028678894","-0.9850959342769166","-4.6843948999988","5.999257564544678","33.61397003789569","-114.72128595880977","-101.86920471580285","-56.44183944956404","-268.3960573425386","343.7321386603431","guest","observer"
"2026-05-19T13:25:07.741Z","1779197107741","0.5866744518280029","-2.0022641621031703","-1.777953028678894","-0.9850959342769166","-4.6843948999988","5.999257564544678","33.61397003789569","-114.72128595880977","-101.86920471580285","-56.44183944956404","-268.3960573425386","343.7321386603431","guest","observer"
"2026-05-19T13:25:08.086Z","1779197108086","0.5866744518280029","-2.0022641621031703","-1.777953028678894","-0.9850959342769166","-4.6843948999988","5.999257564544678","33.61397003789569","-114.72128595880977","-101.86920471580285","-56.44183944956404","-268.3960573425386","343.7321386603431","guest","observer"
"2026-05-19T13:25:08.319Z","1779197108319","0.5866744518280029","-2.0022641621031703","-1.777953028678894","-0.9850959342769166","-4.6843948999988","5.999257564544678","33.61397003789569","-114.72128595880977","-101.86920471580285","-56.44183944956404","-268.3960573425386","343.7321386603431","guest","observer"
"2026-05-19T13:25:08.562Z","1779197108562","0.5866744518280029","-2.0022641621031703","-1.777953028678894","-0.9850959342769166","-4.6843948999988","5.999257564544678","33.61397003789569","-114.72128595880977","-101.86920471580285","-56.44183944956404","-268.3960573425386","343.7321386603431","guest","observer"
"2026-05-19T13:25:08.803Z","1779197108803","0.5866744518280029","-2.0022641621031703","-1.777953028678894","-0.9850959342769166","-4.6843948999988","5.999257564544678","33.61397003789569","-114.72128595880977","-101.86920471580285","-56.44183944956404","-268.3960573425386","343.7321386603431","guest","observer"
"2026-05-19T13:25:09.150Z","1779197109150","0.5866744518280029","-2.0022641621031703","-1.777953028678894","-0.9850959342769166","-4.6843948999988","5.999257564544678","33.61397003789569","-114.72128595880977","-101.86920471580285","-56.44183944956404","-268.3960573425386","343.7321386603431","guest","observer"
"2026-05-19T13:25:09.402Z","1779197109402","0.5866744518280029","-2.0022641621031703","-1.777953028678894","-0.9850959342769166","-4.6843948999988","5.999257564544678","33.61397003789569","-114.72128595880977","-101.86920471580285","-56.44183944956404","-268.3960573425386","343.7321386603431","guest","observer"
"2026-05-19T13:25:09.608Z","1779197109608","0.5866744518280029","-2.0022641621031703","-1.777953028678894","-0.9850959342769166","-4.6843948999988","5.999257564544678","33.61397003789569","-114.72128595880977","-101.86920471580285","-56.44183944956404","-268.3960573425386","343.7321386603431","guest","observer"
"2026-05-19T13:25:09.815Z","1779197109815","0.5866744518280029","-2.0022641621031703","-1.777953028678894","-0.9850959342769166","-4.6843948999988","5.999257564544678","33.61397003789569","-114.72128595880977","-101.86920471580285","-56.44183944956404","-268.3960573425386","343.7321386603431","guest","observer"
"2026-05-19T13:25:10.061Z","1779197110061","0.5866744518280029","-2.0022641621031703","-1.777953028678894","-0.9850959342769166","-4.6843948999988","5.999257564544678","33.61397003789569","-114.72128595880977","-101.86920471580285","-56.44183944956404","-268.3960573425386","343.7321386603431","guest","observer"
"2026-05-19T13:25:10.305Z","1779197110305","0.5866583585739136","-2.0022832355894984","-1.7779487371444702","-0.9851200741580506","-4.684388939534323","5.99926233291626","33.61304796235774","-114.72237878907697","-101.86895882899273","-56.44322256287097","-268.3957158330801","343.7324118679099","guest","observer"
"2026-05-19T13:25:10.639Z","1779197110639","0.5866671204566956","-2.0023161373534144","-1.7779444456100464","-0.9851201337626954","-4.684359018002645","5.999211311340332","33.613549981261734","-114.7242639212879","-101.86871294218261","-56.443225977965554","-268.3940014555984","343.7294885469451","guest","observer"
"2026-05-19T13:25:10.952Z","1779197110952","0.586707353591919","-2.0022999248900355","-1.777961254119873","-0.9851082128337403","-4.684388939534323","5.999237060546875","33.61585517010661","-114.72333501556078","-101.86967599885557","-56.44254295904855","-268.3957158330801","343.7309638678059","guest","observer"
"2026-05-19T13:25:11.223Z","1779197111223","0.586662769317627","-2.0022698841490687","-1.7779487371444702","-0.9851365250400086","-4.68438154855837","5.999223232269287","33.61330067935703","-114.72161380788994","-101.86895882899273","-56.44416512897643","-268.39529236135155","343.7301715658621","guest","observer"
"2026-05-19T13:25:11.463Z","1779197111463","0.5866671204566956","-2.0023161373534144","-1.7779574394226074","-0.9851365250400086","-4.684449855481283","5.999257564544678","33.613549981261734","-114.7242639212879","-101.86945743280214","-56.44416512897643","-268.39920605974595","343.7321386603431","guest","observer"
"2026-05-19T13:25:11.713Z","1779197111713","0.5866671800613403","-2.0022994480528773","-1.7779459953308105","-0.9851856392673035","-4.68444544473757","5.999241352081299","33.61355339635632","-114.72330769480409","-101.86880173464182","-56.446979166914474","-268.39895334274667","343.731209754616","guest","observer"
"2026-05-19T13:25:12.058Z","1779197112058","0.5866833925247192","-2.0023280582823695","-1.777985692024231","-0.9850962323001404","-4.6843724886523646","5.999228000640869","33.614482302083445","-114.7249469402049","-101.87107618763542","-56.44185652503697","-268.3947732669746","343.7304447734289","guest","observer"
"2026-05-19T13:25:12.313Z","1779197112313","0.5866758227348328","-2.0022832355894984","-1.7779415845870972","-0.9851278227618714","-4.684438172970907","5.999232292175293","33.614048585071146","-114.72237878907697","-101.86854901764252","-56.44366652516702","-268.3985367012073","343.7306906602391","guest","observer"
"2026-05-19T13:25:12.545Z","1779197112545","0.5867117047309875","-2.0022465191283167","-1.7779202461242676","-0.9851614397815247","-4.684426132832662","5.999228000640869","33.61610447201132","-114.7202750908126","-101.86732641378109","-56.44559263851296","-268.3978468521011","343.7304447734289","guest","observer"
"2026-05-19T13:25:12.793Z","1779197112793","0.5867041349411011","-2.0022908649840296","-1.7780070304870605","-0.98513217390094","-4.6843709389316","5.999220371246338","33.61567075499902","-114.72281592118385","-101.87229879149686","-56.44391582707173","-268.39468447451543","343.73000764132206","guest","observer"
"2026-05-19T13:25:13.111Z","1779197113111","0.5866877436637878","-2.0022908649840296","-1.7780025005340576","-0.9851041001132508","-4.68438154855837","5.999261379241943","33.61473160398815","-114.72281592118385","-101.8720392443084","-56.442307317522186","-268.39529236135155","343.7323572263965","guest","observer"
"2026-05-19T13:25:13.414Z","1779197113414","0.5867334604263306","-2.002266069451803","-1.7779812812805176","-0.9851571482471009","-4.68444544473757","5.999281406402588","33.61735098153485","-114.72139524183649","-101.87082347063614","-56.44534675170284","-268.39895334274667","343.7335046981771","guest","observer"
"2026-05-19T13:25:13.620Z","1779197113620","0.5866790413856506","-2.0022908649840296","-1.7779768705368042","-0.9851650160602112","-4.684405390416281","5.999237060546875","33.614233000178736","-114.72281592118385","-101.87057075363685","-56.44579754418806","-268.3966583991855","343.7309638678059","guest","observer"
"2026-05-19T13:25:13.830Z","1779197113830","0.586646318435669","-2.002237936059469","-1.7779698371887207","-0.985136405830719","-4.684345547352926","5.999279022216797","33.61235811325157","-114.71978331719237","-101.87016777247582","-56.44415829878726","-268.3932296442222","343.7333680943937","guest","observer"
"2026-05-19T13:25:14.062Z","1779197114062","0.5866550803184509","-2.0022670231261195","-1.7780265808105469","-0.9851783675006409","-4.6843419710742396","5.999265670776367","33.61286013215557","-114.72144988334985","-101.87341894252074","-56.44656252537511","-268.39302473854707","343.73260311320666","guest","observer"
"2026-05-19T13:25:14.314Z","1779197114314","0.5866507291793823","-2.0022465191283167","-1.7779654264450073","-0.9851482671550293","-4.684375468884603","5.999256610870361","33.61261083025086","-114.7202750908126","-101.86991505547653","-56.44483790260968","-268.39494402170385","343.73208401882977","guest","observer"
"2026-05-19T13:25:14.632Z","1779197114632","0.5866714715957642","-2.0022627315916957","-1.7779812812805176","-0.9851660889438172","-4.684333030377523","5.999295234680176","33.61379928316644","-114.72120399653973","-101.87082347063614","-56.44585901589059","-268.39251247435936","343.7342970001208","guest","observer"
"2026-05-19T13:25:14.887Z","1779197114887","0.5866714715957642","-2.00225367168569","-1.7779812812805176","-0.985190288429596","-4.6843255201922815","5.999270439147949","33.61379928316644","-114.72068490216282","-101.87082347063614","-56.44724554429211","-268.39208217244163","343.73287632077347","guest","observer"
"2026-05-19T13:25:15.106Z","1779197115106","0.586667001247406","-2.002225538293356","-1.777985692024231","-0.9851408761790772","-4.684389058743612","5.9992995262146","33.61354315107257","-114.71907297751869","-101.87107618763542","-56.44441443088114","-268.3957226632692","343.73454288693097","guest","observer"
"2026-05-19T13:25:15.326Z","1779197115326","0.5867162942886353","-2.0022579632201136","-1.7779484987258911","-0.9851482671550293","-4.684412662182943","5.999274730682373","33.61636743429437","-114.72093078897294","-101.86894516861439","-56.44483790260968","-268.3970750407249","343.73312220758356","guest","observer"
"2026-05-19T13:25:15.559Z","1779197115559","0.5866833925247192","-2.0023118458189906","-1.7779608964920044","-0.9851020139506836","-4.684355441723959","5.999270439147949","33.614482302083445","-114.72401803447778","-101.86965550828806","-56.442187789211715","-268.3937965499233","343.73287632077347","guest","observer"
"2026-05-19T13:25:15.830Z","1779197115830","0.5866760015487671","-2.0022951565184535","-1.7779619693756104","-0.9851948183825989","-4.684379879628317","5.99922513961792","33.6140588303549","-114.72306180799397","-101.8697169799906","-56.447505091480565","-268.39519673870313","343.73028084888887","guest","observer"
"2026-05-19T13:25:16.054Z","1779197116054","0.586699903011322","-2.0022670231261195","-1.7779654264450073","-0.9851738971522828","-4.6843934694873255","5.999257564544678","33.61542828328349","-114.72144988334985","-101.86991505547653","-56.44630639328123","-268.3959753802685","343.7321386603431","guest","observer"
"2026-05-19T13:25:16.295Z","1779197116295","0.5867252349853516","-2.0022417507567347","-1.7779947519302368","-0.9851739567569275","-4.684400741253988","5.999274730682373","33.616879698482116","-114.72000188324581","-101.87159528201235","-56.446309808375815","-268.3963920218079","343.73312220758356","guest","observer"
"2026-05-19T13:25:16.540Z","1779197116540","0.5867162942886353","-2.0022908649840296","-1.777985692024231","-0.9851527971080323","-4.684361998234884","5.999198913574219","33.61636743429437","-114.72281592118385","-101.87107618763542","-56.44509744979814","-268.39417221032767","343.72877820727143","guest","observer"
"2026-05-19T13:25:16.857Z","1779197116857","0.5866459608078003","-2.0022670231261195","-1.7779529094696045","-0.9851572674563904","-4.684379879628317","5.999248504638672","33.61233762268406","-114.72144988334985","-101.86919788561367","-56.445353581892014","-268.39519673870313","343.7316195659662","guest","observer"
"2026-05-19T13:25:17.143Z","1779197117143","0.586667001247406","-2.0022670231261195","-1.7779662609100342","-0.9851617378047486","-4.68440825143923","5.999281406402588","33.61354315107257","-114.72144988334985","-101.86996286680072","-56.44560971398589","-268.39682232372564","343.7335046981771","guest","observer"
"2026-05-19T13:25:17.351Z","1779197117351","0.5866878628730774","-2.0023251972594203","-1.7779946327209473","-0.9851768773845215","-4.684396211300985","5.999274730682373","33.61473843417732","-114.72478301566481","-101.87158845182319","-56.44647714801048","-268.39613247461944","343.73312220758356","guest","observer"
"2026-05-19T13:25:17.557Z","1779197117557","0.5866594314575195","-2.0023237667479457","-1.7779484987258911","-0.9850871723941346","-4.684412662182943","5.999270439147949","33.61310943406027","-114.72470105339478","-101.86894516861439","-56.44133743066005","-268.3970750407249","343.73287632077347","guest","observer"
"2026-05-19T13:25:17.795Z","1779197117795","0.5866459012031555","-2.0023161373534144","-1.7779662609100342","-0.9851245445064087","-4.6843465010272425","5.999261379241943","33.61233420758948","-114.7242639212879","-101.86996286680072","-56.443478694964845","-268.39328428573555","343.7323572263965","guest","observer"
"2026-05-19T13:25:18.112Z","1779197118112","0.5866878628730774","-2.0022698841490687","-1.7779901027679443","-0.9851439160159607","-4.684354607258932","5.999241352081299","33.61473843417732","-114.72161380788994","-101.87132890463472","-56.444588600704975","-268.39374873859913","343.731209754616","guest","observer"
"2026-05-19T13:25:18.387Z","1779197118387","0.5866669416427612","-2.00225367168569","-1.7779611349105835","-0.9851439756206055","-4.684396211300985","5.999274730682373","33.61353973597798","-114.72068490216282","-101.8696691686664","-56.44459201579956","-268.39613247461944","343.73312220758356","guest","observer"
"2026-05-19T13:25:18.616Z","1779197118616","0.5866549015045166","-2.0022698841490687","-1.77793288230896","-0.9851365250400086","-4.68438429037203","5.999241352081299","33.612849886871814","-114.72161380788994","-101.86805041383312","-56.44416512897643","-268.3954494557024","343.731209754616","guest","observer"
"2026-05-19T13:25:18.882Z","1779197118882","0.5866878628730774","-2.0023280582823695","-1.7779486179351807","-0.9851571482471009","-4.6844216028796595","5.99922513961792","33.61473843417732","-114.7249469402049","-101.86895199880355","-56.44534675170284","-268.39758730491263","343.73028084888887","guest","observer"
"2026-05-19T13:25:19.101Z","1779197119101","0.5866833329200745","-2.0022789440550746","-1.7779655456542969","-0.9851452273181458","-4.6844006220446985","5.999281406402588","33.614478886988856","-114.72213290226685","-101.86992188566569","-56.44466373278584","-268.3963851916187","343.7335046981771","guest","observer"
"2026-05-19T13:25:19.313Z","1779197119313","0.5866594314575195","-2.0023204288878382","-1.7779417037963867","-0.9851856392673035","-4.684412542973654","5.99928617477417","33.61310943406027","-114.72450980809802","-101.8685558478317","-56.446979166914474","-268.39706821053574","343.7337779057439","guest","observer"
"2026-05-19T13:25:19.615Z","1779197119615","0.586704432964325","-2.0022746525206507","-1.7779899835586548","-0.9851527971080323","-4.684342090283529","5.9992995262146","33.61568783047195","-114.72188701545673","-101.87132207444554","-56.44509744979814","-268.39303156873626","343.73454288693097","guest","observer"
"2026-05-19T13:25:19.871Z","1779197119871","0.586683452129364","-2.0022994480528773","-1.7779936790466309","-0.9851614397815247","-4.684375468884603","5.999232292175293","33.61448571717803","-114.72330769480409","-101.87153381030981","-56.44559263851296","-268.39494402170385","343.7306906602391","guest","observer"
"2026-05-19T13:25:20.145Z","1779197120145","0.5866954326629639","-2.0022951565184535","-1.778006672859192","-0.9852183622172852","-4.684348050748007","5.999237060546875","33.61517215118961","-114.72306180799397","-101.87227830092935","-56.44885405384164","-268.39337307819477","343.7309638678059","guest","observer"
"2026-05-19T13:25:20.349Z","1779197120349","0.5867117643356323","-2.0022746525206507","-1.7779574394226074","-0.9852146667293091","-4.684387389813558","5.999253273010254","33.616107887105905","-114.72188701545673","-101.86945743280214","-56.448642317977374","-268.39562704062087","343.731892773533","guest","observer"
"2026-05-19T13:25:20.565Z","1779197120565","0.5866923332214355","-2.002324243585104","-1.7779487371444702","-0.9851159614375611","-4.684454147015707","5.999265670776367","33.61499456627119","-114.72472837415145","-101.86895882899273","-56.442986921344605","-268.3994519465561","343.73260311320666","guest","observer"
"2026-05-19T13:25:20.765Z","1779197120765","0.5866550207138062","-2.0022746525206507","-1.777978539466858","-0.985145167713501","-4.68438429037203","5.999269962310791","33.61285671706098","-114.72188701545673","-101.87066637628523","-56.44466031769126","-268.3954494557024","343.73284900001676","guest","observer"
"2026-05-19T13:25:20.974Z","1779197120974","0.586667001247406","-2.002324720422262","-1.7779855728149414","-0.98513217390094","-4.684346620236532","5.999274730682373","33.61354315107257","-114.72475569490814","-101.87106935744626","-56.44391582707173","-268.39329111592474","343.73312220758356","guest","observer"
"2026-05-19T13:25:21.321Z","1779197121321","0.5866460204124451","-2.002275606194967","-1.777961254119873","-0.9851203721812745","-4.68432587782015","5.999269962310791","33.61234103777864","-114.72194165697009","-101.86967599885557","-56.4432396383439","-268.39210266300915","343.73284900001676","guest","observer"
"2026-05-19T13:25:21.640Z","1779197121640","0.5866878032684326","-2.0022908649840296","-1.7779330015182495","-0.9851394456676026","-4.684375468884603","5.999281406402588","33.61473501908274","-114.72281592118385","-101.86805724402228","-56.444332468611094","-268.39494402170385","343.7335046981771","guest","observer"
"2026-05-19T13:25:21.907Z","1779197121907","0.5866878032684326","-2.0022670231261195","-1.777953028678894","-0.9851812881282349","-4.684416953717367","5.999290466308594","33.61473501908274","-114.72144988334985","-101.86920471580285","-56.44672986500977","-268.397320927535","343.734023792554","guest","observer"