ts,t_ms,route,type,seq,role,authority,tcp_x,tcp_y,tcp_z,tcp_rx,tcp_ry,tcp_rz,payload_json
"2026-05-19T13:21:33.453Z","1779196893453","remote_relay","speedl_stop","796","guest","operator","0.5552796235218871","0.21122508399079512","0.045800603031439235","2.922908814864171","-1.0642475068995454","-0.07940017559483309","{""type"":""speedl_stop"",""seq"":796,""ts"":1779196893453}"
"2026-05-19T13:21:33.475Z","1779196893475","remote_relay","speedl_stop","797","guest","operator","0.5552796235218871","0.21122508399079512","0.045800603031439235","2.922908814864171","-1.0642475068995454","-0.07940017559483309","{""type"":""speedl_stop"",""seq"":797,""ts"":1779196893475}"
"2026-05-19T13:21:33.492Z","1779196893492","remote_relay","speedl_stop","798","guest","operator","0.5552796235218871","0.21122508399079512","0.045800603031439235","2.922908814864171","-1.0642475068995454","-0.07940017559483309","{""type"":""speedl_stop"",""seq"":798,""ts"":1779196893492}"
"2026-05-19T13:21:33.513Z","1779196893513","remote_relay","speedl_stop","799","guest","operator","0.5552796235218871","0.21122508399079512","0.045800603031439235","2.922908814864171","-1.0642475068995454","-0.07940017559483309","{""type"":""speedl_stop"",""seq"":799,""ts"":1779196893513}"
"2026-05-19T13:21:33.533Z","1779196893533","remote_relay","speedl_stop","800","guest","operator","0.5552686746851627","0.21120047063519531","0.04579646347797636","2.9228316801601633","-1.0642517847027613","-0.0794249116584235","{""type"":""speedl_stop"",""seq"":800,""ts"":1779196893533}"
"2026-05-19T13:21:33.558Z","1779196893558","remote_relay","speedl_stop","801","guest","operator","0.5552686746851627","0.21120047063519531","0.04579646347797636","2.9228316801601633","-1.0642517847027613","-0.0794249116584235","{""type"":""speedl_stop"",""seq"":801,""ts"":1779196893552}"
"2026-05-19T13:21:33.577Z","1779196893577","remote_relay","speedl_stop","802","guest","operator","0.5552686746851627","0.21120047063519531","0.04579646347797636","2.9228316801601633","-1.0642517847027613","-0.0794249116584235","{""type"":""speedl_stop"",""seq"":802,""ts"":1779196893573}"
"2026-05-19T13:21:33.596Z","1779196893596","remote_relay","speedl_stop","803","guest","operator","0.5552686746851627","0.21120047063519531","0.04579646347797636","2.9228316801601633","-1.0642517847027613","-0.0794249116584235","{""type"":""speedl_stop"",""seq"":803,""ts"":1779196893592}"
"2026-05-19T13:21:33.617Z","1779196893617","remote_relay","speedl_stop","804","guest","operator","0.5552686746851627","0.21120047063519531","0.04579646347797636","2.9228316801601633","-1.0642517847027613","-0.0794249116584235","{""type"":""speedl_stop"",""seq"":804,""ts"":1779196893613}"
"2026-05-19T13:21:33.637Z","1779196893637","remote_relay","speedl_stop","805","guest","operator","0.5552686746851627","0.21120047063519531","0.04579646347797636","2.9228316801601633","-1.0642517847027613","-0.0794249116584235","{""type"":""speedl_stop"",""seq"":805,""ts"":1779196893633}"
"2026-05-19T13:21:33.657Z","1779196893657","remote_relay","speedl_stop","806","guest","operator","0.5552686746851627","0.21120047063519531","0.04579646347797636","2.9228316801601633","-1.0642517847027613","-0.0794249116584235","{""type"":""speedl_stop"",""seq"":806,""ts"":1779196893653}"
"2026-05-19T13:21:33.678Z","1779196893678","remote_relay","speedl_stop","807","guest","operator","0.5552581480860865","0.2112547489573992","0.04578903775335","2.9229450819435026","-1.0641931385563228","-0.07945100546741055","{""type"":""speedl_stop"",""seq"":807,""ts"":1779196893674}"
"2026-05-19T13:21:33.697Z","1779196893697","remote_relay","speedl_stop","808","guest","operator","0.5552581480860865","0.2112547489573992","0.04578903775335","2.9229450819435026","-1.0641931385563228","-0.07945100546741055","{""type"":""speedl_stop"",""seq"":808,""ts"":1779196893693}"
"2026-05-19T13:21:33.723Z","1779196893723","remote_relay","speedl_stop","809","guest","operator","0.5552581480860865","0.2112547489573992","0.04578903775335","2.9229450819435026","-1.0641931385563228","-0.07945100546741055","{""type"":""speedl_stop"",""seq"":809,""ts"":1779196893712}"
"2026-05-19T13:21:33.737Z","1779196893737","remote_relay","speedl","810","guest","operator","0.5552920872472779","0.21121113512073408","0.0458221528886357","2.9228992922305106","-1.064366578468174","-0.07938752084590796","{""type"":""speedl"",""xd"":[-0.0010410964382985763,-2.167724421329458e-8,0,0,0,0],""a"":1,""t"":0.08,""seq"":810,""ts"":1779196893733}"
"2026-05-19T13:21:33.758Z","1779196893758","remote_relay","speedl","811","guest","operator","0.5552920872472779","0.21121113512073408","0.0458221528886357","2.9228992922305106","-1.064366578468174","-0.07938752084590796","{""type"":""speedl"",""xd"":[-0.0010410964382985763,-2.167724421329458e-8,0,0,0,0],""a"":1,""t"":0.08,""seq"":811,""ts"":1779196893753}"
"2026-05-19T13:21:33.777Z","1779196893777","remote_relay","speedl","812","guest","operator","0.5552920872472779","0.21121113512073408","0.0458221528886357","2.9228992922305106","-1.064366578468174","-0.07938752084590796","{""type"":""speedl"",""xd"":[-0.0010410964382985763,-2.167724421329458e-8,0,0,0,0],""a"":1,""t"":0.08,""seq"":812,""ts"":1779196893773}"
"2026-05-19T13:21:33.796Z","1779196893796","remote_relay","speedl","813","guest","operator","0.5552920872472779","0.21121113512073408","0.0458221528886357","2.9228992922305106","-1.064366578468174","-0.07938752084590796","{""type"":""speedl"",""xd"":[-0.0010410964382985763,-2.167724421329458e-8,0,0,0,0],""a"":1,""t"":0.08,""seq"":813,""ts"":1779196893792}"
"2026-05-19T13:21:33.817Z","1779196893817","remote_relay","speedl","814","guest","operator","0.5552920872472779","0.21121113512073408","0.0458221528886357","2.9228992922305106","-1.064366578468174","-0.07938752084590796","{""type"":""speedl"",""xd"":[-0.0010410964382985763,-2.167724421329458e-8,0,0,0,0],""a"":1,""t"":0.08,""seq"":814,""ts"":1779196893812}"
"2026-05-19T13:21:33.837Z","1779196893837","remote_relay","speedl","815","guest","operator","0.5552920872472779","0.21121113512073408","0.0458221528886357","2.9228992922305106","-1.064366578468174","-0.07938752084590796","{""type"":""speedl"",""xd"":[-0.0010410964382985763,-2.167724421329458e-8,0,0,0,0],""a"":1,""t"":0.08,""seq"":815,""ts"":1779196893833}"
"2026-05-19T13:21:33.858Z","1779196893858","remote_relay","speedl","816","guest","operator","0.5552920872472779","0.21121113512073408","0.0458221528886357","2.9228992922305106","-1.064366578468174","-0.07938752084590796","{""type"":""speedl"",""xd"":[-0.0010410964382985763,-2.167724421329458e-8,0,0,0,0],""a"":1,""t"":0.08,""seq"":816,""ts"":1779196893853}"
"2026-05-19T13:21:33.879Z","1779196893879","remote_relay","speedl","817","guest","operator","0.5553004802563186","0.2112140903346959","0.045823310693414415","2.9229134010752538","-1.064355893661604","-0.07934333095210291","{""type"":""speedl"",""xd"":[-0.0010410964382985763,-2.167724421329458e-8,0,0,0,0],""a"":1,""t"":0.08,""seq"":817,""ts"":1779196893875}"
"2026-05-19T13:21:33.897Z","1779196893897","remote_relay","speedl","818","guest","operator","0.5553004802563186","0.2112140903346959","0.045823310693414415","2.9229134010752538","-1.064355893661604","-0.07934333095210291","{""type"":""speedl"",""xd"":[-0.0010410964382985763,-2.167724421329458e-8,0,0,0,0],""a"":1,""t"":0.08,""seq"":818,""ts"":1779196893893}"
"2026-05-19T13:21:33.917Z","1779196893917","remote_relay","speedl","819","guest","operator","0.5553004802563186","0.2112140903346959","0.045823310693414415","2.9229134010752538","-1.064355893661604","-0.07934333095210291","{""type"":""speedl"",""xd"":[-0.0010410964382985763,-2.167724421329458e-8,0,0,0,0],""a"":1,""t"":0.08,""seq"":819,""ts"":1779196893913}"
"2026-05-19T13:21:33.937Z","1779196893937","remote_relay","speedl","820","guest","operator","0.5553004802563186","0.2112140903346959","0.045823310693414415","2.9229134010752538","-1.064355893661604","-0.07934333095210291","{""type"":""speedl"",""xd"":[-0.0010410964382985763,-2.167724421329458e-8,0,0,0,0],""a"":1,""t"":0.08,""seq"":820,""ts"":1779196893932}"
"2026-05-19T13:21:33.958Z","1779196893958","remote_relay","speedl","821","guest","operator","0.5553004802563186","0.2112140903346959","0.045823310693414415","2.9229134010752538","-1.064355893661604","-0.07934333095210291","{""type"":""speedl"",""xd"":[-0.0010410964382985763,-2.167724421329458e-8,0,0,0,0],""a"":1,""t"":0.08,""seq"":821,""ts"":1779196893953}"
"2026-05-19T13:21:33.977Z","1779196893977","remote_relay","speedl","822","guest","operator","0.5552937159882931","0.21119137393464726","0.045819892609084784","2.922871404149077","-1.0643528052485505","-0.07932985652326674","{""type"":""speedl"",""xd"":[-0.0010410964382985763,-2.167724421329458e-8,0,0,0,0],""a"":1,""t"":0.08,""seq"":822,""ts"":1779196893972}"
"2026-05-19T13:21:33.996Z","1779196893996","remote_relay","speedl","823","guest","operator","0.5552937159882931","0.21119137393464726","0.045819892609084784","2.922871404149077","-1.0643528052485505","-0.07932985652326674","{""type"":""speedl"",""xd"":[-0.0010410964382985763,-2.167724421329458e-8,0,0,0,0],""a"":1,""t"":0.08,""seq"":823,""ts"":1779196893992}"
"2026-05-19T13:21:34.017Z","1779196894017","remote_relay","speedl","824","guest","operator","0.5552937159882931","0.21119137393464726","0.045819892609084784","2.922871404149077","-1.0643528052485505","-0.07932985652326674","{""type"":""speedl"",""xd"":[-0.0010410964382985763,-2.167724421329458e-8,0,0,0,0],""a"":1,""t"":0.08,""seq"":824,""ts"":1779196894012}"
"2026-05-19T13:21:34.037Z","1779196894037","remote_relay","speedl","825","guest","operator","0.5552937159882931","0.21119137393464726","0.045819892609084784","2.922871404149077","-1.0643528052485505","-0.07932985652326674","{""type"":""speedl"",""xd"":[-0.0010410964382985763,-2.167724421329458e-8,0,0,0,0],""a"":1,""t"":0.08,""seq"":825,""ts"":1779196894033}"
"2026-05-19T13:21:34.058Z","1779196894058","remote_relay","speedl","826","guest","operator","0.5552937159882931","0.21119137393464726","0.045819892609084784","2.922871404149077","-1.0643528052485505","-0.07932985652326674","{""type"":""speedl"",""xd"":[-0.0010410964382985763,-2.167724421329458e-8,0,0,0,0],""a"":1,""t"":0.08,""seq"":826,""ts"":1779196894053}"
"2026-05-19T13:21:34.078Z","1779196894078","remote_relay","speedl","827","guest","operator","0.5552523057441561","0.21118752185565584","0.045784077768125986","2.922796538410868","-1.0642821144264143","-0.07931525827561305","{""type"":""speedl"",""xd"":[-0.0010410964382985763,-2.167724421329458e-8,0,0,0,0],""a"":1,""t"":0.08,""seq"":827,""ts"":1779196894073}"
"2026-05-19T13:21:34.098Z","1779196894098","remote_relay","speedl","828","guest","operator","0.5552523057441561","0.21118752185565584","0.045784077768125986","2.922796538410868","-1.0642821144264143","-0.07931525827561305","{""type"":""speedl"",""xd"":[-0.0010410964382985763,-2.167724421329458e-8,0,0,0,0],""a"":1,""t"":0.08,""seq"":828,""ts"":1779196894094}"
"2026-05-19T13:21:34.116Z","1779196894116","remote_relay","speedl","829","guest","operator","0.5552523057441561","0.21118752185565584","0.045784077768125986","2.922796538410868","-1.0642821144264143","-0.07931525827561305","{""type"":""speedl"",""xd"":[-0.0010410964382985763,-2.167724421329458e-8,0,0,0,0],""a"":1,""t"":0.08,""seq"":829,""ts"":1779196894112}"
"2026-05-19T13:21:34.137Z","1779196894137","remote_relay","speedl","830","guest","operator","0.5552523057441561","0.21118752185565584","0.045784077768125986","2.922796538410868","-1.0642821144264143","-0.07931525827561305","{""type"":""speedl"",""xd"":[-0.0010410964382985763,-2.167724421329458e-8,0,0,0,0],""a"":1,""t"":0.08,""seq"":830,""ts"":1779196894133}"
"2026-05-19T13:21:34.160Z","1779196894160","remote_relay","speedl","831","guest","operator","0.555192586585136","0.21117642893015745","0.045827661295370775","2.922863278514124","-1.064334644229915","-0.0792977050187466","{""type"":""speedl"",""xd"":[-0.0010410964382985763,-2.167724421329458e-8,0,0,0,0],""a"":1,""t"":0.08,""seq"":831,""ts"":1779196894152}"
"2026-05-19T13:21:34.178Z","1779196894178","remote_relay","speedl","832","guest","operator","0.555192586585136","0.21117642893015745","0.045827661295370775","2.922863278514124","-1.064334644229915","-0.0792977050187466","{""type"":""speedl"",""xd"":[-0.0010410964382985763,0,0,0,0,0],""a"":1,""t"":0.08,""seq"":832,""ts"":1779196894173}"
"2026-05-19T13:21:34.197Z","1779196894197","remote_relay","speedl","833","guest","operator","0.555192586585136","0.21117642893015745","0.045827661295370775","2.922863278514124","-1.064334644229915","-0.0792977050187466","{""type"":""speedl"",""xd"":[-0.0010410964382985763,0,0,0,0,0],""a"":1,""t"":0.08,""seq"":833,""ts"":1779196894193}"
"2026-05-19T13:21:34.218Z","1779196894218","remote_relay","speedl","834","guest","operator","0.555192586585136","0.21117642893015745","0.045827661295370775","2.922863278514124","-1.064334644229915","-0.0792977050187466","{""type"":""speedl"",""xd"":[-0.0010410964382985763,0,0,0,0,0],""a"":1,""t"":0.08,""seq"":834,""ts"":1779196894213}"
"2026-05-19T13:21:34.236Z","1779196894236","remote_relay","speedl","835","guest","operator","0.555192586585136","0.21117642893015745","0.045827661295370775","2.922863278514124","-1.064334644229915","-0.0792977050187466","{""type"":""speedl"",""xd"":[-0.0010410964382985763,0,0,0,0,0],""a"":1,""t"":0.08,""seq"":835,""ts"":1779196894232}"
"2026-05-19T13:21:34.259Z","1779196894259","remote_relay","speedl","836","guest","operator","0.555192586585136","0.21117642893015745","0.045827661295370775","2.922863278514124","-1.064334644229915","-0.0792977050187466","{""type"":""speedl"",""xd"":[-0.0010410964382985763,0,0,0,0,0],""a"":1,""t"":0.08,""seq"":836,""ts"":1779196894252}"
"2026-05-19T13:21:34.281Z","1779196894281","remote_relay","speedl","837","guest","operator","0.5550503509160137","0.21118415927322107","0.04573514484031371","2.9227390360659258","-1.0642743317669292","-0.0794753857733522","{""type"":""speedl"",""xd"":[-0.0010410964382985763,0,0,0,0,0],""a"":1,""t"":0.08,""seq"":837,""ts"":1779196894276}"
"2026-05-19T13:21:34.297Z","1779196894297","remote_relay","speedl","838","guest","operator","0.5550503509160137","0.21118415927322107","0.04573514484031371","2.9227390360659258","-1.0642743317669292","-0.0794753857733522","{""type"":""speedl"",""xd"":[-0.0010410964382985763,0,0,0,0,0],""a"":1,""t"":0.08,""seq"":838,""ts"":1779196894293}"
"2026-05-19T13:21:34.317Z","1779196894317","remote_relay","speedl","839","guest","operator","0.5550503509160137","0.21118415927322107","0.04573514484031371","2.9227390360659258","-1.0642743317669292","-0.0794753857733522","{""type"":""speedl"",""xd"":[-0.0010410964382985763,0,0,0,0,0],""a"":1,""t"":0.08,""seq"":839,""ts"":1779196894312}"
"2026-05-19T13:21:34.337Z","1779196894337","remote_relay","speedl","840","guest","operator","0.5550503509160137","0.21118415927322107","0.04573514484031371","2.9227390360659258","-1.0642743317669292","-0.0794753857733522","{""type"":""speedl"",""xd"":[-0.0010410964382985763,0,0,0,0,0],""a"":1,""t"":0.08,""seq"":840,""ts"":1779196894333}"
"2026-05-19T13:21:34.360Z","1779196894360","remote_relay","speedl","841","guest","operator","0.554968464725056","0.21117149397590054","0.045726129054041165","2.922711368282064","-1.0643674001243961","-0.07954594731090363","{""type"":""speedl"",""xd"":[-0.0010410964382985763,0,0,0,0,0],""a"":1,""t"":0.08,""seq"":841,""ts"":1779196894353}"
"2026-05-19T13:21:34.382Z","1779196894382","remote_relay","speedl","842","guest","operator","0.554968464725056","0.21117149397590054","0.045726129054041165","2.922711368282064","-1.0643674001243961","-0.07954594731090363","{""type"":""speedl"",""xd"":[-0.0010410964382985763,0,0,0,0,0],""a"":1,""t"":0.08,""seq"":842,""ts"":1779196894377}"
"2026-05-19T13:21:34.396Z","1779196894396","remote_relay","speedl","843","guest","operator","0.554968464725056","0.21117149397590054","0.045726129054041165","2.922711368282064","-1.0643674001243961","-0.07954594731090363","{""type"":""speedl"",""xd"":[-0.0010410964382985763,0,0,0,0,0],""a"":1,""t"":0.08,""seq"":843,""ts"":1779196894392}"
"2026-05-19T13:21:34.418Z","1779196894418","remote_relay","speedl","844","guest","operator","0.554968464725056","0.21117149397590054","0.045726129054041165","2.922711368282064","-1.0643674001243961","-0.07954594731090363","{""type"":""speedl"",""xd"":[-0.0010410964382985763,0,0,0,0,0],""a"":1,""t"":0.08,""seq"":844,""ts"":1779196894413}"
"2026-05-19T13:21:34.438Z","1779196894438","remote_relay","speedl","845","guest","operator","0.5548966460186505","0.211206582200822","0.045808779597411475","2.9228743772517984","-1.0643608069147104","-0.07934656418319945","{""type"":""speedl"",""xd"":[-0.0010410964382985763,0,0,0,0,0],""a"":1,""t"":0.08,""seq"":845,""ts"":1779196894433}"
"2026-05-19T13:21:34.460Z","1779196894460","remote_relay","speedl","846","guest","operator","0.5548966460186505","0.211206582200822","0.045808779597411475","2.9228743772517984","-1.0643608069147104","-0.07934656418319945","{""type"":""speedl"",""xd"":[-0.0010410964382985763,0,0,0,0,0],""a"":1,""t"":0.08,""seq"":846,""ts"":1779196894452}"
"2026-05-19T13:21:34.477Z","1779196894477","remote_relay","speedl","847","guest","operator","0.5548966460186505","0.211206582200822","0.045808779597411475","2.9228743772517984","-1.0643608069147104","-0.07934656418319945","{""type"":""speedl"",""xd"":[-0.0010410964382985763,0,0,0,0,0],""a"":1,""t"":0.08,""seq"":847,""ts"":1779196894473}"
"2026-05-19T13:21:34.497Z","1779196894497","remote_relay","speedl","848","guest","operator","0.5548966460186505","0.211206582200822","0.045808779597411475","2.9228743772517984","-1.0643608069147104","-0.07934656418319945","{""type"":""speedl"",""xd"":[-0.0010410964382985763,0.00006253215621534478,0,0,0,0],""a"":1,""t"":0.08,""seq"":848,""ts"":1779196894492}"
"2026-05-19T13:21:34.517Z","1779196894517","remote_relay","speedl","849","guest","operator","0.5547469213272678","0.21118733811874688","0.045760802047034255","2.922806231437131","-1.0642964543635964","-0.07956477185201359","{""type"":""speedl"",""xd"":[-0.0010410964382985763,0.00020930664568058078,0,0,0,0],""a"":1,""t"":0.08,""seq"":849,""ts"":1779196894513}"
"2026-05-19T13:21:34.536Z","1779196894536","remote_relay","speedl","850","guest","operator","0.5547469213272678","0.21118733811874688","0.045760802047034255","2.922806231437131","-1.0642964543635964","-0.07956477185201359","{""type"":""speedl"",""xd"":[-0.0010410964382985763,0.00020930664568058078,0,0,0,0],""a"":1,""t"":0.08,""seq"":850,""ts"":1779196894532}"
"2026-05-19T13:21:34.559Z","1779196894559","remote_relay","speedl","851","guest","operator","0.5547469213272678","0.21118733811874688","0.045760802047034255","2.922806231437131","-1.0642964543635964","-0.07956477185201359","{""type"":""speedl"",""xd"":[-0.0010410964382985763,0.0003315848343738498,0,0,0,0],""a"":1,""t"":0.08,""seq"":851,""ts"":1779196894554}"
"2026-05-19T13:21:34.577Z","1779196894577","remote_relay","speedl","852","guest","operator","0.5547469213272678","0.21118733811874688","0.045760802047034255","2.922806231437131","-1.0642964543635964","-0.07956477185201359","{""type"":""speedl"",""xd"":[-0.0010410964382985763,0.0003315848343738498,0,0,0,0],""a"":1,""t"":0.08,""seq"":852,""ts"":1779196894573}"
"2026-05-19T13:21:34.598Z","1779196894598","remote_relay","speedl","853","guest","operator","0.5547469213272678","0.21118733811874688","0.045760802047034255","2.922806231437131","-1.0642964543635964","-0.07956477185201359","{""type"":""speedl"",""xd"":[-0.0010410964382985763,0.0003315848343738498,0,0,0,0],""a"":1,""t"":0.08,""seq"":853,""ts"":1779196894593}"
"2026-05-19T13:21:34.617Z","1779196894617","remote_relay","speedl","854","guest","operator","0.5546640513878993","0.21119260138869378","0.045778391544356756","2.922765914704501","-1.0643576089291924","-0.0794444092512385","{""type"":""speedl"",""xd"":[-0.0010410964382985763,0.0003315848343738498,0,0,0,0],""a"":1,""t"":0.08,""seq"":854,""ts"":1779196894613}"
"2026-05-19T13:21:34.637Z","1779196894637","remote_relay","speedl","855","guest","operator","0.5546640513878993","0.21119260138869378","0.045778391544356756","2.922765914704501","-1.0643576089291924","-0.0794444092512385","{""type"":""speedl"",""xd"":[-0.0010410964382985763,0.0003315848343738498,0,0,0,0],""a"":1,""t"":0.08,""seq"":855,""ts"":1779196894632}"
"2026-05-19T13:21:34.656Z","1779196894656","remote_relay","speedl","856","guest","operator","0.5546640513878993","0.21119260138869378","0.045778391544356756","2.922765914704501","-1.0643576089291924","-0.0794444092512385","{""type"":""speedl"",""xd"":[-0.0010410964382985763,0.0003315848343738498,0,0,0,0],""a"":1,""t"":0.08,""seq"":856,""ts"":1779196894652}"
"2026-05-19T13:21:34.678Z","1779196894678","remote_relay","speedl","857","guest","operator","0.5546640513878993","0.21119260138869378","0.045778391544356756","2.922765914704501","-1.0643576089291924","-0.0794444092512385","{""type"":""speedl"",""xd"":[-0.0010410964382985763,0.0003315848343738498,0,0,0,0],""a"":1,""t"":0.08,""seq"":857,""ts"":1779196894673}"
"2026-05-19T13:21:34.697Z","1779196894697","remote_relay","speedl","858","guest","operator","0.5546640513878993","0.21119260138869378","0.045778391544356756","2.922765914704501","-1.0643576089291924","-0.0794444092512385","{""type"":""speedl"",""xd"":[-0.0010410964382985763,0.0003315848343738498,0,0,0,0],""a"":1,""t"":0.08,""seq"":858,""ts"":1779196894693}"
"2026-05-19T13:21:34.717Z","1779196894717","remote_relay","speedl","859","guest","operator","0.5546640513878993","0.21119260138869378","0.045778391544356756","2.922765914704501","-1.0643576089291924","-0.0794444092512385","{""type"":""speedl"",""xd"":[-0.0010410964382985763,0.0003315848343738498,0,0,0,0],""a"":1,""t"":0.08,""seq"":859,""ts"":1779196894713}"
"2026-05-19T13:21:34.736Z","1779196894736","remote_relay","speedl","860","guest","operator","0.5546640513878993","0.21119260138869378","0.045778391544356756","2.922765914704501","-1.0643576089291924","-0.0794444092512385","{""type"":""speedl"",""xd"":[-0.0010410964382985763,0.0003315848343738498,0,0,0,0],""a"":1,""t"":0.08,""seq"":860,""ts"":1779196894732}"
"2026-05-19T13:21:34.759Z","1779196894759","remote_relay","speedl","861","guest","operator","0.554556696774177","0.21125052255702007","0.04579633335385619","2.922858922900737","-1.0641923405231566","-0.0793662040514039","{""type"":""speedl"",""xd"":[-0.0010410964382985763,0.0003315848343738498,0,0,0,0],""a"":1,""t"":0.08,""seq"":861,""ts"":1779196894753}"
"2026-05-19T13:21:34.780Z","1779196894780","remote_relay","speedl","862","guest","operator","0.554556696774177","0.21125052255702007","0.04579633335385619","2.922858922900737","-1.0641923405231566","-0.0793662040514039","{""type"":""speedl"",""xd"":[-0.0010410964382985763,0.0003315848343738498,0,0,0,0],""a"":1,""t"":0.08,""seq"":862,""ts"":1779196894776}"
"2026-05-19T13:21:34.798Z","1779196894798","remote_relay","speedl","863","guest","operator","0.554556696774177","0.21125052255702007","0.04579633335385619","2.922858922900737","-1.0641923405231566","-0.0793662040514039","{""type"":""speedl"",""xd"":[-0.0010410964382985763,0.0003315848343738498,0,0,0,0],""a"":1,""t"":0.08,""seq"":863,""ts"":1779196894793}"
"2026-05-19T13:21:34.816Z","1779196894816","remote_relay","speedl","864","guest","operator","0.554556696774177","0.21125052255702007","0.04579633335385619","2.922858922900737","-1.0641923405231566","-0.0793662040514039","{""type"":""speedl"",""xd"":[-0.0010410964382985763,0.0003315848343738498,0,0,0,0],""a"":1,""t"":0.08,""seq"":864,""ts"":1779196894812}"
"2026-05-19T13:21:34.836Z","1779196894836","remote_relay","speedl","865","guest","operator","0.5544605570844817","0.21132091366489675","0.045779823557193955","2.9228568881697248","-1.0642342938578766","-0.07945069973415116","{""type"":""speedl"",""xd"":[-0.0010410964382985763,0.0003315848343738498,0,0,0,0],""a"":1,""t"":0.08,""seq"":865,""ts"":1779196894832}"
"2026-05-19T13:21:34.859Z","1779196894859","remote_relay","speedl","866","guest","operator","0.5544605570844817","0.21132091366489675","0.045779823557193955","2.9228568881697248","-1.0642342938578766","-0.07945069973415116","{""type"":""speedl"",""xd"":[-0.0010410964382985763,0.0003315848343738498,0,0,0,0],""a"":1,""t"":0.08,""seq"":866,""ts"":1779196894853}"
"2026-05-19T13:21:34.878Z","1779196894878","remote_relay","speedl","867","guest","operator","0.5544605570844817","0.21132091366489675","0.045779823557193955","2.9228568881697248","-1.0642342938578766","-0.07945069973415116","{""type"":""speedl"",""xd"":[-0.0010410964382985763,0.0003315848343738498,0,0,0,0],""a"":1,""t"":0.08,""seq"":867,""ts"":1779196894873}"
"2026-05-19T13:21:34.896Z","1779196894896","remote_relay","speedl","868","guest","operator","0.5544605570844817","0.21132091366489675","0.045779823557193955","2.9228568881697248","-1.0642342938578766","-0.07945069973415116","{""type"":""speedl"",""xd"":[-0.0010410964382985763,0.0003315848343738498,0,0,0,0],""a"":1,""t"":0.08,""seq"":868,""ts"":1779196894892}"
"2026-05-19T13:21:34.916Z","1779196894916","remote_relay","speedl","869","guest","operator","0.5543506614608831","0.21130564657299108","0.04580518023966709","2.922836110636635","-1.064309498156461","-0.07944999632713814","{""type"":""speedl"",""xd"":[-0.0010410964382985763,0.0003315848343738498,0,0,0,0],""a"":1,""t"":0.08,""seq"":869,""ts"":1779196894912}"
"2026-05-19T13:21:34.936Z","1779196894936","remote_relay","speedl","870","guest","operator","0.5543506614608831","0.21130564657299108","0.04580518023966709","2.922836110636635","-1.064309498156461","-0.07944999632713814","{""type"":""speedl"",""xd"":[-0.0010410964382985763,0.0003315848343738498,0,0,0,0],""a"":1,""t"":0.08,""seq"":870,""ts"":1779196894932}"
"2026-05-19T13:21:34.959Z","1779196894959","remote_relay","speedl","871","guest","operator","0.5543506614608831","0.21130564657299108","0.04580518023966709","2.922836110636635","-1.064309498156461","-0.07944999632713814","{""type"":""speedl"",""xd"":[-0.0010410964382985763,0.0003315848343738498,0,0,0,0],""a"":1,""t"":0.08,""seq"":871,""ts"":1779196894953}"
"2026-05-19T13:21:34.977Z","1779196894977","remote_relay","speedl","872","guest","operator","0.5543506614608831","0.21130564657299108","0.04580518023966709","2.922836110636635","-1.064309498156461","-0.07944999632713814","{""type"":""speedl"",""xd"":[-0.0010410964382985763,0.0003315848343738498,0,0,0,0],""a"":1,""t"":0.08,""seq"":872,""ts"":1779196894972}"
"2026-05-19T13:21:34.998Z","1779196894998","remote_relay","speedl","873","guest","operator","0.5543506614608831","0.21130564657299108","0.04580518023966709","2.922836110636635","-1.064309498156461","-0.07944999632713814","{""type"":""speedl"",""xd"":[-0.0010410964382985763,0.0003315848343738498,0,0,0,0],""a"":1,""t"":0.08,""seq"":873,""ts"":1779196894993}"
"2026-05-19T13:21:35.017Z","1779196895017","remote_relay","speedl","874","guest","operator","0.554245420216889","0.21133175806320012","0.04575407238142787","2.922766981562743","-1.0643162033163804","-0.07947801987763448","{""type"":""speedl"",""xd"":[-0.0010410964382985763,0.0003315848343738498,0,0,0,0],""a"":1,""t"":0.08,""seq"":874,""ts"":1779196895012}"
"2026-05-19T13:21:35.036Z","1779196895036","remote_relay","speedl","875","guest","operator","0.554245420216889","0.21133175806320012","0.04575407238142787","2.922766981562743","-1.0643162033163804","-0.07947801987763448","{""type"":""speedl"",""xd"":[-0.0010410964382985763,0.0003315848343738498,0,0,0,0],""a"":1,""t"":0.08,""seq"":875,""ts"":1779196895032}"
"2026-05-19T13:21:35.059Z","1779196895059","remote_relay","speedl","876","guest","operator","0.554245420216889","0.21133175806320012","0.04575407238142787","2.922766981562743","-1.0643162033163804","-0.07947801987763448","{""type"":""speedl"",""xd"":[-0.0010410964382985763,0.0003315848343738498,0,0,0,0],""a"":1,""t"":0.08,""seq"":876,""ts"":1779196895054}"
"2026-05-19T13:21:35.077Z","1779196895077","remote_relay","speedl","877","guest","operator","0.554245420216889","0.21133175806320012","0.04575407238142787","2.922766981562743","-1.0643162033163804","-0.07947801987763448","{""type"":""speedl"",""xd"":[-0.0010410964382985763,0.0003315848343738498,0,0,0,0],""a"":1,""t"":0.08,""seq"":877,""ts"":1779196895072}"
"2026-05-19T13:21:35.098Z","1779196895098","remote_relay","speedl","878","guest","operator","0.554245420216889","0.21133175806320012","0.04575407238142787","2.922766981562743","-1.0643162033163804","-0.07947801987763448","{""type"":""speedl"",""xd"":[-0.0010410964382985763,0.0003315848343738498,0,0,0,0],""a"":1,""t"":0.08,""seq"":878,""ts"":1779196895093}"
"2026-05-19T13:21:35.117Z","1779196895117","remote_relay","speedl","879","guest","operator","0.5541564815246741","0.21136655548946157","0.04579423389731502","2.9228272839345437","-1.0642919325786966","-0.07944386425687155","{""type"":""speedl"",""xd"":[-0.0010410964382985763,0.0003315848343738498,0,0,0,0],""a"":1,""t"":0.08,""seq"":879,""ts"":1779196895113}"
"2026-05-19T13:21:35.137Z","1779196895137","remote_relay","speedl","880","guest","operator","0.5541564815246741","0.21136655548946157","0.04579423389731502","2.9228272839345437","-1.0642919325786966","-0.07944386425687155","{""type"":""speedl"",""xd"":[-0.0010410964382985763,0.0003315848343738498,0,0,0,0],""a"":1,""t"":0.08,""seq"":880,""ts"":1779196895132}"
"2026-05-19T13:21:35.159Z","1779196895159","remote_relay","speedl","881","guest","operator","0.5541564815246741","0.21136655548946157","0.04579423389731502","2.9228272839345437","-1.0642919325786966","-0.07944386425687155","{""type"":""speedl"",""xd"":[-0.0010410964382985763,0.0003315848343738498,0,0,0,0],""a"":1,""t"":0.08,""seq"":881,""ts"":1779196895153}"
"2026-05-19T13:21:35.176Z","1779196895176","remote_relay","speedl","882","guest","operator","0.5541564815246741","0.21136655548946157","0.04579423389731502","2.9228272839345437","-1.0642919325786966","-0.07944386425687155","{""type"":""speedl"",""xd"":[-0.0010410964382985763,0.0003315848343738498,0,0,0,0],""a"":1,""t"":0.08,""seq"":882,""ts"":1779196895172}"
"2026-05-19T13:21:35.196Z","1779196895196","remote_relay","speedl","883","guest","operator","0.5541564815246741","0.21136655548946157","0.04579423389731502","2.9228272839345437","-1.0642919325786966","-0.07944386425687155","{""type"":""speedl"",""xd"":[-0.0010410964382985763,0.0003315848343738498,0,0,0,0],""a"":1,""t"":0.08,""seq"":883,""ts"":1779196895192}"
"2026-05-19T13:21:35.217Z","1779196895217","remote_relay","speedl","884","guest","operator","0.5540526047036515","0.21140338665949512","0.04581414140769574","2.922810807242322","-1.064267467634106","-0.07933301654177412","{""type"":""speedl"",""xd"":[-0.0010410964382985763,0.0003315848343738498,0,0,0,0],""a"":1,""t"":0.08,""seq"":884,""ts"":1779196895212}"
"2026-05-19T13:21:35.237Z","1779196895237","remote_relay","speedl","885","guest","operator","0.5540526047036515","0.21140338665949512","0.04581414140769574","2.922810807242322","-1.064267467634106","-0.07933301654177412","{""type"":""speedl"",""xd"":[-0.0010410964382985763,0.0003315848343738498,0,0,0,0],""a"":1,""t"":0.08,""seq"":885,""ts"":1779196895233}"
"2026-05-19T13:21:35.260Z","1779196895260","remote_relay","speedl","886","guest","operator","0.5540526047036515","0.21140338665949512","0.04581414140769574","2.922810807242322","-1.064267467634106","-0.07933301654177412","{""type"":""speedl"",""xd"":[-0.0010410964382985763,0.0003315848343738498,0,0,0,0],""a"":1,""t"":0.08,""seq"":886,""ts"":1779196895253}"
"2026-05-19T13:21:35.277Z","1779196895277","remote_relay","speedl","887","guest","operator","0.5540526047036515","0.21140338665949512","0.04581414140769574","2.922810807242322","-1.064267467634106","-0.07933301654177412","{""type"":""speedl"",""xd"":[-0.0010410964382985763,0.0003315848343738498,0,0,0,0],""a"":1,""t"":0.08,""seq"":887,""ts"":1779196895272}"
"2026-05-19T13:21:35.297Z","1779196895297","remote_relay","speedl","888","guest","operator","0.5540526047036515","0.21140338665949512","0.04581414140769574","2.922810807242322","-1.064267467634106","-0.07933301654177412","{""type"":""speedl"",""xd"":[-0.0010410964382985763,0.0003315848343738498,0,0,0,0],""a"":1,""t"":0.08,""seq"":888,""ts"":1779196895293}"
"2026-05-19T13:21:35.317Z","1779196895317","remote_relay","speedl","889","guest","operator","0.5539020260048947","0.21142989774477847","0.045754610424561","2.922771116479369","-1.0642586036395438","-0.07953577852500802","{""type"":""speedl"",""xd"":[-0.0010410964382985763,0.0003315848343738498,0,0,0,0],""a"":1,""t"":0.08,""seq"":889,""ts"":1779196895313}"
"2026-05-19T13:21:35.337Z","1779196895337","remote_relay","speedl","890","guest","operator","0.5539020260048947","0.21142989774477847","0.045754610424561","2.922771116479369","-1.0642586036395438","-0.07953577852500802","{""type"":""speedl"",""xd"":[-0.0010410964382985763,0.0003315848343738498,0,0,0,0],""a"":1,""t"":0.08,""seq"":890,""ts"":1779196895333}"
"2026-05-19T13:21:35.356Z","1779196895356","remote_relay","speedl","891","guest","operator","0.5539020260048947","0.21142989774477847","0.045754610424561","2.922771116479369","-1.0642586036395438","-0.07953577852500802","{""type"":""speedl"",""xd"":[-0.0010410964382985763,0.0003315848343738498,0,0,0,0],""a"":1,""t"":0.08,""seq"":891,""ts"":1779196895352}"
"2026-05-19T13:21:35.377Z","1779196895377","remote_relay","speedl","892","guest","operator","0.5539020260048947","0.21142989774477847","0.045754610424561","2.922771116479369","-1.0642586036395438","-0.07953577852500802","{""type"":""speedl"",""xd"":[-0.0010410964382985763,0.0003315848343738498,0,0,0,0],""a"":1,""t"":0.08,""seq"":892,""ts"":1779196895372}"
"2026-05-19T13:21:35.397Z","1779196895397","remote_relay","speedl","893","guest","operator","0.5539020260048947","0.21142989774477847","0.045754610424561","2.922771116479369","-1.0642586036395438","-0.07953577852500802","{""type"":""speedl"",""xd"":[-0.0010410964382985763,0.0003315848343738498,0,0,0,0],""a"":1,""t"":0.08,""seq"":893,""ts"":1779196895392}"
"2026-05-19T13:21:35.417Z","1779196895417","remote_relay","speedl","894","guest","operator","0.5538689618885152","0.2114624210695115","0.045796665926391894","2.9228454774270034","-1.0644049413560996","-0.07939254926590301","{""type"":""speedl"",""xd"":[-0.0010410964382985763,0.0003315848343738498,0,0,0,0],""a"":1,""t"":0.08,""seq"":894,""ts"":1779196895413}"
"2026-05-19T13:21:35.437Z","1779196895437","remote_relay","speedl","895","guest","operator","0.5538689618885152","0.2114624210695115","0.045796665926391894","2.9228454774270034","-1.0644049413560996","-0.07939254926590301","{""type"":""speedl"",""xd"":[-0.0010410964382985763,0.0003315848343738498,0,0,0,0],""a"":1,""t"":0.08,""seq"":895,""ts"":1779196895433}"
"2026-05-19T13:21:35.456Z","1779196895456","remote_relay","speedl","896","guest","operator","0.5538689618885152","0.2114624210695115","0.045796665926391894","2.9228454774270034","-1.0644049413560996","-0.07939254926590301","{""type"":""speedl"",""xd"":[-0.0010410964382985763,0.0003315848343738498,0,0,0,0],""a"":1,""t"":0.08,""seq"":896,""ts"":1779196895452}"
"2026-05-19T13:21:35.478Z","1779196895478","remote_relay","speedl","897","guest","operator","0.5538689618885152","0.2114624210695115","0.045796665926391894","2.9228454774270034","-1.0644049413560996","-0.07939254926590301","{""type"":""speedl"",""xd"":[-0.0010410964382985763,0.0003315848343738498,0,0,0,0],""a"":1,""t"":0.08,""seq"":897,""ts"":1779196895473}"
"2026-05-19T13:21:35.498Z","1779196895498","remote_relay","speedl","898","guest","operator","0.5538689618885152","0.2114624210695115","0.045796665926391894","2.9228454774270034","-1.0644049413560996","-0.07939254926590301","{""type"":""speedl"",""xd"":[-0.0010410964382985763,0.0003315848343738498,0,0,0,0],""a"":1,""t"":0.08,""seq"":898,""ts"":1779196895493}"
"2026-05-19T13:21:35.517Z","1779196895517","remote_relay","speedl","899","guest","operator","0.5538689618885152","0.2114624210695115","0.045796665926391894","2.9228454774270034","-1.0644049413560996","-0.07939254926590301","{""type"":""speedl"",""xd"":[-0.0010410964382985763,0.0003315848343738498,0,0,0,0],""a"":1,""t"":0.08,""seq"":899,""ts"":1779196895513}"
"2026-05-19T13:21:35.537Z","1779196895537","remote_relay","speedl","900","guest","operator","0.5538689618885152","0.2114624210695115","0.045796665926391894","2.9228454774270034","-1.0644049413560996","-0.07939254926590301","{""type"":""speedl"",""xd"":[-0.0010410964382985763,0.0003315848343738498,0,0,0,0],""a"":1,""t"":0.08,""seq"":900,""ts"":1779196895533}"
"2026-05-19T13:21:35.557Z","1779196895557","remote_relay","speedl","901","guest","operator","0.5538689618885152","0.2114624210695115","0.045796665926391894","2.9228454774270034","-1.0644049413560996","-0.07939254926590301","{""type"":""speedl"",""xd"":[-0.0010410964382985763,0.0003315848343738498,0,0,0,0],""a"":1,""t"":0.08,""seq"":901,""ts"":1779196895553}"
"2026-05-19T13:21:35.577Z","1779196895578","remote_relay","speedl","902","guest","operator","0.5538689618885152","0.2114624210695115","0.045796665926391894","2.9228454774270034","-1.0644049413560996","-0.07939254926590301","{""type"":""speedl"",""xd"":[-0.0010410964382985763,0.0003315848343738498,0,0,0,0],""a"":1,""t"":0.08,""seq"":902,""ts"":1779196895572}"
"2026-05-19T13:21:35.597Z","1779196895597","remote_relay","speedl","903","guest","operator","0.5538689618885152","0.2114624210695115","0.045796665926391894","2.9228454774270034","-1.0644049413560996","-0.07939254926590301","{""type"":""speedl"",""xd"":[-0.0010410964382985763,0.0003315848343738498,0,0,0,0],""a"":1,""t"":0.08,""seq"":903,""ts"":1779196895593}"
"2026-05-19T13:21:35.617Z","1779196895617","remote_relay","speedl","904","guest","operator","0.5538689618885152","0.2114624210695115","0.045796665926391894","2.9228454774270034","-1.0644049413560996","-0.07939254926590301","{""type"":""speedl"",""xd"":[-0.0010410964382985763,0.0003315848343738498,0,0,0,0],""a"":1,""t"":0.08,""seq"":904,""ts"":1779196895613}"
"2026-05-19T13:21:35.637Z","1779196895637","remote_relay","speedl","905","guest","operator","0.5538689618885152","0.2114624210695115","0.045796665926391894","2.9228454774270034","-1.0644049413560996","-0.07939254926590301","{""type"":""speedl"",""xd"":[-0.0010410964382985763,0.0003315848343738498,0,0,0,0],""a"":1,""t"":0.08,""seq"":905,""ts"":1779196895633}"
"2026-05-19T13:21:35.660Z","1779196895660","remote_relay","speedl","906","guest","operator","0.5538689618885152","0.2114624210695115","0.045796665926391894","2.9228454774270034","-1.0644049413560996","-0.07939254926590301","{""type"":""speedl"",""xd"":[-0.0010410964382985763,0.0003315848343738498,0,0,0,0],""a"":1,""t"":0.08,""seq"":906,""ts"":1779196895653}"
"2026-05-19T13:21:35.677Z","1779196895677","remote_relay","speedl","907","guest","operator","0.5538689618885152","0.2114624210695115","0.045796665926391894","2.9228454774270034","-1.0644049413560996","-0.07939254926590301","{""type"":""speedl"",""xd"":[-0.0010410964382985763,0.0003315848343738498,0,0,0,0],""a"":1,""t"":0.08,""seq"":907,""ts"":1779196895673}"
"2026-05-19T13:21:35.697Z","1779196895697","remote_relay","speedl","908","guest","operator","0.5538689618885152","0.2114624210695115","0.045796665926391894","2.9228454774270034","-1.0644049413560996","-0.07939254926590301","{""type"":""speedl"",""xd"":[-0.0010410964382985763,0.0003315848343738498,0,0,0,0],""a"":1,""t"":0.08,""seq"":908,""ts"":1779196895693}"
"2026-05-19T13:21:35.716Z","1779196895716","remote_relay","speedl","909","guest","operator","0.5538689618885152","0.2114624210695115","0.045796665926391894","2.9228454774270034","-1.0644049413560996","-0.07939254926590301","{""type"":""speedl"",""xd"":[-0.0010410964382985763,0.0003315848343738498,0,0,0,0],""a"":1,""t"":0.08,""seq"":909,""ts"":1779196895712}"
"2026-05-19T13:21:35.736Z","1779196895736","remote_relay","speedl","910","guest","operator","0.5536513348782154","0.21153875188367427","0.04578278860341087","2.922846359555753","-1.0643098570571146","-0.07944981552219921","{""type"":""speedl"",""xd"":[-0.0010410964382985763,0.0003315848343738498,0,0,0,0],""a"":1,""t"":0.08,""seq"":910,""ts"":1779196895732}"
"2026-05-19T13:21:35.756Z","1779196895756","remote_relay","speedl","911","guest","operator","0.5536513348782154","0.21153875188367427","0.04578278860341087","2.922846359555753","-1.0643098570571146","-0.07944981552219921","{""type"":""speedl"",""xd"":[-0.0010410964382985763,0.0003315848343738498,0,0,0,0],""a"":1,""t"":0.08,""seq"":911,""ts"":1779196895752}"
"2026-05-19T13:21:35.778Z","1779196895778","remote_relay","speedl","912","guest","operator","0.5536513348782154","0.21153875188367427","0.04578278860341087","2.922846359555753","-1.0643098570571146","-0.07944981552219921","{""type"":""speedl"",""xd"":[-0.0010410964382985763,0.0003315848343738498,0,0,0,0],""a"":1,""t"":0.08,""seq"":912,""ts"":1779196895773}"
"2026-05-19T13:21:35.797Z","1779196895797","remote_relay","speedl","913","guest","operator","0.5536513348782154","0.21153875188367427","0.04578278860341087","2.922846359555753","-1.0643098570571146","-0.07944981552219921","{""type"":""speedl"",""xd"":[-0.0010410964382985763,0.0003315848343738498,0,0,0,0],""a"":1,""t"":0.08,""seq"":913,""ts"":1779196895792}"
"2026-05-19T13:21:35.818Z","1779196895818","remote_relay","speedl","914","guest","operator","0.5536513348782154","0.21153875188367427","0.04578278860341087","2.922846359555753","-1.0643098570571146","-0.07944981552219921","{""type"":""speedl"",""xd"":[-0.0010410964382985763,0.0003315848343738498,0,0,0,0],""a"":1,""t"":0.08,""seq"":914,""ts"":1779196895813}"
"2026-05-19T13:21:35.837Z","1779196895837","remote_relay","speedl","915","guest","operator","0.5536513348782154","0.21153875188367427","0.04578278860341087","2.922846359555753","-1.0643098570571146","-0.07944981552219921","{""type"":""speedl"",""xd"":[-0.0010410964382985763,0.0003315848343738498,0,0,0,0],""a"":1,""t"":0.08,""seq"":915,""ts"":1779196895832}"
"2026-05-19T13:21:35.857Z","1779196895857","remote_relay","speedl","916","guest","operator","0.5536513348782154","0.21153875188367427","0.04578278860341087","2.922846359555753","-1.0643098570571146","-0.07944981552219921","{""type"":""speedl"",""xd"":[-0.0010410964382985763,0.0003315848343738498,0,0,0,0],""a"":1,""t"":0.08,""seq"":916,""ts"":1779196895853}"
"2026-05-19T13:21:35.877Z","1779196895877","remote_relay","speedl","917","guest","operator","0.5536579097176946","0.2115605745789749","0.045784664060334296","2.9228763400104096","-1.0642122663834477","-0.07942476505994903","{""type"":""speedl"",""xd"":[-0.0010410964382985763,0.0003315848343738498,0,0,0,0],""a"":1,""t"":0.08,""seq"":917,""ts"":1779196895873}"
"2026-05-19T13:21:35.899Z","1779196895899","remote_relay","speedl","918","guest","operator","0.5536579097176946","0.2115605745789749","0.045784664060334296","2.9228763400104096","-1.0642122663834477","-0.07942476505994903","{""type"":""speedl"",""xd"":[-0.0010410964382985763,0.0003315848343738498,0,0,0,0],""a"":1,""t"":0.08,""seq"":918,""ts"":1779196895895}"
"2026-05-19T13:21:35.917Z","1779196895917","remote_relay","speedl","919","guest","operator","0.5536579097176946","0.2115605745789749","0.045784664060334296","2.9228763400104096","-1.0642122663834477","-0.07942476505994903","{""type"":""speedl"",""xd"":[-0.0010410964382985763,0.0003315848343738498,0,0,0,0],""a"":1,""t"":0.08,""seq"":919,""ts"":1779196895912}"
"2026-05-19T13:21:35.937Z","1779196895937","remote_relay","speedl","920","guest","operator","0.5536579097176946","0.2115605745789749","0.045784664060334296","2.9228763400104096","-1.0642122663834477","-0.07942476505994903","{""type"":""speedl"",""xd"":[-0.0010410964382985763,0.0003315848343738498,0,0,0,0],""a"":1,""t"":0.08,""seq"":920,""ts"":1779196895932}"
"2026-05-19T13:21:35.957Z","1779196895957","remote_relay","speedl","921","guest","operator","0.5536563163159589","0.2115290490852221","0.0457749900478889","2.922780858547041","-1.0642887698424477","-0.07946637623212645","{""type"":""speedl"",""xd"":[-0.0010410964382985763,0.0003315848343738498,0,0,0,0],""a"":1,""t"":0.08,""seq"":921,""ts"":1779196895952}"
"2026-05-19T13:21:35.977Z","1779196895977","remote_relay","speedl","922","guest","operator","0.5536563163159589","0.2115290490852221","0.0457749900478889","2.922780858547041","-1.0642887698424477","-0.07946637623212645","{""type"":""speedl"",""xd"":[-0.0010410964382985763,0.0003315848343738498,0,0,0,0],""a"":1,""t"":0.08,""seq"":922,""ts"":1779196895973}"
"2026-05-19T13:21:35.998Z","1779196895998","remote_relay","speedl","923","guest","operator","0.5536563163159589","0.2115290490852221","0.0457749900478889","2.922780858547041","-1.0642887698424477","-0.07946637623212645","{""type"":""speedl"",""xd"":[-0.0010410964382985763,0.0003315848343738498,0,0,0,0],""a"":1,""t"":0.08,""seq"":923,""ts"":1779196895993}"
"2026-05-19T13:21:36.016Z","1779196896016","remote_relay","speedl","924","guest","operator","0.5536563163159589","0.2115290490852221","0.0457749900478889","2.922780858547041","-1.0642887698424477","-0.07946637623212645","{""type"":""speedl"",""xd"":[-0.0010410964382985763,0.0003315848343738498,0,0,0,0],""a"":1,""t"":0.08,""seq"":924,""ts"":1779196896012}"
"2026-05-19T13:21:36.037Z","1779196896037","remote_relay","speedl","925","guest","operator","0.5536416915396112","0.2115391529221196","0.045780657518099066","2.922830926424957","-1.0642694250014688","-0.0794349142577414","{""type"":""speedl"",""xd"":[-0.0010410964382985763,0.0003315848343738498,0,0,0,0],""a"":1,""t"":0.08,""seq"":925,""ts"":1779196896033}"
"2026-05-19T13:21:36.057Z","1779196896057","remote_relay","speedl","926","guest","operator","0.5536416915396112","0.2115391529221196","0.045780657518099066","2.922830926424957","-1.0642694250014688","-0.0794349142577414","{""type"":""speedl"",""xd"":[-0.0010410964382985763,0.0003315848343738498,0,0,0,0],""a"":1,""t"":0.08,""seq"":926,""ts"":1779196896052}"
"2026-05-19T13:21:36.077Z","1779196896077","remote_relay","speedl","927","guest","operator","0.5536416915396112","0.2115391529221196","0.045780657518099066","2.922830926424957","-1.0642694250014688","-0.0794349142577414","{""type"":""speedl"",""xd"":[-0.0010410964382985763,0.0003315848343738498,0,0,0,0],""a"":1,""t"":0.08,""seq"":927,""ts"":1779196896072}"
"2026-05-19T13:21:36.098Z","1779196896098","remote_relay","speedl","928","guest","operator","0.5536416915396112","0.2115391529221196","0.045780657518099066","2.922830926424957","-1.0642694250014688","-0.0794349142577414","{""type"":""speedl"",""xd"":[-0.0010410964382985763,0.0003315848343738498,0,0,0,0],""a"":1,""t"":0.08,""seq"":928,""ts"":1779196896094}"
"2026-05-19T13:21:36.117Z","1779196896117","remote_relay","speedl","929","guest","operator","0.5536416915396112","0.2115391529221196","0.045780657518099066","2.922830926424957","-1.0642694250014688","-0.0794349142577414","{""type"":""speedl"",""xd"":[-0.0010410964382985763,0.0003315848343738498,0,0,0,0],""a"":1,""t"":0.08,""seq"":929,""ts"":1779196896113}"
"2026-05-19T13:21:36.137Z","1779196896137","remote_relay","speedl","930","guest","operator","0.5535855922498646","0.21153519177284075","0.045770741200286874","2.922781536752469","-1.0643058909577856","-0.07945111760110432","{""type"":""speedl"",""xd"":[-0.0010410964382985763,0.0003315848343738498,0,0,0,0],""a"":1,""t"":0.08,""seq"":930,""ts"":1779196896133}"
"2026-05-19T13:21:36.157Z","1779196896157","remote_relay","speedl","931","guest","operator","0.5535855922498646","0.21153519177284075","0.045770741200286874","2.922781536752469","-1.0643058909577856","-0.07945111760110432","{""type"":""speedl"",""xd"":[-0.0010410964382985763,0.0003315848343738498,0,0,0,0],""a"":1,""t"":0.08,""seq"":931,""ts"":1779196896152}"
"2026-05-19T13:21:36.177Z","1779196896177","remote_relay","speedl","932","guest","operator","0.5535855922498646","0.21153519177284075","0.045770741200286874","2.922781536752469","-1.0643058909577856","-0.07945111760110432","{""type"":""speedl"",""xd"":[-0.0010410964382985763,0.0003315848343738498,0,0,0,0],""a"":1,""t"":0.08,""seq"":932,""ts"":1779196896172}"
"2026-05-19T13:21:36.198Z","1779196896198","remote_relay","speedl","933","guest","operator","0.5535855922498646","0.21153519177284075","0.045770741200286874","2.922781536752469","-1.0643058909577856","-0.07945111760110432","{""type"":""speedl"",""xd"":[-0.0010410964382985763,0.0003315848343738498,0,0,0,0],""a"":1,""t"":0.08,""seq"":933,""ts"":1779196896194}"
"2026-05-19T13:21:36.217Z","1779196896217","remote_relay","speedl","934","guest","operator","0.5535855922498646","0.21153519177284075","0.045770741200286874","2.922781536752469","-1.0643058909577856","-0.07945111760110432","{""type"":""speedl"",""xd"":[-0.0010410964382985763,0.0003315848343738498,0,0,0,0],""a"":1,""t"":0.08,""seq"":934,""ts"":1779196896212}"
"2026-05-19T13:21:36.237Z","1779196896237","remote_relay","speedl","935","guest","operator","0.553514260789627","0.21157348341216312","0.0457763651791461","2.9228372021781412","-1.0643290543012536","-0.07945609708852748","{""type"":""speedl"",""xd"":[-0.0010410964382985763,0.0003315848343738498,0,0,0,0],""a"":1,""t"":0.08,""seq"":935,""ts"":1779196896232}"
"2026-05-19T13:21:36.257Z","1779196896257","remote_relay","speedl","936","guest","operator","0.553514260789627","0.21157348341216312","0.0457763651791461","2.9228372021781412","-1.0643290543012536","-0.07945609708852748","{""type"":""speedl"",""xd"":[-0.0010410964382985763,0.0003315848343738498,0,0,0,0],""a"":1,""t"":0.08,""seq"":936,""ts"":1779196896253}"
"2026-05-19T13:21:36.277Z","1779196896277","remote_relay","speedl","937","guest","operator","0.553514260789627","0.21157348341216312","0.0457763651791461","2.9228372021781412","-1.0643290543012536","-0.07945609708852748","{""type"":""speedl"",""xd"":[-0.0010410964382985763,0.0003315848343738498,0,0,0,0],""a"":1,""t"":0.08,""seq"":937,""ts"":1779196896272}"
"2026-05-19T13:21:36.298Z","1779196896298","remote_relay","speedl","938","guest","operator","0.553514260789627","0.21157348341216312","0.0457763651791461","2.9228372021781412","-1.0643290543012536","-0.07945609708852748","{""type"":""speedl"",""xd"":[-0.0010410964382985763,0.0003315848343738498,0,0,0,0],""a"":1,""t"":0.08,""seq"":938,""ts"":1779196896294}"
"2026-05-19T13:21:36.317Z","1779196896317","remote_relay","speedl","939","guest","operator","0.5534435332683015","0.2116082852371533","0.04579565425169893","2.9228826973691113","-1.0642000370945852","-0.0793722850026469","{""type"":""speedl"",""xd"":[-0.0010410964382985763,0.0003315848343738498,0,0,0,0],""a"":1,""t"":0.08,""seq"":939,""ts"":1779196896313}"
"2026-05-19T13:21:36.337Z","1779196896337","remote_relay","speedl","940","guest","operator","0.5534435332683015","0.2116082852371533","0.04579565425169893","2.9228826973691113","-1.0642000370945852","-0.0793722850026469","{""type"":""speedl"",""xd"":[-0.0010410964382985763,0.0003315848343738498,0,0,0,0],""a"":1,""t"":0.08,""seq"":940,""ts"":1779196896332}"
"2026-05-19T13:21:36.357Z","1779196896357","remote_relay","speedl","941","guest","operator","0.5534435332683015","0.2116082852371533","0.04579565425169893","2.9228826973691113","-1.0642000370945852","-0.0793722850026469","{""type"":""speedl"",""xd"":[-0.0010410964382985763,0.0003315848343738498,0,0,0,0],""a"":1,""t"":0.08,""seq"":941,""ts"":1779196896353}"
"2026-05-19T13:21:36.377Z","1779196896377","remote_relay","speedl","942","guest","operator","0.5534435332683015","0.2116082852371533","0.04579565425169893","2.9228826973691113","-1.0642000370945852","-0.0793722850026469","{""type"":""speedl"",""xd"":[-0.0010410964382985763,0.0003315848343738498,0,0,0,0],""a"":1,""t"":0.08,""seq"":942,""ts"":1779196896372}"
"2026-05-19T13:21:36.400Z","1779196896400","remote_relay","speedl","943","guest","operator","0.5534435332683015","0.2116082852371533","0.04579565425169893","2.9228826973691113","-1.0642000370945852","-0.0793722850026469","{""type"":""speedl"",""xd"":[-0.0010410964382985763,0.0003315848343738498,0,0,0,0],""a"":1,""t"":0.08,""seq"":943,""ts"":1779196896395}"
"2026-05-19T13:21:36.418Z","1779196896418","remote_relay","speedl","944","guest","operator","0.5533489722695168","0.2116293813712559","0.0458038665926665","2.922814631235006","-1.0643359946957769","-0.07930789219704146","{""type"":""speedl"",""xd"":[-0.0010410964382985763,0.0003315848343738498,0,0,0,0],""a"":1,""t"":0.08,""seq"":944,""ts"":1779196896413}"
"2026-05-19T13:21:36.437Z","1779196896437","remote_relay","speedl","945","guest","operator","0.5533489722695168","0.2116293813712559","0.0458038665926665","2.922814631235006","-1.0643359946957769","-0.07930789219704146","{""type"":""speedl"",""xd"":[-0.0010410964382985763,0.0003315848343738498,0,0,0,0],""a"":1,""t"":0.08,""seq"":945,""ts"":1779196896432}"
"2026-05-19T13:21:36.457Z","1779196896457","remote_relay","speedl","946","guest","operator","0.5533489722695168","0.2116293813712559","0.0458038665926665","2.922814631235006","-1.0643359946957769","-0.07930789219704146","{""type"":""speedl"",""xd"":[-0.0010410964382985763,0.0003315848343738498,0,0,0,0],""a"":1,""t"":0.08,""seq"":946,""ts"":1779196896453}"
"2026-05-19T13:21:36.477Z","1779196896477","remote_relay","speedl","947","guest","operator","0.5533489722695168","0.2116293813712559","0.0458038665926665","2.922814631235006","-1.0643359946957769","-0.07930789219704146","{""type"":""speedl"",""xd"":[-0.0010410964382985763,0.0003315848343738498,0,0,0,0],""a"":1,""t"":0.08,""seq"":947,""ts"":1779196896473}"
"2026-05-19T13:21:36.497Z","1779196896497","remote_relay","speedl","948","guest","operator","0.5533489722695168","0.2116293813712559","0.0458038665926665","2.922814631235006","-1.0643359946957769","-0.07930789219704146","{""type"":""speedl"",""xd"":[-0.0010410964382985763,0.0003315848343738498,0,0,0,0],""a"":1,""t"":0.08,""seq"":948,""ts"":1779196896492}"
"2026-05-19T13:21:36.517Z","1779196896517","remote_relay","speedl","949","guest","operator","0.5532382277306132","0.21164321268212724","0.04578635157840283","2.92281225046107","-1.0643986667968621","-0.0794018365668333","{""type"":""speedl"",""xd"":[-0.0010410964382985763,0.0003315848343738498,0,0,0,0],""a"":1,""t"":0.08,""seq"":949,""ts"":1779196896513}"
"2026-05-19T13:21:36.536Z","1779196896536","remote_relay","speedl","950","guest","operator","0.5532382277306132","0.21164321268212724","0.04578635157840283","2.92281225046107","-1.0643986667968621","-0.0794018365668333","{""type"":""speedl"",""xd"":[-0.0010410964382985763,0.0003315848343738498,0,0,0,0],""a"":1,""t"":0.08,""seq"":950,""ts"":1779196896532}"
"2026-05-19T13:21:36.557Z","1779196896557","remote_relay","speedl","951","guest","operator","0.5532382277306132","0.21164321268212724","0.04578635157840283","2.92281225046107","-1.0643986667968621","-0.0794018365668333","{""type"":""speedl"",""xd"":[-0.0010410964382985763,0.0003315848343738498,0,0,0,0],""a"":1,""t"":0.08,""seq"":951,""ts"":1779196896553}"
"2026-05-19T13:21:36.578Z","1779196896578","remote_relay","speedl","952","guest","operator","0.5532382277306132","0.21164321268212724","0.04578635157840283","2.92281225046107","-1.0643986667968621","-0.0794018365668333","{""type"":""speedl"",""xd"":[-0.0010410964382985763,0.0003315848343738498,0,0,0,0],""a"":1,""t"":0.08,""seq"":952,""ts"":1779196896573}"
"2026-05-19T13:21:36.598Z","1779196896598","remote_relay","speedl","953","guest","operator","0.5532382277306132","0.21164321268212724","0.04578635157840283","2.92281225046107","-1.0643986667968621","-0.0794018365668333","{""type"":""speedl"",""xd"":[-0.0010410964382985763,0.0003315848343738498,0,0,0,0],""a"":1,""t"":0.08,""seq"":953,""ts"":1779196896594}"
"2026-05-19T13:21:36.617Z","1779196896617","remote_relay","speedl","954","guest","operator","0.5531548465216145","0.2117392007104107","0.04581393723668542","2.92292817053452","-1.0643044702910467","-0.07933824172170843","{""type"":""speedl"",""xd"":[-0.0010410964382985763,0.0003315848343738498,0,0,0,0],""a"":1,""t"":0.08,""seq"":954,""ts"":1779196896613}"
"2026-05-19T13:21:36.637Z","1779196896637","remote_relay","speedl","955","guest","operator","0.5531548465216145","0.2117392007104107","0.04581393723668542","2.92292817053452","-1.0643044702910467","-0.07933824172170843","{""type"":""speedl"",""xd"":[-0.0010410964382985763,0.0003315848343738498,0,0,0,0],""a"":1,""t"":0.08,""seq"":955,""ts"":1779196896633}"
"2026-05-19T13:21:36.657Z","1779196896657","remote_relay","speedl","956","guest","operator","0.5531548465216145","0.2117392007104107","0.04581393723668542","2.92292817053452","-1.0643044702910467","-0.07933824172170843","{""type"":""speedl"",""xd"":[-0.0010410964382985763,0.0003315848343738498,0,0,0,0],""a"":1,""t"":0.08,""seq"":956,""ts"":1779196896653}"
"2026-05-19T13:21:36.678Z","1779196896678","remote_relay","speedl","957","guest","operator","0.5531548465216145","0.2117392007104107","0.04581393723668542","2.92292817053452","-1.0643044702910467","-0.07933824172170843","{""type"":""speedl"",""xd"":[-0.0010410964382985763,0.0003315848343738498,0,0,0,0],""a"":1,""t"":0.08,""seq"":957,""ts"":1779196896673}"
"2026-05-19T13:21:36.699Z","1779196896699","remote_relay","speedl","958","guest","operator","0.5531548465216145","0.2117392007104107","0.04581393723668542","2.92292817053452","-1.0643044702910467","-0.07933824172170843","{""type"":""speedl"",""xd"":[-0.0010410964382985763,0.0003315848343738498,0,0,0,0],""a"":1,""t"":0.08,""seq"":958,""ts"":1779196896695}"
"2026-05-19T13:21:36.717Z","1779196896717","remote_relay","speedl","959","guest","operator","0.5530046175997081","0.21172801465340343","0.04577048072749795","2.922807528828704","-1.0643199921924589","-0.07952803901991232","{""type"":""speedl"",""xd"":[-0.0010410964382985763,0.0003315848343738498,0,0,0,0],""a"":1,""t"":0.08,""seq"":959,""ts"":1779196896713}"
"2026-05-19T13:21:36.737Z","1779196896737","remote_relay","speedl","960","guest","operator","0.5530046175997081","0.21172801465340343","0.04577048072749795","2.922807528828704","-1.0643199921924589","-0.07952803901991232","{""type"":""speedl"",""xd"":[-0.0010410964382985763,0.0004940813044538528,0,0,0,0],""a"":1,""t"":0.08,""seq"":960,""ts"":1779196896733}"
"2026-05-19T13:21:36.758Z","1779196896758","remote_relay","speedl","961","guest","operator","0.5530046175997081","0.21172801465340343","0.04577048072749795","2.922807528828704","-1.0643199921924589","-0.07952803901991232","{""type"":""speedl"",""xd"":[-0.0010410964382985763,0.0012800627936115192,0,0,0,0],""a"":1,""t"":0.08,""seq"":961,""ts"":1779196896753}"
"2026-05-19T13:21:36.779Z","1779196896779","remote_relay","speedl","962","guest","operator","0.5530046175997081","0.21172801465340343","0.04577048072749795","2.922807528828704","-1.0643199921924589","-0.07952803901991232","{""type"":""speedl"",""xd"":[-0.0013747580731354922,0.0032380005548593486,0,0,0,0],""a"":1,""t"":0.08,""seq"":962,""ts"":1779196896772}"
"2026-05-19T13:21:36.801Z","1779196896801","remote_relay","speedl","963","guest","operator","0.5530046175997081","0.21172801465340343","0.04577048072749795","2.922807528828704","-1.0643199921924589","-0.07952803901991232","{""type"":""speedl"",""xd"":[-0.0013747580731354922,0.00470988164243158,0,0,0,0],""a"":1,""t"":0.08,""seq"":963,""ts"":1779196896796}"
"2026-05-19T13:21:36.817Z","1779196896817","remote_relay","speedl","964","guest","operator","0.5529331404031722","0.21177877900132816","0.04580593281564163","2.922863699640673","-1.0644243004958687","-0.07942273144152308","{""type"":""speedl"",""xd"":[-0.0013747580731354922,0.00470988164243158,0,0,0,0],""a"":1,""t"":0.08,""seq"":964,""ts"":1779196896813}"
"2026-05-19T13:21:36.837Z","1779196896837","remote_relay","speedl","965","guest","operator","0.5529331404031722","0.21177877900132816","0.04580593281564163","2.922863699640673","-1.0644243004958687","-0.07942273144152308","{""type"":""speedl"",""xd"":[-0.0013747580731354922,0.00470988164243158,0,0,0,0],""a"":1,""t"":0.08,""seq"":965,""ts"":1779196896833}"
"2026-05-19T13:21:36.858Z","1779196896858","remote_relay","speedl","966","guest","operator","0.5529331404031722","0.21177877900132816","0.04580593281564163","2.922863699640673","-1.0644243004958687","-0.07942273144152308","{""type"":""speedl"",""xd"":[-0.0013747580731354922,0.00470988164243158,0,0,0,0],""a"":1,""t"":0.08,""seq"":966,""ts"":1779196896853}"
"2026-05-19T13:21:36.878Z","1779196896878","remote_relay","speedl","967","guest","operator","0.5529331404031722","0.21177877900132816","0.04580593281564163","2.922863699640673","-1.0644243004958687","-0.07942273144152308","{""type"":""speedl"",""xd"":[-0.0013747580731354922,0.00470988164243158,0,0,0,0],""a"":1,""t"":0.08,""seq"":967,""ts"":1779196896873}"
"2026-05-19T13:21:36.900Z","1779196896900","remote_relay","speedl","968","guest","operator","0.5527854032734857","0.2122139733076145","0.04581196139020724","2.9229305616743373","-1.0640590728247434","-0.07935787089856268","{""type"":""speedl"",""xd"":[-0.0013747580731354922,0.00470988164243158,0,0,0,0],""a"":1,""t"":0.08,""seq"":968,""ts"":1779196896895}"
"2026-05-19T13:21:36.917Z","1779196896917","remote_relay","speedl","969","guest","operator","0.5527854032734857","0.2122139733076145","0.04581196139020724","2.9229305616743373","-1.0640590728247434","-0.07935787089856268","{""type"":""speedl"",""xd"":[-0.0013747580731354922,0.00470988164243158,0,0,0,0],""a"":1,""t"":0.08,""seq"":969,""ts"":1779196896913}"
"2026-05-19T13:21:36.937Z","1779196896937","remote_relay","speedl","970","guest","operator","0.5527854032734857","0.2122139733076145","0.04581196139020724","2.9229305616743373","-1.0640590728247434","-0.07935787089856268","{""type"":""speedl"",""xd"":[-0.0013747580731354922,0.00558906407466381,0,0,0,0],""a"":1,""t"":0.08,""seq"":970,""ts"":1779196896932}"
"2026-05-19T13:21:36.957Z","1779196896957","remote_relay","speedl","971","guest","operator","0.5527854032734857","0.2122139733076145","0.04581196139020724","2.9229305616743373","-1.0640590728247434","-0.07935787089856268","{""type"":""speedl"",""xd"":[-0.0013747580731354922,0.0065713654179397575,0,0,0,0],""a"":1,""t"":0.08,""seq"":971,""ts"":1779196896952}"
"2026-05-19T13:21:36.978Z","1779196896978","remote_relay","speedl","972","guest","operator","0.5527854032734857","0.2122139733076145","0.04581196139020724","2.9229305616743373","-1.0640590728247434","-0.07935787089856268","{""type"":""speedl"",""xd"":[-0.0013747580731354922,0.007662503911319131,0,0,0,0],""a"":1,""t"":0.08,""seq"":972,""ts"":1779196896974}"
"2026-05-19T13:21:37.000Z","1779196897000","remote_relay","speedl","973","guest","operator","0.5526299139532993","0.21261971010897562","0.045783013648430904","2.9228704879964647","-1.06422815212308","-0.0794087824406151","{""type"":""speedl"",""xd"":[-0.0013747580731354922,0.007662503911319131,0,0,0,0],""a"":1,""t"":0.08,""seq"":973,""ts"":1779196896995}"
"2026-05-19T13:21:37.018Z","1779196897018","remote_relay","speedl","974","guest","operator","0.5526299139532993","0.21261971010897562","0.045783013648430904","2.9228704879964647","-1.06422815212308","-0.0794087824406151","{""type"":""speedl"",""xd"":[-0.0013747580731354922,0.007662503911319131,0,0,0,0],""a"":1,""t"":0.08,""seq"":974,""ts"":1779196897013}"
"2026-05-19T13:21:37.037Z","1779196897037","remote_relay","speedl","975","guest","operator","0.5526299139532993","0.21261971010897562","0.045783013648430904","2.9228704879964647","-1.06422815212308","-0.0794087824406151","{""type"":""speedl"",""xd"":[-0.0013747580731354922,0.007662503911319131,0,0,0,0],""a"":1,""t"":0.08,""seq"":975,""ts"":1779196897032}"
"2026-05-19T13:21:37.056Z","1779196897056","remote_relay","speedl","976","guest","operator","0.5526299139532993","0.21261971010897562","0.045783013648430904","2.9228704879964647","-1.06422815212308","-0.0794087824406151","{""type"":""speedl"",""xd"":[-0.0013747580731354922,0.007662503911319131,0,0,0,0],""a"":1,""t"":0.08,""seq"":976,""ts"":1779196897052}"
"2026-05-19T13:21:37.077Z","1779196897078","remote_relay","speedl","977","guest","operator","0.5526299139532993","0.21261971010897562","0.045783013648430904","2.9228704879964647","-1.06422815212308","-0.0794087824406151","{""type"":""speedl"",""xd"":[-0.0013747580731354922,0.007662503911319131,0,0,0,0],""a"":1,""t"":0.08,""seq"":977,""ts"":1779196897073}"
"2026-05-19T13:21:37.100Z","1779196897100","remote_relay","speedl","978","guest","operator","0.5526299139532993","0.21261971010897562","0.045783013648430904","2.9228704879964647","-1.06422815212308","-0.0794087824406151","{""type"":""speedl"",""xd"":[-0.0013747580731354922,0.008868197793861676,0,0,0,0],""a"":1,""t"":0.08,""seq"":978,""ts"":1779196897095}"
"2026-05-19T13:21:37.117Z","1779196897117","remote_relay","speedl","979","guest","operator","0.5525201803232365","0.21323256102899957","0.045812350679209884","2.9228411588289176","-1.064228262509116","-0.07930853741308752","{""type"":""speedl"",""xd"":[-0.0013747580731354922,0.008868197793861676,0,0,0,0],""a"":1,""t"":0.08,""seq"":979,""ts"":1779196897112}"
"2026-05-19T13:21:37.136Z","1779196897136","remote_relay","speedl","980","guest","operator","0.5525201803232365","0.21323256102899957","0.045812350679209884","2.9228411588289176","-1.064228262509116","-0.07930853741308752","{""type"":""speedl"",""xd"":[-0.0013747580731354922,0.010194165304627101,0,0,0,0],""a"":1,""t"":0.08,""seq"":980,""ts"":1779196897132}"
"2026-05-19T13:21:37.156Z","1779196897156","remote_relay","speedl","981","guest","operator","0.5525201803232365","0.21323256102899957","0.045812350679209884","2.9228411588289176","-1.064228262509116","-0.07930853741308752","{""type"":""speedl"",""xd"":[-0.0013747580731354922,0.011646124682675148,0,0,0,0],""a"":1,""t"":0.08,""seq"":981,""ts"":1779196897152}"
"2026-05-19T13:21:37.179Z","1779196897179","remote_relay","speedl","982","guest","operator","0.5525201803232365","0.21323256102899957","0.045812350679209884","2.9228411588289176","-1.064228262509116","-0.07930853741308752","{""type"":""speedl"",""xd"":[-0.0017730298528482865,0.011646124682675148,0,0,0,0],""a"":1,""t"":0.08,""seq"":982,""ts"":1779196897173}"
"2026-05-19T13:21:37.199Z","1779196897199","remote_relay","speedl","983","guest","operator","0.5524389976285682","0.21366169006441116","0.04581265268610299","2.922858137547799","-1.0643725191703037","-0.0793972160762547","{""type"":""speedl"",""xd"":[-0.0017730298528482865,0.01322979416706553,0,0,0,0],""a"":1,""t"":0.08,""seq"":983,""ts"":1779196897194}"
"2026-05-19T13:21:37.219Z","1779196897219","remote_relay","speedl","984","guest","operator","0.5524389976285682","0.21366169006441116","0.04581265268610299","2.922858137547799","-1.0643725191703037","-0.0793972160762547","{""type"":""speedl"",""xd"":[-0.0017730298528482865,0.016815136411112208,0,0,0,0],""a"":1,""t"":0.08,""seq"":984,""ts"":1779196897215}"
"2026-05-19T13:21:37.237Z","1779196897237","remote_relay","speedl","985","guest","operator","0.5524389976285682","0.21366169006441116","0.04581265268610299","2.922858137547799","-1.0643725191703037","-0.0793972160762547","{""type"":""speedl"",""xd"":[-0.0022416300164966796,0.016815136411112208,0,0,0,0],""a"":1,""t"":0.08,""seq"":985,""ts"":1779196897232}"
"2026-05-19T13:21:37.257Z","1779196897257","remote_relay","speedl","986","guest","operator","0.5524389976285682","0.21366169006441116","0.04581265268610299","2.922858137547799","-1.0643725191703037","-0.0793972160762547","{""type"":""speedl"",""xd"":[-0.002786276803140399,0.018828245648887954,0,0,0,0],""a"":1,""t"":0.08,""seq"":986,""ts"":1779196897253}"
"2026-05-19T13:21:37.278Z","1779196897278","remote_relay","speedl","987","guest","operator","0.5524389976285682","0.21366169006441116","0.04581265268610299","2.922858137547799","-1.0643725191703037","-0.0793972160762547","{""type"":""speedl"",""xd"":[-0.002786276803140399,0.02099593794924493,0,0,0,0],""a"":1,""t"":0.08,""seq"":987,""ts"":1779196897272}"
"2026-05-19T13:21:37.297Z","1779196897297","remote_relay","speedl","988","guest","operator","0.5524389976285682","0.21366169006441116","0.04581265268610299","2.922858137547799","-1.0643725191703037","-0.0793972160762547","{""type"":""speedl"",""xd"":[-0.002786276803140399,0.02099593794924493,0,0,0,0],""a"":1,""t"":0.08,""seq"":988,""ts"":1779196897293}"
"2026-05-19T13:21:37.317Z","1779196897317","remote_relay","speedl","989","guest","operator","0.5524389976285682","0.21366169006441116","0.04581265268610299","2.922858137547799","-1.0643725191703037","-0.0793972160762547","{""type"":""speedl"",""xd"":[-0.002786276803140399,0.02099593794924493,0,0,0,0],""a"":1,""t"":0.08,""seq"":989,""ts"":1779196897313}"
"2026-05-19T13:21:37.337Z","1779196897337","remote_relay","speedl","990","guest","operator","0.5524389976285682","0.21366169006441116","0.04581265268610299","2.922858137547799","-1.0643725191703037","-0.0793972160762547","{""type"":""speedl"",""xd"":[-0.002786276803140399,0.02099593794924493,0,0,0,0],""a"":1,""t"":0.08,""seq"":990,""ts"":1779196897333}"
"2026-05-19T13:21:37.357Z","1779196897357","remote_relay","speedl","991","guest","operator","0.5523829614859791","0.21393729317411092","0.04578742330714666","2.9228466901166654","-1.0641777275685271","-0.07936835683310167","{""type"":""speedl"",""xd"":[-0.002786276803140399,0.02099593794924493,0,0,0,0],""a"":1,""t"":0.08,""seq"":991,""ts"":1779196897352}"
"2026-05-19T13:21:37.380Z","1779196897380","remote_relay","speedl","992","guest","operator","0.5523829614859791","0.21393729317411092","0.04578742330714666","2.9228466901166654","-1.0641777275685271","-0.07936835683310167","{""type"":""speedl"",""xd"":[-0.002786276803140399,0.02099593794924493,0,0,0,0],""a"":1,""t"":0.08,""seq"":992,""ts"":1779196897372}"
"2026-05-19T13:21:37.397Z","1779196897397","remote_relay","speedl","993","guest","operator","0.5523829614859791","0.21393729317411092","0.04578742330714666","2.9228466901166654","-1.0641777275685271","-0.07936835683310167","{""type"":""speedl"",""xd"":[-0.002786276803140399,0.02099593794924493,0,0,0,0],""a"":1,""t"":0.08,""seq"":993,""ts"":1779196897392}"
"2026-05-19T13:21:37.417Z","1779196897417","remote_relay","speedl","994","guest","operator","0.5523829614859791","0.21393729317411092","0.04578742330714666","2.9228466901166654","-1.0641777275685271","-0.07936835683310167","{""type"":""speedl"",""xd"":[-0.002786276803140399,0.02099593794924493,0,0,0,0],""a"":1,""t"":0.08,""seq"":994,""ts"":1779196897413}"
"2026-05-19T13:21:37.436Z","1779196897436","remote_relay","speedl","995","guest","operator","0.5523829614859791","0.21393729317411092","0.04578742330714666","2.9228466901166654","-1.0641777275685271","-0.07936835683310167","{""type"":""speedl"",""xd"":[-0.002786276803140399,0.02099593794924493,0,0,0,0],""a"":1,""t"":0.08,""seq"":995,""ts"":1779196897432}"
"2026-05-19T13:21:37.458Z","1779196897458","remote_relay","speedl","996","guest","operator","0.5523829614859791","0.21393729317411092","0.04578742330714666","2.9228466901166654","-1.0641777275685271","-0.07936835683310167","{""type"":""speedl"",""xd"":[-0.002786276803140399,0.02099593794924493,0,0,0,0],""a"":1,""t"":0.08,""seq"":996,""ts"":1779196897453}"
"2026-05-19T13:21:37.479Z","1779196897479","remote_relay","speedl","997","guest","operator","0.5523829614859791","0.21393729317411092","0.04578742330714666","2.9228466901166654","-1.0641777275685271","-0.07936835683310167","{""type"":""speedl"",""xd"":[-0.002786276803140399,0.02099593794924493,0,0,0,0],""a"":1,""t"":0.08,""seq"":997,""ts"":1779196897473}"
"2026-05-19T13:21:37.497Z","1779196897497","remote_relay","speedl","998","guest","operator","0.5523829614859791","0.21393729317411092","0.04578742330714666","2.9228466901166654","-1.0641777275685271","-0.07936835683310167","{""type"":""speedl"",""xd"":[-0.002786276803140399,0.02099593794924493,0,0,0,0],""a"":1,""t"":0.08,""seq"":998,""ts"":1779196897493}"
"2026-05-19T13:21:37.516Z","1779196897516","remote_relay","speedl","999","guest","operator","0.5523829614859791","0.21393729317411092","0.04578742330714666","2.9228466901166654","-1.0641777275685271","-0.07936835683310167","{""type"":""speedl"",""xd"":[-0.002786276803140399,0.02099593794924493,0,0,0,0],""a"":1,""t"":0.08,""seq"":999,""ts"":1779196897512}"
"2026-05-19T13:21:37.537Z","1779196897537","remote_relay","speedl","1000","guest","operator","0.5523829614859791","0.21393729317411092","0.04578742330714666","2.9228466901166654","-1.0641777275685271","-0.07936835683310167","{""type"":""speedl"",""xd"":[-0.002786276803140399,0.02099593794924493,0,0,0,0],""a"":1,""t"":0.08,""seq"":1000,""ts"":1779196897533}"
"2026-05-19T13:21:37.558Z","1779196897558","remote_relay","speedl","1001","guest","operator","0.5523829614859791","0.21393729317411092","0.04578742330714666","2.9228466901166654","-1.0641777275685271","-0.07936835683310167","{""type"":""speedl"",""xd"":[-0.003412688451839165,0.02099593794924493,0,0,0,0],""a"":1,""t"":0.08,""seq"":1001,""ts"":1779196897553}"
"2026-05-19T13:21:37.579Z","1779196897579","remote_relay","speedl","1002","guest","operator","0.5523829614859791","0.21393729317411092","0.04578742330714666","2.9228466901166654","-1.0641777275685271","-0.07936835683310167","{""type"":""speedl"",""xd"":[-0.003412688451839165,0.02099593794924493,0,0,0,0],""a"":1,""t"":0.08,""seq"":1002,""ts"":1779196897574}"
"2026-05-19T13:21:37.597Z","1779196897597","remote_relay","speedl","1003","guest","operator","0.5523829614859791","0.21393729317411092","0.04578742330714666","2.9228466901166654","-1.0641777275685271","-0.07936835683310167","{""type"":""speedl"",""xd"":[-0.003412688451839165,0.02099593794924493,0,0,0,0],""a"":1,""t"":0.08,""seq"":1003,""ts"":1779196897593}"
"2026-05-19T13:21:37.617Z","1779196897617","remote_relay","speedl","1004","guest","operator","0.5523829614859791","0.21393729317411092","0.04578742330714666","2.9228466901166654","-1.0641777275685271","-0.07936835683310167","{""type"":""speedl"",""xd"":[-0.003412688451839165,0.023323931551242884,0,0,0,0],""a"":1,""t"":0.08,""seq"":1004,""ts"":1779196897613}"
"2026-05-19T13:21:37.637Z","1779196897637","remote_relay","speedl","1005","guest","operator","0.5523829614859791","0.21393729317411092","0.04578742330714666","2.9228466901166654","-1.0641777275685271","-0.07936835683310167","{""type"":""speedl"",""xd"":[-0.003412688451839165,0.023323931551242884,0,0,0,0],""a"":1,""t"":0.08,""seq"":1005,""ts"":1779196897633}"
"2026-05-19T13:21:37.658Z","1779196897658","remote_relay","speedl","1006","guest","operator","0.5523829614859791","0.21393729317411092","0.04578742330714666","2.9228466901166654","-1.0641777275685271","-0.07936835683310167","{""type"":""speedl"",""xd"":[-0.003412688451839165,0.023323931551242884,0,0,0,0],""a"":1,""t"":0.08,""seq"":1006,""ts"":1779196897652}"
"2026-05-19T13:21:37.679Z","1779196897679","remote_relay","speedl","1007","guest","operator","0.5523829614859791","0.21393729317411092","0.04578742330714666","2.9228466901166654","-1.0641777275685271","-0.07936835683310167","{""type"":""speedl"",""xd"":[-0.003412688451839165,0.023323931551242884,0,0,0,0],""a"":1,""t"":0.08,""seq"":1007,""ts"":1779196897672}"
"2026-05-19T13:21:37.696Z","1779196897696","remote_relay","speedl","1008","guest","operator","0.5523829614859791","0.21393729317411092","0.04578742330714666","2.9228466901166654","-1.0641777275685271","-0.07936835683310167","{""type"":""speedl"",""xd"":[-0.003412688451839165,0.023323931551242884,0,0,0,0],""a"":1,""t"":0.08,""seq"":1008,""ts"":1779196897692}"
"2026-05-19T13:21:37.716Z","1779196897716","remote_relay","speedl","1009","guest","operator","0.5523829614859791","0.21393729317411092","0.04578742330714666","2.9228466901166654","-1.0641777275685271","-0.07936835683310167","{""type"":""speedl"",""xd"":[-0.003412688451839165,0.023323931551242884,0,0,0,0],""a"":1,""t"":0.08,""seq"":1009,""ts"":1779196897712}"
"2026-05-19T13:21:37.737Z","1779196897737","remote_relay","speedl","1010","guest","operator","0.5523829614859791","0.21393729317411092","0.04578742330714666","2.9228466901166654","-1.0641777275685271","-0.07936835683310167","{""type"":""speedl"",""xd"":[-0.003412688451839165,0.023323931551242884,0,0,0,0],""a"":1,""t"":0.08,""seq"":1010,""ts"":1779196897733}"
"2026-05-19T13:21:37.757Z","1779196897757","remote_relay","speedl","1011","guest","operator","0.5523829614859791","0.21393729317411092","0.04578742330714666","2.9228466901166654","-1.0641777275685271","-0.07936835683310167","{""type"":""speedl"",""xd"":[-0.003412688451839165,0.023323931551242884,0,0,0,0],""a"":1,""t"":0.08,""seq"":1011,""ts"":1779196897752}"
"2026-05-19T13:21:37.779Z","1779196897779","remote_relay","speedl","1012","guest","operator","0.5523829614859791","0.21393729317411092","0.04578742330714666","2.9228466901166654","-1.0641777275685271","-0.07936835683310167","{""type"":""speedl"",""xd"":[-0.003412688451839165,0.023323931551242884,0,0,0,0],""a"":1,""t"":0.08,""seq"":1012,""ts"":1779196897773}"
"2026-05-19T13:21:37.796Z","1779196897796","remote_relay","speedl","1013","guest","operator","0.5523829614859791","0.21393729317411092","0.04578742330714666","2.9228466901166654","-1.0641777275685271","-0.07936835683310167","{""type"":""speedl"",""xd"":[-0.003412688451839165,0.023323931551242884,0,0,0,0],""a"":1,""t"":0.08,""seq"":1013,""ts"":1779196897792}"
"2026-05-19T13:21:37.817Z","1779196897817","remote_relay","speedl","1014","guest","operator","0.5523829614859791","0.21393729317411092","0.04578742330714666","2.9228466901166654","-1.0641777275685271","-0.07936835683310167","{""type"":""speedl"",""xd"":[-0.003412688451839165,0.023323931551242884,0,0,0,0],""a"":1,""t"":0.08,""seq"":1014,""ts"":1779196897813}"
"2026-05-19T13:21:37.837Z","1779196897837","remote_relay","speedl","1015","guest","operator","0.5523829614859791","0.21393729317411092","0.04578742330714666","2.9228466901166654","-1.0641777275685271","-0.07936835683310167","{""type"":""speedl"",""xd"":[-0.003412688451839165,0.023323931551242884,0,0,0,0],""a"":1,""t"":0.08,""seq"":1015,""ts"":1779196897833}"
"2026-05-19T13:21:37.858Z","1779196897858","remote_relay","speedl","1016","guest","operator","0.5523829614859791","0.21393729317411092","0.04578742330714666","2.9228466901166654","-1.0641777275685271","-0.07936835683310167","{""type"":""speedl"",""xd"":[-0.003412688451839165,0.023323931551242884,0,0,0,0],""a"":1,""t"":0.08,""seq"":1016,""ts"":1779196897853}"
"2026-05-19T13:21:37.880Z","1779196897880","remote_relay","speedl","1017","guest","operator","0.5523829614859791","0.21393729317411092","0.04578742330714666","2.9228466901166654","-1.0641777275685271","-0.07936835683310167","{""type"":""speedl"",""xd"":[-0.003412688451839165,0.023323931551242884,0,0,0,0],""a"":1,""t"":0.08,""seq"":1017,""ts"":1779196897872}"
"2026-05-19T13:21:37.896Z","1779196897896","remote_relay","speedl","1018","guest","operator","0.5523829614859791","0.21393729317411092","0.04578742330714666","2.9228466901166654","-1.0641777275685271","-0.07936835683310167","{""type"":""speedl"",""xd"":[-0.003412688451839165,0.023323931551242884,0,0,0,0],""a"":1,""t"":0.08,""seq"":1018,""ts"":1779196897892}"
"2026-05-19T13:21:37.916Z","1779196897916","remote_relay","speedl","1019","guest","operator","0.5523829614859791","0.21393729317411092","0.04578742330714666","2.9228466901166654","-1.0641777275685271","-0.07936835683310167","{""type"":""speedl"",""xd"":[-0.003412688451839165,0.023323931551242884,0,0,0,0],""a"":1,""t"":0.08,""seq"":1019,""ts"":1779196897912}"
"2026-05-19T13:21:37.938Z","1779196897938","remote_relay","speedl","1020","guest","operator","0.5523829614859791","0.21393729317411092","0.04578742330714666","2.9228466901166654","-1.0641777275685271","-0.07936835683310167","{""type"":""speedl"",""xd"":[-0.003412688451839165,0.023323931551242884,0,0,0,0],""a"":1,""t"":0.08,""seq"":1020,""ts"":1779196897933}"
"2026-05-19T13:21:37.957Z","1779196897957","remote_relay","speedl","1021","guest","operator","0.5523829614859791","0.21393729317411092","0.04578742330714666","2.9228466901166654","-1.0641777275685271","-0.07936835683310167","{""type"":""speedl"",""xd"":[-0.003412688451839165,0.023323931551242884,0,0,0,0],""a"":1,""t"":0.08,""seq"":1021,""ts"":1779196897952}"
"2026-05-19T13:21:37.976Z","1779196897976","remote_relay","speedl","1022","guest","operator","0.5523829614859791","0.21393729317411092","0.04578742330714666","2.9228466901166654","-1.0641777275685271","-0.07936835683310167","{""type"":""speedl"",""xd"":[-0.003412688451839165,0.023323931551242884,0,0,0,0],""a"":1,""t"":0.08,""seq"":1022,""ts"":1779196897972}"
"2026-05-19T13:21:37.997Z","1779196897997","remote_relay","speedl","1023","guest","operator","0.5523829614859791","0.21393729317411092","0.04578742330714666","2.9228466901166654","-1.0641777275685271","-0.07936835683310167","{""type"":""speedl"",""xd"":[-0.003412688451839165,0.023323931551242884,0,0,0,0],""a"":1,""t"":0.08,""seq"":1023,""ts"":1779196897993}"
"2026-05-19T13:21:38.019Z","1779196898019","remote_relay","speedl","1024","guest","operator","0.5523829614859791","0.21393729317411092","0.04578742330714666","2.9228466901166654","-1.0641777275685271","-0.07936835683310167","{""type"":""speedl"",""xd"":[-0.003412688451839165,0.023323931551242884,0,0,0,0],""a"":1,""t"":0.08,""seq"":1024,""ts"":1779196898015}"
"2026-05-19T13:21:38.037Z","1779196898037","remote_relay","speedl","1025","guest","operator","0.5523829614859791","0.21393729317411092","0.04578742330714666","2.9228466901166654","-1.0641777275685271","-0.07936835683310167","{""type"":""speedl"",""xd"":[-0.003412688451839165,0.023323931551242884,0,0,0,0],""a"":1,""t"":0.08,""seq"":1025,""ts"":1779196898032}"
"2026-05-19T13:21:38.057Z","1779196898057","remote_relay","speedl","1026","guest","operator","0.5523829614859791","0.21393729317411092","0.04578742330714666","2.9228466901166654","-1.0641777275685271","-0.07936835683310167","{""type"":""speedl"",""xd"":[-0.003412688451839165,0.023323931551242884,0,0,0,0],""a"":1,""t"":0.08,""seq"":1026,""ts"":1779196898053}"
"2026-05-19T13:21:38.076Z","1779196898076","remote_relay","speedl","1027","guest","operator","0.5523829614859791","0.21393729317411092","0.04578742330714666","2.9228466901166654","-1.0641777275685271","-0.07936835683310167","{""type"":""speedl"",""xd"":[-0.003412688451839165,0.023323931551242884,0,0,0,0],""a"":1,""t"":0.08,""seq"":1027,""ts"":1779196898072}"
"2026-05-19T13:21:38.096Z","1779196898096","remote_relay","speedl","1028","guest","operator","0.5523829614859791","0.21393729317411092","0.04578742330714666","2.9228466901166654","-1.0641777275685271","-0.07936835683310167","{""type"":""speedl"",""xd"":[-0.003412688451839165,0.023323931551242884,0,0,0,0],""a"":1,""t"":0.08,""seq"":1028,""ts"":1779196898092}"
"2026-05-19T13:21:38.117Z","1779196898117","remote_relay","speedl","1029","guest","operator","0.5523829614859791","0.21393729317411092","0.04578742330714666","2.9228466901166654","-1.0641777275685271","-0.07936835683310167","{""type"":""speedl"",""xd"":[-0.003412688451839165,0.023323931551242884,0,0,0,0],""a"":1,""t"":0.08,""seq"":1029,""ts"":1779196898113}"
"2026-05-19T13:21:38.136Z","1779196898136","remote_relay","speedl","1030","guest","operator","0.5523829614859791","0.21393729317411092","0.04578742330714666","2.9228466901166654","-1.0641777275685271","-0.07936835683310167","{""type"":""speedl"",""xd"":[-0.003412688451839165,0.023323931551242884,0,0,0,0],""a"":1,""t"":0.08,""seq"":1030,""ts"":1779196898132}"
"2026-05-19T13:21:38.157Z","1779196898157","remote_relay","speedl","1031","guest","operator","0.5523829614859791","0.21393729317411092","0.04578742330714666","2.9228466901166654","-1.0641777275685271","-0.07936835683310167","{""type"":""speedl"",""xd"":[-0.003412688451839165,0.023323931551242884,0,0,0,0],""a"":1,""t"":0.08,""seq"":1031,""ts"":1779196898153}"
"2026-05-19T13:21:38.179Z","1779196898179","remote_relay","speedl","1032","guest","operator","0.5523829614859791","0.21393729317411092","0.04578742330714666","2.9228466901166654","-1.0641777275685271","-0.07936835683310167","{""type"":""speedl"",""xd"":[-0.003412688451839165,0.023323931551242884,0,0,0,0],""a"":1,""t"":0.08,""seq"":1032,""ts"":1779196898174}"
"2026-05-19T13:21:38.199Z","1779196898199","remote_relay","speedl","1033","guest","operator","0.5523829614859791","0.21393729317411092","0.04578742330714666","2.9228466901166654","-1.0641777275685271","-0.07936835683310167","{""type"":""speedl"",""xd"":[-0.003412688451839165,0.023323931551242884,0,0,0,0],""a"":1,""t"":0.08,""seq"":1033,""ts"":1779196898193}"
"2026-05-19T13:21:38.219Z","1779196898219","remote_relay","speedl","1034","guest","operator","0.5523829614859791","0.21393729317411092","0.04578742330714666","2.9228466901166654","-1.0641777275685271","-0.07936835683310167","{""type"":""speedl"",""xd"":[-0.003412688451839165,0.023323931551242884,0,0,0,0],""a"":1,""t"":0.08,""seq"":1034,""ts"":1779196898213}"
"2026-05-19T13:21:38.237Z","1779196898237","remote_relay","speedl","1035","guest","operator","0.5523829614859791","0.21393729317411092","0.04578742330714666","2.9228466901166654","-1.0641777275685271","-0.07936835683310167","{""type"":""speedl"",""xd"":[-0.003412688451839165,0.023323931551242884,0,0,0,0],""a"":1,""t"":0.08,""seq"":1035,""ts"":1779196898233}"
"2026-05-19T13:21:38.256Z","1779196898256","remote_relay","speedl","1036","guest","operator","0.5523829614859791","0.21393729317411092","0.04578742330714666","2.9228466901166654","-1.0641777275685271","-0.07936835683310167","{""type"":""speedl"",""xd"":[-0.003412688451839165,0.023323931551242884,0,0,0,0],""a"":1,""t"":0.08,""seq"":1036,""ts"":1779196898252}"
"2026-05-19T13:21:38.277Z","1779196898277","remote_relay","speedl","1037","guest","operator","0.5523829614859791","0.21393729317411092","0.04578742330714666","2.9228466901166654","-1.0641777275685271","-0.07936835683310167","{""type"":""speedl"",""xd"":[-0.003412688451839165,0.023323931551242884,0,0,0,0],""a"":1,""t"":0.08,""seq"":1037,""ts"":1779196898272}"
"2026-05-19T13:21:38.297Z","1779196898297","remote_relay","speedl","1038","guest","operator","0.5523829614859791","0.21393729317411092","0.04578742330714666","2.9228466901166654","-1.0641777275685271","-0.07936835683310167","{""type"":""speedl"",""xd"":[-0.003412688451839165,0.023323931551242884,0,0,0,0],""a"":1,""t"":0.08,""seq"":1038,""ts"":1779196898292}"
"2026-05-19T13:21:38.328Z","1779196898328","remote_relay","speedl_stop","1040","guest","operator","0.5523829614859791","0.21393729317411092","0.04578742330714666","2.9228466901166654","-1.0641777275685271","-0.07936835683310167","{""type"":""speedl_stop"",""seq"":1040,""ts"":1779196898317}"
"2026-05-19T13:21:38.328Z","1779196898328","remote_relay","speedl_stop","1041","guest","operator","0.5523829614859791","0.21393729317411092","0.04578742330714666","2.9228466901166654","-1.0641777275685271","-0.07936835683310167","{""type"":""speedl_stop"",""seq"":1041,""ts"":1779196898318}"
"2026-05-19T13:21:38.328Z","1779196898328","remote_relay","speedl_stop","1042","guest","operator","0.5523829614859791","0.21393729317411092","0.04578742330714666","2.9228466901166654","-1.0641777275685271","-0.07936835683310167","{""type"":""speedl_stop"",""seq"":1042,""ts"":1779196898318}"
"2026-05-19T13:21:38.328Z","1779196898328","remote_relay","speedl","1039","guest","operator","0.5523829614859791","0.21393729317411092","0.04578742330714666","2.9228466901166654","-1.0641777275685271","-0.07936835683310167","{""type"":""speedl"",""xd"":[-0.003412688451839165,0.023323931551242884,0,0,0,0],""a"":1,""t"":0.08,""seq"":1039,""ts"":1779196898313}"
"2026-05-19T13:21:48.757Z","1779196908757","remote_relay","speedl_stop","1043","guest","operator","0.5523829614859791","0.21393729317411092","0.04578742330714666","2.9228466901166654","-1.0641777275685271","-0.07936835683310167","{""type"":""speedl_stop"",""seq"":1043,""ts"":1779196908757}"
"2026-05-19T13:21:48.777Z","1779196908777","remote_relay","speedl_stop","1044","guest","operator","0.5523829614859791","0.21393729317411092","0.04578742330714666","2.9228466901166654","-1.0641777275685271","-0.07936835683310167","{""type"":""speedl_stop"",""seq"":1044,""ts"":1779196908777}"
"2026-05-19T13:21:48.797Z","1779196908797","remote_relay","speedl_stop","1045","guest","operator","0.5523829614859791","0.21393729317411092","0.04578742330714666","2.9228466901166654","-1.0641777275685271","-0.07936835683310167","{""type"":""speedl_stop"",""seq"":1045,""ts"":1779196908797}"
"2026-05-19T13:21:48.818Z","1779196908818","remote_relay","speedl_stop","1046","guest","operator","0.5523829614859791","0.21393729317411092","0.04578742330714666","2.9228466901166654","-1.0641777275685271","-0.07936835683310167","{""type"":""speedl_stop"",""seq"":1046,""ts"":1779196908818}"
"2026-05-19T13:21:48.838Z","1779196908838","remote_relay","speedl_stop","1047","guest","operator","0.5523829614859791","0.21393729317411092","0.04578742330714666","2.9228466901166654","-1.0641777275685271","-0.07936835683310167","{""type"":""speedl_stop"",""seq"":1047,""ts"":1779196908837}"
"2026-05-19T13:21:48.861Z","1779196908861","remote_relay","speedl_stop","1048","guest","operator","0.5523829614859791","0.21393729317411092","0.04578742330714666","2.9228466901166654","-1.0641777275685271","-0.07936835683310167","{""type"":""speedl_stop"",""seq"":1048,""ts"":1779196908857}"
"2026-05-19T13:21:48.881Z","1779196908881","remote_relay","speedl_stop","1049","guest","operator","0.5523829614859791","0.21393729317411092","0.04578742330714666","2.9228466901166654","-1.0641777275685271","-0.07936835683310167","{""type"":""speedl_stop"",""seq"":1049,""ts"":1779196908877}"
"2026-05-19T13:21:48.901Z","1779196908901","remote_relay","speedl_stop","1050","guest","operator","0.5523829614859791","0.21393729317411092","0.04578742330714666","2.9228466901166654","-1.0641777275685271","-0.07936835683310167","{""type"":""speedl_stop"",""seq"":1050,""ts"":1779196908897}"
"2026-05-19T13:21:48.922Z","1779196908922","remote_relay","speedl_stop","1051","guest","operator","0.5523829614859791","0.21393729317411092","0.04578742330714666","2.9228466901166654","-1.0641777275685271","-0.07936835683310167","{""type"":""speedl_stop"",""seq"":1051,""ts"":1779196908918}"
"2026-05-19T13:21:48.941Z","1779196908941","remote_relay","speedl_stop","1052","guest","operator","0.5523829614859791","0.21393729317411092","0.04578742330714666","2.9228466901166654","-1.0641777275685271","-0.07936835683310167","{""type"":""speedl_stop"",""seq"":1052,""ts"":1779196908937}"
"2026-05-19T13:21:48.962Z","1779196908962","remote_relay","speedl_stop","1053","guest","operator","0.5523829614859791","0.21393729317411092","0.04578742330714666","2.9228466901166654","-1.0641777275685271","-0.07936835683310167","{""type"":""speedl_stop"",""seq"":1053,""ts"":1779196908957}"
"2026-05-19T13:21:48.981Z","1779196908981","remote_relay","speedl_stop","1054","guest","operator","0.5523829614859791","0.21393729317411092","0.04578742330714666","2.9228466901166654","-1.0641777275685271","-0.07936835683310167","{""type"":""speedl_stop"",""seq"":1054,""ts"":1779196908977}"
"2026-05-19T13:21:49.001Z","1779196909001","remote_relay","speedl_stop","1055","guest","operator","0.5523829614859791","0.21393729317411092","0.04578742330714666","2.9228466901166654","-1.0641777275685271","-0.07936835683310167","{""type"":""speedl_stop"",""seq"":1055,""ts"":1779196908997}"
"2026-05-19T13:21:49.021Z","1779196909021","remote_relay","speedl_stop","1056","guest","operator","0.5523829614859791","0.21393729317411092","0.04578742330714666","2.9228466901166654","-1.0641777275685271","-0.07936835683310167","{""type"":""speedl_stop"",""seq"":1056,""ts"":1779196909017}"
"2026-05-19T13:21:49.057Z","1779196909057","remote_relay","speedl_stop","1057","guest","operator","0.5523829614859791","0.21393729317411092","0.04578742330714666","2.9228466901166654","-1.0641777275685271","-0.07936835683310167","{""type"":""speedl_stop"",""seq"":1057,""ts"":1779196909038}"
"2026-05-19T13:21:49.062Z","1779196909062","remote_relay","speedl","1058","guest","operator","0.5523829614859791","0.21393729317411092","0.04578742330714666","2.9228466901166654","-1.0641777275685271","-0.07936835683310167","{""type"":""speedl"",""xd"":[-0.000011579887967682406,3.529777197360893e-11,0,0,0,0],""a"":1,""t"":0.08,""seq"":1058,""ts"":1779196909057}"
"2026-05-19T13:21:49.081Z","1779196909081","remote_relay","speedl","1059","guest","operator","0.5523829614859791","0.21393729317411092","0.04578742330714666","2.9228466901166654","-1.0641777275685271","-0.07936835683310167","{""type"":""speedl"",""xd"":[-0.0000757182843258159,0.0000010515559248658896,0,0,0,0],""a"":1,""t"":0.08,""seq"":1059,""ts"":1779196909077}"
"2026-05-19T13:21:49.102Z","1779196909102","remote_relay","speedl","1060","guest","operator","0.5523829614859791","0.21393729317411092","0.04578742330714666","2.9228466901166654","-1.0641777275685271","-0.07936835683310167","{""type"":""speedl"",""xd"":[-0.00023818656651514142,0.0000010515559248658896,0,0,0,0],""a"":1,""t"":0.08,""seq"":1060,""ts"":1779196909097}"
"2026-05-19T13:21:49.121Z","1779196909121","remote_relay","speedl","1061","guest","operator","0.5523829614859791","0.21393729317411092","0.04578742330714666","2.9228466901166654","-1.0641777275685271","-0.07936835683310167","{""type"":""speedl"",""xd"":[-0.0003705900124458142,0.0000010515559248658896,0,0,0,0],""a"":1,""t"":0.08,""seq"":1061,""ts"":1779196909117}"
"2026-05-19T13:21:49.142Z","1779196909142","remote_relay","speedl","1062","guest","operator","0.5523829614859791","0.21393729317411092","0.04578742330714666","2.9228466901166654","-1.0641777275685271","-0.07936835683310167","{""type"":""speedl"",""xd"":[-0.0005447306470134605,0.00000801192358034256,0,0,0,0],""a"":1,""t"":0.08,""seq"":1062,""ts"":1779196909137}"
"2026-05-19T13:21:49.162Z","1779196909162","remote_relay","speedl","1063","guest","operator","0.5523829614859791","0.21393729317411092","0.04578742330714666","2.9228466901166654","-1.0641777275685271","-0.07936835683310167","{""type"":""speedl"",""xd"":[-0.0022416300164966796,0.00012152849931432096,0,0,0,0],""a"":1,""t"":0.08,""seq"":1063,""ts"":1779196909158}"
"2026-05-19T13:21:49.181Z","1779196909181","remote_relay","speedl","1064","guest","operator","0.5523829614859791","0.21393729317411092","0.04578742330714666","2.9228466901166654","-1.0641777275685271","-0.07936835683310167","{""type"":""speedl"",""xd"":[-0.006850348448379241,0.0004940813044538528,0,0,0,0],""a"":1,""t"":0.08,""seq"":1064,""ts"":1779196909177}"
"2026-05-19T13:21:49.202Z","1779196909202","remote_relay","speedl","1065","guest","operator","0.5523829614859791","0.21393729317411092","0.04578742330714666","2.9228466901166654","-1.0641777275685271","-0.07936835683310167","{""type"":""speedl"",""xd"":[-0.015431884944994168,0.0016606147798357092,0,0,0,0],""a"":1,""t"":0.08,""seq"":1065,""ts"":1779196909197}"
"2026-05-19T13:21:49.221Z","1779196909221","remote_relay","speedl","1066","guest","operator","0.5523829614859791","0.21393729317411092","0.04578742330714666","2.9228466901166654","-1.0641777275685271","-0.07936835683310167","{""type"":""speedl"",""xd"":[-0.021598441104107722,0.002633865421399899,0,0,0,0],""a"":1,""t"":0.08,""seq"":1066,""ts"":1779196909217}"
"2026-05-19T13:21:49.241Z","1779196909241","remote_relay","speedl","1067","guest","operator","0.5523829614859791","0.21393729317411092","0.04578742330714666","2.9228466901166654","-1.0641777275685271","-0.07936835683310167","{""type"":""speedl"",""xd"":[-0.021598441104107722,0.002633865421399899,0,0,0,0],""a"":1,""t"":0.08,""seq"":1067,""ts"":1779196909237}"
"2026-05-19T13:21:49.262Z","1779196909262","remote_relay","speedl","1068","guest","operator","0.5523829614859791","0.21393729317411092","0.04578742330714666","2.9228466901166654","-1.0641777275685271","-0.07936835683310167","{""type"":""speedl"",""xd"":[-0.021598441104107722,0.002633865421399899,0,0,0,0],""a"":1,""t"":0.08,""seq"":1068,""ts"":1779196909257}"
"2026-05-19T13:21:49.281Z","1779196909281","remote_relay","speedl","1069","guest","operator","0.5523829614859791","0.21393729317411092","0.04578742330714666","2.9228466901166654","-1.0641777275685271","-0.07936835683310167","{""type"":""speedl"",""xd"":[-0.021598441104107722,0.002633865421399899,0,0,0,0],""a"":1,""t"":0.08,""seq"":1069,""ts"":1779196909277}"
"2026-05-19T13:21:49.302Z","1779196909302","remote_relay","speedl","1070","guest","operator","0.5523829614859791","0.21393729317411092","0.04578742330714666","2.9228466901166654","-1.0641777275685271","-0.07936835683310167","{""type"":""speedl"",""xd"":[-0.021598441104107722,0.002633865421399899,0,0,0,0],""a"":1,""t"":0.08,""seq"":1070,""ts"":1779196909297}"
"2026-05-19T13:21:49.324Z","1779196909324","remote_relay","speedl","1071","guest","operator","0.5523829614859791","0.21393729317411092","0.04578742330714666","2.9228466901166654","-1.0641777275685271","-0.07936835683310167","{""type"":""speedl"",""xd"":[-0.021598441104107722,0.002633865421399899,0,0,0,0],""a"":1,""t"":0.08,""seq"":1071,""ts"":1779196909317}"
"2026-05-19T13:21:49.341Z","1779196909341","remote_relay","speedl","1072","guest","operator","0.5523829614859791","0.21393729317411092","0.04578742330714666","2.9228466901166654","-1.0641777275685271","-0.07936835683310167","{""type"":""speedl"",""xd"":[-0.021598441104107722,0.002633865421399899,0,0,0,0],""a"":1,""t"":0.08,""seq"":1072,""ts"":1779196909337}"
"2026-05-19T13:21:49.362Z","1779196909362","remote_relay","speedl","1073","guest","operator","0.5523829614859791","0.21393729317411092","0.04578742330714666","2.9228466901166654","-1.0641777275685271","-0.07936835683310167","{""type"":""speedl"",""xd"":[-0.021598441104107722,0.002633865421399899,0,0,0,0],""a"":1,""t"":0.08,""seq"":1073,""ts"":1779196909357}"
"2026-05-19T13:21:49.382Z","1779196909382","remote_relay","speedl","1074","guest","operator","0.5523829614859791","0.21393729317411092","0.04578742330714666","2.9228466901166654","-1.0641777275685271","-0.07936835683310167","{""type"":""speedl"",""xd"":[-0.021598441104107722,0.002633865421399899,0,0,0,0],""a"":1,""t"":0.08,""seq"":1074,""ts"":1779196909377}"
"2026-05-19T13:21:49.401Z","1779196909401","remote_relay","speedl","1075","guest","operator","0.5523829614859791","0.21393729317411092","0.04578742330714666","2.9228466901166654","-1.0641777275685271","-0.07936835683310167","{""type"":""speedl"",""xd"":[-0.021598441104107722,0.002633865421399899,0,0,0,0],""a"":1,""t"":0.08,""seq"":1075,""ts"":1779196909397}"
"2026-05-19T13:21:49.424Z","1779196909424","remote_relay","speedl","1076","guest","operator","0.5523829614859791","0.21393729317411092","0.04578742330714666","2.9228466901166654","-1.0641777275685271","-0.07936835683310167","{""type"":""speedl"",""xd"":[-0.021598441104107722,0.002633865421399899,0,0,0,0],""a"":1,""t"":0.08,""seq"":1076,""ts"":1779196909419}"
"2026-05-19T13:21:49.441Z","1779196909441","remote_relay","speedl","1077","guest","operator","0.5523829614859791","0.21393729317411092","0.04578742330714666","2.9228466901166654","-1.0641777275685271","-0.07936835683310167","{""type"":""speedl"",""xd"":[-0.021598441104107722,0.002633865421399899,0,0,0,0],""a"":1,""t"":0.08,""seq"":1077,""ts"":1779196909437}"
"2026-05-19T13:21:49.461Z","1779196909461","remote_relay","speedl","1078","guest","operator","0.5523829614859791","0.21393729317411092","0.04578742330714666","2.9228466901166654","-1.0641777275685271","-0.07936835683310167","{""type"":""speedl"",""xd"":[-0.021598441104107722,0.002633865421399899,0,0,0,0],""a"":1,""t"":0.08,""seq"":1078,""ts"":1779196909457}"
"2026-05-19T13:21:49.481Z","1779196909481","remote_relay","speedl","1079","guest","operator","0.5523829614859791","0.21393729317411092","0.04578742330714666","2.9228466901166654","-1.0641777275685271","-0.07936835683310167","{""type"":""speedl"",""xd"":[-0.019388726494258286,0.002633865421399899,0,0,0,0],""a"":1,""t"":0.08,""seq"":1079,""ts"":1779196909477}"
"2026-05-19T13:21:49.502Z","1779196909502","remote_relay","speedl","1080","guest","operator","0.5523829614859791","0.21393729317411092","0.04578742330714666","2.9228466901166654","-1.0641777275685271","-0.07936835683310167","{""type"":""speedl"",""xd"":[-0.01733511385424035,0.002633865421399899,0,0,0,0],""a"":1,""t"":0.08,""seq"":1080,""ts"":1779196909497}"
"2026-05-19T13:21:49.522Z","1779196909522","remote_relay","speedl","1081","guest","operator","0.5523829614859791","0.21393729317411092","0.04578742330714666","2.9228466901166654","-1.0641777275685271","-0.07936835683310167","{""type"":""speedl"",""xd"":[-0.013673321527460007,0.002633865421399899,0,0,0,0],""a"":1,""t"":0.08,""seq"":1081,""ts"":1779196909517}"
"2026-05-19T13:21:49.542Z","1779196909542","remote_relay","speedl","1082","guest","operator","0.5523829614859791","0.21393729317411092","0.04578742330714666","2.9228466901166654","-1.0641777275685271","-0.07936835683310167","{""type"":""speedl"",""xd"":[-0.013673321527460007,0.002633865421399899,0,0,0,0],""a"":1,""t"":0.08,""seq"":1082,""ts"":1779196909538}"
"2026-05-19T13:21:49.561Z","1779196909561","remote_relay","speedl","1083","guest","operator","0.5523829614859791","0.21393729317411092","0.04578742330714666","2.9228466901166654","-1.0641777275685271","-0.07936835683310167","{""type"":""speedl"",""xd"":[-0.013673321527460007,0.002633865421399899,0,0,0,0],""a"":1,""t"":0.08,""seq"":1083,""ts"":1779196909557}"
"2026-05-19T13:21:49.581Z","1779196909581","remote_relay","speedl","1084","guest","operator","0.5523829614859791","0.21393729317411092","0.04578742330714666","2.9228466901166654","-1.0641777275685271","-0.07936835683310167","{""type"":""speedl"",""xd"":[-0.013673321527460007,0.002633865421399899,0,0,0,0],""a"":1,""t"":0.08,""seq"":1084,""ts"":1779196909577}"
"2026-05-19T13:21:49.602Z","1779196909602","remote_relay","speedl","1085","guest","operator","0.5523829614859791","0.21393729317411092","0.04578742330714666","2.9228466901166654","-1.0641777275685271","-0.07936835683310167","{""type"":""speedl"",""xd"":[-0.013673321527460007,0.002633865421399899,0,0,0,0],""a"":1,""t"":0.08,""seq"":1085,""ts"":1779196909597}"
"2026-05-19T13:21:49.625Z","1779196909625","remote_relay","speedl","1086","guest","operator","0.5523829614859791","0.21393729317411092","0.04578742330714666","2.9228466901166654","-1.0641777275685271","-0.07936835683310167","{""type"":""speedl"",""xd"":[-0.013673321527460007,0.002633865421399899,0,0,0,0],""a"":1,""t"":0.08,""seq"":1086,""ts"":1779196909617}"
"2026-05-19T13:21:49.641Z","1779196909641","remote_relay","speedl","1087","guest","operator","0.5523829614859791","0.21393729317411092","0.04578742330714666","2.9228466901166654","-1.0641777275685271","-0.07936835683310167","{""type"":""speedl"",""xd"":[-0.013673321527460007,0.002633865421399899,0,0,0,0],""a"":1,""t"":0.08,""seq"":1087,""ts"":1779196909637}"
"2026-05-19T13:21:49.662Z","1779196909662","remote_relay","speedl","1088","guest","operator","0.5523829614859791","0.21393729317411092","0.04578742330714666","2.9228466901166654","-1.0641777275685271","-0.07936835683310167","{""type"":""speedl"",""xd"":[-0.013673321527460007,0.002633865421399899,0,0,0,0],""a"":1,""t"":0.08,""seq"":1088,""ts"":1779196909657}"
"2026-05-19T13:21:49.681Z","1779196909681","remote_relay","speedl","1089","guest","operator","0.5523829614859791","0.21393729317411092","0.04578742330714666","2.9228466901166654","-1.0641777275685271","-0.07936835683310167","{""type"":""speedl"",""xd"":[-0.013673321527460007,0.002633865421399899,0,0,0,0],""a"":1,""t"":0.08,""seq"":1089,""ts"":1779196909677}"
"2026-05-19T13:21:49.701Z","1779196909701","remote_relay","speedl","1090","guest","operator","0.5523829614859791","0.21393729317411092","0.04578742330714666","2.9228466901166654","-1.0641777275685271","-0.07936835683310167","{""type"":""speedl"",""xd"":[-0.013673321527460007,0.002633865421399899,0,0,0,0],""a"":1,""t"":0.08,""seq"":1090,""ts"":1779196909697}"
"2026-05-19T13:21:49.722Z","1779196909722","remote_relay","speedl","1091","guest","operator","0.5523829614859791","0.21393729317411092","0.04578742330714666","2.9228466901166654","-1.0641777275685271","-0.07936835683310167","{""type"":""speedl"",""xd"":[-0.013673321527460007,0.002633865421399899,0,0,0,0],""a"":1,""t"":0.08,""seq"":1091,""ts"":1779196909717}"
"2026-05-19T13:21:49.742Z","1779196909742","remote_relay","speedl","1092","guest","operator","0.5523829614859791","0.21393729317411092","0.04578742330714666","2.9228466901166654","-1.0641777275685271","-0.07936835683310167","{""type"":""speedl"",""xd"":[-0.013673321527460007,0.002633865421399899,0,0,0,0],""a"":1,""t"":0.08,""seq"":1092,""ts"":1779196909737}"
"2026-05-19T13:21:49.762Z","1779196909762","remote_relay","speedl","1093","guest","operator","0.5523829614859791","0.21393729317411092","0.04578742330714666","2.9228466901166654","-1.0641777275685271","-0.07936835683310167","{""type"":""speedl"",""xd"":[-0.013673321527460007,0.002633865421399899,0,0,0,0],""a"":1,""t"":0.08,""seq"":1093,""ts"":1779196909757}"
"2026-05-19T13:21:49.782Z","1779196909782","remote_relay","speedl","1094","guest","operator","0.5523829614859791","0.21393729317411092","0.04578742330714666","2.9228466901166654","-1.0641777275685271","-0.07936835683310167","{""type"":""speedl"",""xd"":[-0.013673321527460007,0.002633865421399899,0,0,0,0],""a"":1,""t"":0.08,""seq"":1094,""ts"":1779196909777}"
"2026-05-19T13:21:49.801Z","1779196909801","remote_relay","speedl","1095","guest","operator","0.5523829614859791","0.21393729317411092","0.04578742330714666","2.9228466901166654","-1.0641777275685271","-0.07936835683310167","{""type"":""speedl"",""xd"":[-0.013673321527460007,0.002633865421399899,0,0,0,0],""a"":1,""t"":0.08,""seq"":1095,""ts"":1779196909797}"
"2026-05-19T13:21:49.822Z","1779196909822","remote_relay","speedl","1096","guest","operator","0.5523829614859791","0.21393729317411092","0.04578742330714666","2.9228466901166654","-1.0641777275685271","-0.07936835683310167","{""type"":""speedl"",""xd"":[-0.013673321527460007,0.002633865421399899,0,0,0,0],""a"":1,""t"":0.08,""seq"":1096,""ts"":1779196909817}"
"2026-05-19T13:21:49.841Z","1779196909841","remote_relay","speedl","1097","guest","operator","0.5523829614859791","0.21393729317411092","0.04578742330714666","2.9228466901166654","-1.0641777275685271","-0.07936835683310167","{""type"":""speedl"",""xd"":[-0.013673321527460007,0.002633865421399899,0,0,0,0],""a"":1,""t"":0.08,""seq"":1097,""ts"":1779196909837}"
"2026-05-19T13:21:49.861Z","1779196909861","remote_relay","speedl","1098","guest","operator","0.5523829614859791","0.21393729317411092","0.04578742330714666","2.9228466901166654","-1.0641777275685271","-0.07936835683310167","{""type"":""speedl"",""xd"":[-0.013673321527460007,0.002633865421399899,0,0,0,0],""a"":1,""t"":0.08,""seq"":1098,""ts"":1779196909857}"
"2026-05-19T13:21:49.882Z","1779196909882","remote_relay","speedl","1099","guest","operator","0.5523829614859791","0.21393729317411092","0.04578742330714666","2.9228466901166654","-1.0641777275685271","-0.07936835683310167","{""type"":""speedl"",""xd"":[-0.013673321527460007,0.002633865421399899,0,0,0,0],""a"":1,""t"":0.08,""seq"":1099,""ts"":1779196909877}"
"2026-05-19T13:21:49.903Z","1779196909903","remote_relay","speedl","1100","guest","operator","0.5523829614859791","0.21393729317411092","0.04578742330714666","2.9228466901166654","-1.0641777275685271","-0.07936835683310167","{""type"":""speedl"",""xd"":[-0.013673321527460007,0.002633865421399899,0,0,0,0],""a"":1,""t"":0.08,""seq"":1100,""ts"":1779196909897}"
"2026-05-19T13:21:49.925Z","1779196909925","remote_relay","speedl","1101","guest","operator","0.5523829614859791","0.21393729317411092","0.04578742330714666","2.9228466901166654","-1.0641777275685271","-0.07936835683310167","{""type"":""speedl"",""xd"":[-0.013673321527460007,0.002633865421399899,0,0,0,0],""a"":1,""t"":0.08,""seq"":1101,""ts"":1779196909918}"
"2026-05-19T13:21:49.941Z","1779196909941","remote_relay","speedl","1102","guest","operator","0.5523829614859791","0.21393729317411092","0.04578742330714666","2.9228466901166654","-1.0641777275685271","-0.07936835683310167","{""type"":""speedl"",""xd"":[-0.013673321527460007,0.002633865421399899,0,0,0,0],""a"":1,""t"":0.08,""seq"":1102,""ts"":1779196909937}"
"2026-05-19T13:21:49.961Z","1779196909961","remote_relay","speedl","1103","guest","operator","0.5523829614859791","0.21393729317411092","0.04578742330714666","2.9228466901166654","-1.0641777275685271","-0.07936835683310167","{""type"":""speedl"",""xd"":[-0.013673321527460007,0.002633865421399899,0,0,0,0],""a"":1,""t"":0.08,""seq"":1103,""ts"":1779196909957}"
"2026-05-19T13:21:49.981Z","1779196909981","remote_relay","speedl","1104","guest","operator","0.5523829614859791","0.21393729317411092","0.04578742330714666","2.9228466901166654","-1.0641777275685271","-0.07936835683310167","{""type"":""speedl"",""xd"":[-0.013673321527460007,0.002633865421399899,0,0,0,0],""a"":1,""t"":0.08,""seq"":1104,""ts"":1779196909977}"
"2026-05-19T13:21:50.003Z","1779196910003","remote_relay","speedl","1105","guest","operator","0.5523829614859791","0.21393729317411092","0.04578742330714666","2.9228466901166654","-1.0641777275685271","-0.07936835683310167","{""type"":""speedl"",""xd"":[-0.013673321527460007,0.002633865421399899,0,0,0,0],""a"":1,""t"":0.08,""seq"":1105,""ts"":1779196909997}"
"2026-05-19T13:21:50.021Z","1779196910021","remote_relay","speedl","1106","guest","operator","0.5523829614859791","0.21393729317411092","0.04578742330714666","2.9228466901166654","-1.0641777275685271","-0.07936835683310167","{""type"":""speedl"",""xd"":[-0.013673321527460007,0.002633865421399899,0,0,0,0],""a"":1,""t"":0.08,""seq"":1106,""ts"":1779196910017}"
"2026-05-19T13:21:50.043Z","1779196910043","remote_relay","speedl","1107","guest","operator","0.5523829614859791","0.21393729317411092","0.04578742330714666","2.9228466901166654","-1.0641777275685271","-0.07936835683310167","{""type"":""speedl"",""xd"":[-0.013673321527460007,0.002633865421399899,0,0,0,0],""a"":1,""t"":0.08,""seq"":1107,""ts"":1779196910037}"
"2026-05-19T13:21:50.062Z","1779196910062","remote_relay","speedl","1108","guest","operator","0.5523829614859791","0.21393729317411092","0.04578742330714666","2.9228466901166654","-1.0641777275685271","-0.07936835683310167","{""type"":""speedl"",""xd"":[-0.013673321527460007,0.002633865421399899,0,0,0,0],""a"":1,""t"":0.08,""seq"":1108,""ts"":1779196910057}"
"2026-05-19T13:21:50.081Z","1779196910081","remote_relay","speedl","1109","guest","operator","0.5523829614859791","0.21393729317411092","0.04578742330714666","2.9228466901166654","-1.0641777275685271","-0.07936835683310167","{""type"":""speedl"",""xd"":[-0.013673321527460007,0.002633865421399899,0,0,0,0],""a"":1,""t"":0.08,""seq"":1109,""ts"":1779196910077}"
"2026-05-19T13:21:50.102Z","1779196910102","remote_relay","speedl","1110","guest","operator","0.5523829614859791","0.21393729317411092","0.04578742330714666","2.9228466901166654","-1.0641777275685271","-0.07936835683310167","{""type"":""speedl"",""xd"":[-0.013673321527460007,0.002633865421399899,0,0,0,0],""a"":1,""t"":0.08,""seq"":1110,""ts"":1779196910097}"
"2026-05-19T13:21:50.122Z","1779196910122","remote_relay","speedl","1111","guest","operator","0.5523829614859791","0.21393729317411092","0.04578742330714666","2.9228466901166654","-1.0641777275685271","-0.07936835683310167","{""type"":""speedl"",""xd"":[-0.013673321527460007,0.002633865421399899,0,0,0,0],""a"":1,""t"":0.08,""seq"":1111,""ts"":1779196910118}"
"2026-05-19T13:21:50.142Z","1779196910142","remote_relay","speedl","1112","guest","operator","0.5523829614859791","0.21393729317411092","0.04578742330714666","2.9228466901166654","-1.0641777275685271","-0.07936835683310167","{""type"":""speedl"",""xd"":[-0.013673321527460007,0.002633865421399899,0,0,0,0],""a"":1,""t"":0.08,""seq"":1112,""ts"":1779196910137}"
"2026-05-19T13:21:50.161Z","1779196910161","remote_relay","speedl","1113","guest","operator","0.5523829614859791","0.21393729317411092","0.04578742330714666","2.9228466901166654","-1.0641777275685271","-0.07936835683310167","{""type"":""speedl"",""xd"":[-0.013673321527460007,0.002633865421399899,0,0,0,0],""a"":1,""t"":0.08,""seq"":1113,""ts"":1779196910156}"
"2026-05-19T13:21:50.181Z","1779196910181","remote_relay","speedl","1114","guest","operator","0.5523829614859791","0.21393729317411092","0.04578742330714666","2.9228466901166654","-1.0641777275685271","-0.07936835683310167","{""type"":""speedl"",""xd"":[-0.013673321527460007,0.002633865421399899,0,0,0,0],""a"":1,""t"":0.08,""seq"":1114,""ts"":1779196910177}"
"2026-05-19T13:21:50.202Z","1779196910202","remote_relay","speedl","1115","guest","operator","0.5523829614859791","0.21393729317411092","0.04578742330714666","2.9228466901166654","-1.0641777275685271","-0.07936835683310167","{""type"":""speedl"",""xd"":[-0.013673321527460007,0.002633865421399899,0,0,0,0],""a"":1,""t"":0.08,""seq"":1115,""ts"":1779196910197}"
"2026-05-19T13:21:50.221Z","1779196910221","remote_relay","speedl","1116","guest","operator","0.5523829614859791","0.21393729317411092","0.04578742330714666","2.9228466901166654","-1.0641777275685271","-0.07936835683310167","{""type"":""speedl"",""xd"":[-0.013673321527460007,0.002633865421399899,0,0,0,0],""a"":1,""t"":0.08,""seq"":1116,""ts"":1779196910217}"
"2026-05-19T13:21:50.242Z","1779196910242","remote_relay","speedl","1117","guest","operator","0.5523829614859791","0.21393729317411092","0.04578742330714666","2.9228466901166654","-1.0641777275685271","-0.07936835683310167","{""type"":""speedl"",""xd"":[-0.013673321527460007,0.002633865421399899,0,0,0,0],""a"":1,""t"":0.08,""seq"":1117,""ts"":1779196910237}"
"2026-05-19T13:21:50.262Z","1779196910262","remote_relay","speedl","1118","guest","operator","0.5523829614859791","0.21393729317411092","0.04578742330714666","2.9228466901166654","-1.0641777275685271","-0.07936835683310167","{""type"":""speedl"",""xd"":[-0.013673321527460007,0.002633865421399899,0,0,0,0],""a"":1,""t"":0.08,""seq"":1118,""ts"":1779196910257}"
"2026-05-19T13:21:50.282Z","1779196910282","remote_relay","speedl","1119","guest","operator","0.5523829614859791","0.21393729317411092","0.04578742330714666","2.9228466901166654","-1.0641777275685271","-0.07936835683310167","{""type"":""speedl"",""xd"":[-0.013673321527460007,0.002633865421399899,0,0,0,0],""a"":1,""t"":0.08,""seq"":1119,""ts"":1779196910277}"
"2026-05-19T13:21:50.302Z","1779196910302","remote_relay","speedl","1120","guest","operator","0.5523829614859791","0.21393729317411092","0.04578742330714666","2.9228466901166654","-1.0641777275685271","-0.07936835683310167","{""type"":""speedl"",""xd"":[-0.013673321527460007,0.002633865421399899,0,0,0,0],""a"":1,""t"":0.08,""seq"":1120,""ts"":1779196910297}"
"2026-05-19T13:21:50.321Z","1779196910321","remote_relay","speedl","1121","guest","operator","0.5523829614859791","0.21393729317411092","0.04578742330714666","2.9228466901166654","-1.0641777275685271","-0.07936835683310167","{""type"":""speedl"",""xd"":[-0.013673321527460007,0.002633865421399899,0,0,0,0],""a"":1,""t"":0.08,""seq"":1121,""ts"":1779196910317}"
"2026-05-19T13:21:50.342Z","1779196910342","remote_relay","speedl","1122","guest","operator","0.5523829614859791","0.21393729317411092","0.04578742330714666","2.9228466901166654","-1.0641777275685271","-0.07936835683310167","{""type"":""speedl"",""xd"":[-0.013673321527460007,0.002633865421399899,0,0,0,0],""a"":1,""t"":0.08,""seq"":1122,""ts"":1779196910337}"
"2026-05-19T13:21:50.362Z","1779196910362","remote_relay","speedl","1123","guest","operator","0.5523829614859791","0.21393729317411092","0.04578742330714666","2.9228466901166654","-1.0641777275685271","-0.07936835683310167","{""type"":""speedl"",""xd"":[-0.013673321527460007,0.002633865421399899,0,0,0,0],""a"":1,""t"":0.08,""seq"":1123,""ts"":1779196910357}"
"2026-05-19T13:21:50.381Z","1779196910381","remote_relay","speedl","1124","guest","operator","0.5523829614859791","0.21393729317411092","0.04578742330714666","2.9228466901166654","-1.0641777275685271","-0.07936835683310167","{""type"":""speedl"",""xd"":[-0.013673321527460007,0.002633865421399899,0,0,0,0],""a"":1,""t"":0.08,""seq"":1124,""ts"":1779196910377}"
"2026-05-19T13:21:50.402Z","1779196910402","remote_relay","speedl","1125","guest","operator","0.5523829614859791","0.21393729317411092","0.04578742330714666","2.9228466901166654","-1.0641777275685271","-0.07936835683310167","{""type"":""speedl"",""xd"":[-0.013673321527460007,0.002633865421399899,0,0,0,0],""a"":1,""t"":0.08,""seq"":1125,""ts"":1779196910397}"
"2026-05-19T13:21:50.423Z","1779196910423","remote_relay","speedl","1126","guest","operator","0.5523829614859791","0.21393729317411092","0.04578742330714666","2.9228466901166654","-1.0641777275685271","-0.07936835683310167","{""type"":""speedl"",""xd"":[-0.013673321527460007,0.002633865421399899,0,0,0,0],""a"":1,""t"":0.08,""seq"":1126,""ts"":1779196910417}"
"2026-05-19T13:21:50.442Z","1779196910442","remote_relay","speedl","1127","guest","operator","0.5523829614859791","0.21393729317411092","0.04578742330714666","2.9228466901166654","-1.0641777275685271","-0.07936835683310167","{""type"":""speedl"",""xd"":[-0.013673321527460007,0.002633865421399899,0,0,0,0],""a"":1,""t"":0.08,""seq"":1127,""ts"":1779196910437}"
"2026-05-19T13:21:50.462Z","1779196910462","remote_relay","speedl","1128","guest","operator","0.5523829614859791","0.21393729317411092","0.04578742330714666","2.9228466901166654","-1.0641777275685271","-0.07936835683310167","{""type"":""speedl"",""xd"":[-0.013673321527460007,0.002633865421399899,0,0,0,0],""a"":1,""t"":0.08,""seq"":1128,""ts"":1779196910457}"
"2026-05-19T13:21:50.481Z","1779196910481","remote_relay","speedl","1129","guest","operator","0.5523829614859791","0.21393729317411092","0.04578742330714666","2.9228466901166654","-1.0641777275685271","-0.07936835683310167","{""type"":""speedl"",""xd"":[-0.013673321527460007,0.002633865421399899,0,0,0,0],""a"":1,""t"":0.08,""seq"":1129,""ts"":1779196910477}"
"2026-05-19T13:21:50.502Z","1779196910502","remote_relay","speedl","1130","guest","operator","0.5523829614859791","0.21393729317411092","0.04578742330714666","2.9228466901166654","-1.0641777275685271","-0.07936835683310167","{""type"":""speedl"",""xd"":[-0.013673321527460007,0.002633865421399899,0,0,0,0],""a"":1,""t"":0.08,""seq"":1130,""ts"":1779196910497}"
"2026-05-19T13:21:50.522Z","1779196910522","remote_relay","speedl","1131","guest","operator","0.5523829614859791","0.21393729317411092","0.04578742330714666","2.9228466901166654","-1.0641777275685271","-0.07936835683310167","{""type"":""speedl"",""xd"":[-0.013673321527460007,0.002633865421399899,0,0,0,0],""a"":1,""t"":0.08,""seq"":1131,""ts"":1779196910517}"
"2026-05-19T13:21:50.542Z","1779196910542","remote_relay","speedl","1132","guest","operator","0.5523829614859791","0.21393729317411092","0.04578742330714666","2.9228466901166654","-1.0641777275685271","-0.07936835683310167","{""type"":""speedl"",""xd"":[-0.013673321527460007,0.002633865421399899,0,0,0,0],""a"":1,""t"":0.08,""seq"":1132,""ts"":1779196910537}"
"2026-05-19T13:21:50.563Z","1779196910563","remote_relay","speedl","1133","guest","operator","0.5523829614859791","0.21393729317411092","0.04578742330714666","2.9228466901166654","-1.0641777275685271","-0.07936835683310167","{""type"":""speedl"",""xd"":[-0.013673321527460007,0.002633865421399899,0,0,0,0],""a"":1,""t"":0.08,""seq"":1133,""ts"":1779196910558}"
"2026-05-19T13:21:50.582Z","1779196910582","remote_relay","speedl","1134","guest","operator","0.5523829614859791","0.21393729317411092","0.04578742330714666","2.9228466901166654","-1.0641777275685271","-0.07936835683310167","{""type"":""speedl"",""xd"":[-0.013673321527460007,0.002633865421399899,0,0,0,0],""a"":1,""t"":0.08,""seq"":1134,""ts"":1779196910577}"
"2026-05-19T13:21:50.602Z","1779196910602","remote_relay","speedl","1135","guest","operator","0.5523829614859791","0.21393729317411092","0.04578742330714666","2.9228466901166654","-1.0641777275685271","-0.07936835683310167","{""type"":""speedl"",""xd"":[-0.013673321527460007,0.002633865421399899,0,0,0,0],""a"":1,""t"":0.08,""seq"":1135,""ts"":1779196910597}"
"2026-05-19T13:21:50.621Z","1779196910621","remote_relay","speedl","1136","guest","operator","0.5523829614859791","0.21393729317411092","0.04578742330714666","2.9228466901166654","-1.0641777275685271","-0.07936835683310167","{""type"":""speedl"",""xd"":[-0.013673321527460007,0.002633865421399899,0,0,0,0],""a"":1,""t"":0.08,""seq"":1136,""ts"":1779196910617}"
"2026-05-19T13:21:50.642Z","1779196910642","remote_relay","speedl","1137","guest","operator","0.5523829614859791","0.21393729317411092","0.04578742330714666","2.9228466901166654","-1.0641777275685271","-0.07936835683310167","{""type"":""speedl"",""xd"":[-0.013673321527460007,0.002633865421399899,0,0,0,0],""a"":1,""t"":0.08,""seq"":1137,""ts"":1779196910637}"
"2026-05-19T13:21:50.662Z","1779196910662","remote_relay","speedl","1138","guest","operator","0.5523829614859791","0.21393729317411092","0.04578742330714666","2.9228466901166654","-1.0641777275685271","-0.07936835683310167","{""type"":""speedl"",""xd"":[-0.013673321527460007,0.002633865421399899,0,0,0,0],""a"":1,""t"":0.08,""seq"":1138,""ts"":1779196910658}"
"2026-05-19T13:21:50.681Z","1779196910681","remote_relay","speedl","1139","guest","operator","0.5523829614859791","0.21393729317411092","0.04578742330714666","2.9228466901166654","-1.0641777275685271","-0.07936835683310167","{""type"":""speedl"",""xd"":[-0.013673321527460007,0.002633865421399899,0,0,0,0],""a"":1,""t"":0.08,""seq"":1139,""ts"":1779196910676}"
"2026-05-19T13:21:50.702Z","1779196910702","remote_relay","speedl","1140","guest","operator","0.5523829614859791","0.21393729317411092","0.04578742330714666","2.9228466901166654","-1.0641777275685271","-0.07936835683310167","{""type"":""speedl"",""xd"":[-0.013673321527460007,0.002633865421399899,0,0,0,0],""a"":1,""t"":0.08,""seq"":1140,""ts"":1779196910697}"
"2026-05-19T13:21:50.722Z","1779196910722","remote_relay","speedl","1141","guest","operator","0.5523829614859791","0.21393729317411092","0.04578742330714666","2.9228466901166654","-1.0641777275685271","-0.07936835683310167","{""type"":""speedl"",""xd"":[-0.013673321527460007,0.002633865421399899,0,0,0,0],""a"":1,""t"":0.08,""seq"":1141,""ts"":1779196910717}"
"2026-05-19T13:21:50.741Z","1779196910741","remote_relay","speedl_stop","1142","guest","operator","0.5523829614859791","0.21393729317411092","0.04578742330714666","2.9228466901166654","-1.0641777275685271","-0.07936835683310167","{""type"":""speedl_stop"",""seq"":1142,""ts"":1779196910738}"
"2026-05-19T13:21:50.741Z","1779196910741","remote_relay","speedl_stop","1143","guest","operator","0.5523829614859791","0.21393729317411092","0.04578742330714666","2.9228466901166654","-1.0641777275685271","-0.07936835683310167","{""type"":""speedl_stop"",""seq"":1143,""ts"":1779196910738}"
"2026-05-19T13:21:50.745Z","1779196910745","remote_relay","speedl_stop","1144","guest","operator","0.5523829614859791","0.21393729317411092","0.04578742330714666","2.9228466901166654","-1.0641777275685271","-0.07936835683310167","{""type"":""speedl_stop"",""seq"":1144,""ts"":1779196910741}"
"2026-05-19T13:21:50.763Z","1779196910763","remote_relay","speedl_stop","1145","guest","operator","0.5523829614859791","0.21393729317411092","0.04578742330714666","2.9228466901166654","-1.0641777275685271","-0.07936835683310167","{""type"":""speedl_stop"",""seq"":1145,""ts"":1779196910759}"
"2026-05-19T13:21:50.781Z","1779196910781","remote_relay","speedl_stop","1146","guest","operator","0.5523829614859791","0.21393729317411092","0.04578742330714666","2.9228466901166654","-1.0641777275685271","-0.07936835683310167","{""type"":""speedl_stop"",""seq"":1146,""ts"":1779196910776}"
"2026-05-19T13:21:50.801Z","1779196910801","remote_relay","speedl_stop","1147","guest","operator","0.5523829614859791","0.21393729317411092","0.04578742330714666","2.9228466901166654","-1.0641777275685271","-0.07936835683310167","{""type"":""speedl_stop"",""seq"":1147,""ts"":1779196910797}"
"2026-05-19T13:21:50.821Z","1779196910821","remote_relay","speedl_stop","1148","guest","operator","0.5523829614859791","0.21393729317411092","0.04578742330714666","2.9228466901166654","-1.0641777275685271","-0.07936835683310167","{""type"":""speedl_stop"",""seq"":1148,""ts"":1779196910817}"
"2026-05-19T13:21:50.842Z","1779196910842","remote_relay","speedl_stop","1149","guest","operator","0.5523829614859791","0.21393729317411092","0.04578742330714666","2.9228466901166654","-1.0641777275685271","-0.07936835683310167","{""type"":""speedl_stop"",""seq"":1149,""ts"":1779196910837}"
"2026-05-19T13:21:50.862Z","1779196910862","remote_relay","speedl_stop","1150","guest","operator","0.5523829614859791","0.21393729317411092","0.04578742330714666","2.9228466901166654","-1.0641777275685271","-0.07936835683310167","{""type"":""speedl_stop"",""seq"":1150,""ts"":1779196910857}"
"2026-05-19T13:21:50.883Z","1779196910883","remote_relay","speedl_stop","1151","guest","operator","0.5523829614859791","0.21393729317411092","0.04578742330714666","2.9228466901166654","-1.0641777275685271","-0.07936835683310167","{""type"":""speedl_stop"",""seq"":1151,""ts"":1779196910877}"
"2026-05-19T13:21:50.903Z","1779196910903","remote_relay","speedl_stop","1152","guest","operator","0.5523829614859791","0.21393729317411092","0.04578742330714666","2.9228466901166654","-1.0641777275685271","-0.07936835683310167","{""type"":""speedl_stop"",""seq"":1152,""ts"":1779196910898}"
"2026-05-19T13:21:50.923Z","1779196910923","remote_relay","speedl_stop","1153","guest","operator","0.5523829614859791","0.21393729317411092","0.04578742330714666","2.9228466901166654","-1.0641777275685271","-0.07936835683310167","{""type"":""speedl_stop"",""seq"":1153,""ts"":1779196910917}"
"2026-05-19T13:21:50.943Z","1779196910943","remote_relay","speedl_stop","1154","guest","operator","0.5523829614859791","0.21393729317411092","0.04578742330714666","2.9228466901166654","-1.0641777275685271","-0.07936835683310167","{""type"":""speedl_stop"",""seq"":1154,""ts"":1779196910937}"
"2026-05-19T13:21:50.963Z","1779196910963","remote_relay","speedl_stop","1155","guest","operator","0.5523829614859791","0.21393729317411092","0.04578742330714666","2.9228466901166654","-1.0641777275685271","-0.07936835683310167","{""type"":""speedl_stop"",""seq"":1155,""ts"":1779196910957}"
"2026-05-19T13:21:50.982Z","1779196910982","remote_relay","speedl_stop","1156","guest","operator","0.5523829614859791","0.21393729317411092","0.04578742330714666","2.9228466901166654","-1.0641777275685271","-0.07936835683310167","{""type"":""speedl_stop"",""seq"":1156,""ts"":1779196910977}"
"2026-05-19T13:21:51.002Z","1779196911002","remote_relay","speedl","1157","guest","operator","0.5523829614859791","0.21393729317411092","0.04578742330714666","2.9228466901166654","-1.0641777275685271","-0.07936835683310167","{""type"":""speedl"",""xd"":[-0.013673321527460007,0.002633865421399899,0,0,0,0],""a"":1,""t"":0.08,""seq"":1157,""ts"":1779196910997}"
"2026-05-19T13:21:51.022Z","1779196911022","remote_relay","speedl","1158","guest","operator","0.5523829614859791","0.21393729317411092","0.04578742330714666","2.9228466901166654","-1.0641777275685271","-0.07936835683310167","{""type"":""speedl"",""xd"":[-0.013673321527460007,0.002633865421399899,0,0,0,0],""a"":1,""t"":0.08,""seq"":1158,""ts"":1779196911017}"
"2026-05-19T13:21:51.043Z","1779196911043","remote_relay","speedl","1159","guest","operator","0.5523829614859791","0.21393729317411092","0.04578742330714666","2.9228466901166654","-1.0641777275685271","-0.07936835683310167","{""type"":""speedl"",""xd"":[-0.013673321527460007,0.002633865421399899,0,0,0,0],""a"":1,""t"":0.08,""seq"":1159,""ts"":1779196911037}"
"2026-05-19T13:21:51.062Z","1779196911062","remote_relay","speedl","1160","guest","operator","0.5523829614859791","0.21393729317411092","0.04578742330714666","2.9228466901166654","-1.0641777275685271","-0.07936835683310167","{""type"":""speedl"",""xd"":[-0.013673321527460007,0.002633865421399899,0,0,0,0],""a"":1,""t"":0.08,""seq"":1160,""ts"":1779196911058}"
"2026-05-19T13:21:51.082Z","1779196911082","remote_relay","speedl","1161","guest","operator","0.5523829614859791","0.21393729317411092","0.04578742330714666","2.9228466901166654","-1.0641777275685271","-0.07936835683310167","{""type"":""speedl"",""xd"":[-0.013673321527460007,0.002633865421399899,0,0,0,0],""a"":1,""t"":0.08,""seq"":1161,""ts"":1779196911077}"
"2026-05-19T13:21:51.102Z","1779196911102","remote_relay","speedl","1162","guest","operator","0.5523829614859791","0.21393729317411092","0.04578742330714666","2.9228466901166654","-1.0641777275685271","-0.07936835683310167","{""type"":""speedl"",""xd"":[-0.013673321527460007,0.002633865421399899,0,0,0,0],""a"":1,""t"":0.08,""seq"":1162,""ts"":1779196911097}"
"2026-05-19T13:21:51.122Z","1779196911122","remote_relay","speedl","1163","guest","operator","0.5523829614859791","0.21393729317411092","0.04578742330714666","2.9228466901166654","-1.0641777275685271","-0.07936835683310167","{""type"":""speedl"",""xd"":[-0.013673321527460007,0.002633865421399899,0,0,0,0],""a"":1,""t"":0.08,""seq"":1163,""ts"":1779196911117}"
"2026-05-19T13:21:51.143Z","1779196911143","remote_relay","speedl","1164","guest","operator","0.5523829614859791","0.21393729317411092","0.04578742330714666","2.9228466901166654","-1.0641777275685271","-0.07936835683310167","{""type"":""speedl"",""xd"":[-0.013673321527460007,0.002633865421399899,0,0,0,0],""a"":1,""t"":0.08,""seq"":1164,""ts"":1779196911138}"
"2026-05-19T13:21:51.162Z","1779196911162","remote_relay","speedl","1165","guest","operator","0.5523829614859791","0.21393729317411092","0.04578742330714666","2.9228466901166654","-1.0641777275685271","-0.07936835683310167","{""type"":""speedl"",""xd"":[-0.013673321527460007,0.002633865421399899,0,0,0,0],""a"":1,""t"":0.08,""seq"":1165,""ts"":1779196911157}"
"2026-05-19T13:21:51.182Z","1779196911182","remote_relay","speedl","1166","guest","operator","0.5523829614859791","0.21393729317411092","0.04578742330714666","2.9228466901166654","-1.0641777275685271","-0.07936835683310167","{""type"":""speedl"",""xd"":[-0.015431884944994168,0.002633865421399899,0,0,0,0],""a"":1,""t"":0.08,""seq"":1166,""ts"":1779196911177}"
"2026-05-19T13:21:51.203Z","1779196911203","remote_relay","speedl","1167","guest","operator","0.5523829614859791","0.21393729317411092","0.04578742330714666","2.9228466901166654","-1.0641777275685271","-0.07936835683310167","{""type"":""speedl"",""xd"":[-0.019388726494258286,0.0032380005548593486,0,0,0,0],""a"":1,""t"":0.08,""seq"":1167,""ts"":1779196911197}"
"2026-05-19T13:21:51.221Z","1779196911221","remote_relay","speedl","1168","guest","operator","0.5523829614859791","0.21393729317411092","0.04578742330714666","2.9228466901166654","-1.0641777275685271","-0.07936835683310167","{""type"":""speedl"",""xd"":[-0.021598441104107722,0.003928099882183333,0,0,0,0],""a"":1,""t"":0.08,""seq"":1168,""ts"":1779196911217}"
"2026-05-19T13:21:51.244Z","1779196911244","remote_relay","speedl","1169","guest","operator","0.5523829614859791","0.21393729317411092","0.04578742330714666","2.9228466901166654","-1.0641777275685271","-0.07936835683310167","{""type"":""speedl"",""xd"":[-0.023969975922848306,0.00470988164243158,0,0,0,0],""a"":1,""t"":0.08,""seq"":1169,""ts"":1779196911237}"
"2026-05-19T13:21:51.262Z","1779196911262","remote_relay","speedl","1170","guest","operator","0.5523829614859791","0.21393729317411092","0.04578742330714666","2.9228466901166654","-1.0641777275685271","-0.07936835683310167","{""type"":""speedl"",""xd"":[-0.029221379143242073,0.00558906407466381,0,0,0,0],""a"":1,""t"":0.08,""seq"":1170,""ts"":1779196911257}"
"2026-05-19T13:21:51.282Z","1779196911282","remote_relay","speedl","1171","guest","operator","0.5523829614859791","0.21393729317411092","0.04578742330714666","2.9228466901166654","-1.0641777275685271","-0.07936835683310167","{""type"":""speedl"",""xd"":[-0.03211268402301466,0.0065713654179397575,0,0,0,0],""a"":1,""t"":0.08,""seq"":1171,""ts"":1779196911277}"
"2026-05-19T13:21:51.302Z","1779196911302","remote_relay","speedl","1172","guest","operator","0.5523829614859791","0.21393729317411092","0.04578742330714666","2.9228466901166654","-1.0641777275685271","-0.07936835683310167","{""type"":""speedl"",""xd"":[-0.035188682067917317,0.0065713654179397575,0,0,0,0],""a"":1,""t"":0.08,""seq"":1172,""ts"":1779196911297}"
"2026-05-19T13:21:51.321Z","1779196911321","remote_relay","speedl","1173","guest","operator","0.5523829614859791","0.21393729317411092","0.04578742330714666","2.9228466901166654","-1.0641777275685271","-0.07936835683310167","{""type"":""speedl"",""xd"":[-0.035188682067917317,0.0065713654179397575,0,0,0,0],""a"":1,""t"":0.08,""seq"":1173,""ts"":1779196911317}"
"2026-05-19T13:21:51.343Z","1779196911343","remote_relay","speedl","1174","guest","operator","0.5523829614859791","0.21393729317411092","0.04578742330714666","2.9228466901166654","-1.0641777275685271","-0.07936835683310167","{""type"":""speedl"",""xd"":[-0.035188682067917317,0.0065713654179397575,0,0,0,0],""a"":1,""t"":0.08,""seq"":1174,""ts"":1779196911337}"
"2026-05-19T13:21:51.363Z","1779196911363","remote_relay","speedl","1175","guest","operator","0.5523829614859791","0.21393729317411092","0.04578742330714666","2.9228466901166654","-1.0641777275685271","-0.07936835683310167","{""type"":""speedl"",""xd"":[-0.035188682067917317,0.0065713654179397575,0,0,0,0],""a"":1,""t"":0.08,""seq"":1175,""ts"":1779196911358}"
"2026-05-19T13:21:51.382Z","1779196911382","remote_relay","speedl","1176","guest","operator","0.5523829614859791","0.21393729317411092","0.04578742330714666","2.9228466901166654","-1.0641777275685271","-0.07936835683310167","{""type"":""speedl"",""xd"":[-0.035188682067917317,0.0065713654179397575,0,0,0,0],""a"":1,""t"":0.08,""seq"":1176,""ts"":1779196911377}"
"2026-05-19T13:21:51.402Z","1779196911402","remote_relay","speedl","1177","guest","operator","0.5523829614859791","0.21393729317411092","0.04578742330714666","2.9228466901166654","-1.0641777275685271","-0.07936835683310167","{""type"":""speedl"",""xd"":[-0.035188682067917317,0.0065713654179397575,0,0,0,0],""a"":1,""t"":0.08,""seq"":1177,""ts"":1779196911397}"
"2026-05-19T13:21:51.422Z","1779196911422","remote_relay","speedl","1178","guest","operator","0.5523829614859791","0.21393729317411092","0.04578742330714666","2.9228466901166654","-1.0641777275685271","-0.07936835683310167","{""type"":""speedl"",""xd"":[-0.035188682067917317,0.0065713654179397575,0,0,0,0],""a"":1,""t"":0.08,""seq"":1178,""ts"":1779196911417}"
"2026-05-19T13:21:51.443Z","1779196911443","remote_relay","speedl","1179","guest","operator","0.5523829614859791","0.21393729317411092","0.04578742330714666","2.9228466901166654","-1.0641777275685271","-0.07936835683310167","{""type"":""speedl"",""xd"":[-0.035188682067917317,0.0065713654179397575,0,0,0,0],""a"":1,""t"":0.08,""seq"":1179,""ts"":1779196911437}"
"2026-05-19T13:21:51.463Z","1779196911463","remote_relay","speedl","1180","guest","operator","0.5523829614859791","0.21393729317411092","0.04578742330714666","2.9228466901166654","-1.0641777275685271","-0.07936835683310167","{""type"":""speedl"",""xd"":[-0.035188682067917317,0.0065713654179397575,0,0,0,0],""a"":1,""t"":0.08,""seq"":1180,""ts"":1779196911457}"
"2026-05-19T13:21:51.482Z","1779196911482","remote_relay","speedl","1181","guest","operator","0.5523829614859791","0.21393729317411092","0.04578742330714666","2.9228466901166654","-1.0641777275685271","-0.07936835683310167","{""type"":""speedl"",""xd"":[-0.035188682067917317,0.0065713654179397575,0,0,0,0],""a"":1,""t"":0.08,""seq"":1181,""ts"":1779196911477}"
"2026-05-19T13:21:51.503Z","1779196911503","remote_relay","speedl","1182","guest","operator","0.5523829614859791","0.21393729317411092","0.04578742330714666","2.9228466901166654","-1.0641777275685271","-0.07936835683310167","{""type"":""speedl"",""xd"":[-0.035188682067917317,0.0065713654179397575,0,0,0,0],""a"":1,""t"":0.08,""seq"":1182,""ts"":1779196911498}"
"2026-05-19T13:21:51.523Z","1779196911523","remote_relay","speedl","1183","guest","operator","0.5523829614859791","0.21393729317411092","0.04578742330714666","2.9228466901166654","-1.0641777275685271","-0.07936835683310167","{""type"":""speedl"",""xd"":[-0.035188682067917317,0.0065713654179397575,0,0,0,0],""a"":1,""t"":0.08,""seq"":1183,""ts"":1779196911517}"
"2026-05-19T13:21:51.543Z","1779196911543","remote_relay","speedl","1184","guest","operator","0.5523829614859791","0.21393729317411092","0.04578742330714666","2.9228466901166654","-1.0641777275685271","-0.07936835683310167","{""type"":""speedl"",""xd"":[-0.035188682067917317,0.0065713654179397575,0,0,0,0],""a"":1,""t"":0.08,""seq"":1184,""ts"":1779196911537}"
"2026-05-19T13:21:51.563Z","1779196911563","remote_relay","speedl","1185","guest","operator","0.5523829614859791","0.21393729317411092","0.04578742330714666","2.9228466901166654","-1.0641777275685271","-0.07936835683310167","{""type"":""speedl"",""xd"":[-0.035188682067917317,0.0065713654179397575,0,0,0,0],""a"":1,""t"":0.08,""seq"":1185,""ts"":1779196911558}"
"2026-05-19T13:21:51.582Z","1779196911582","remote_relay","speedl","1186","guest","operator","0.5523829614859791","0.21393729317411092","0.04578742330714666","2.9228466901166654","-1.0641777275685271","-0.07936835683310167","{""type"":""speedl"",""xd"":[-0.035188682067917317,0.0065713654179397575,0,0,0,0],""a"":1,""t"":0.08,""seq"":1186,""ts"":1779196911577}"
"2026-05-19T13:21:51.602Z","1779196911602","remote_relay","speedl","1187","guest","operator","0.5523829614859791","0.21393729317411092","0.04578742330714666","2.9228466901166654","-1.0641777275685271","-0.07936835683310167","{""type"":""speedl"",""xd"":[-0.035188682067917317,0.0065713654179397575,0,0,0,0],""a"":1,""t"":0.08,""seq"":1187,""ts"":1779196911597}"
"2026-05-19T13:21:51.623Z","1779196911623","remote_relay","speedl","1188","guest","operator","0.5523829614859791","0.21393729317411092","0.04578742330714666","2.9228466901166654","-1.0641777275685271","-0.07936835683310167","{""type"":""speedl"",""xd"":[-0.035188682067917317,0.0065713654179397575,0,0,0,0],""a"":1,""t"":0.08,""seq"":1188,""ts"":1779196911617}"
"2026-05-19T13:21:51.641Z","1779196911641","remote_relay","speedl","1189","guest","operator","0.5523829614859791","0.21393729317411092","0.04578742330714666","2.9228466901166654","-1.0641777275685271","-0.07936835683310167","{""type"":""speedl"",""xd"":[-0.035188682067917317,0.0065713654179397575,0,0,0,0],""a"":1,""t"":0.08,""seq"":1189,""ts"":1779196911637}"
"2026-05-19T13:21:51.662Z","1779196911662","remote_relay","speedl","1190","guest","operator","0.5523829614859791","0.21393729317411092","0.04578742330714666","2.9228466901166654","-1.0641777275685271","-0.07936835683310167","{""type"":""speedl"",""xd"":[-0.035188682067917317,0.0065713654179397575,0,0,0,0],""a"":1,""t"":0.08,""seq"":1190,""ts"":1779196911657}"
"2026-05-19T13:21:51.682Z","1779196911682","remote_relay","speedl","1191","guest","operator","0.5523829614859791","0.21393729317411092","0.04578742330714666","2.9228466901166654","-1.0641777275685271","-0.07936835683310167","{""type"":""speedl"",""xd"":[-0.035188682067917317,0.0065713654179397575,0,0,0,0],""a"":1,""t"":0.08,""seq"":1191,""ts"":1779196911677}"
"2026-05-19T13:21:51.701Z","1779196911701","remote_relay","speedl","1192","guest","operator","0.5523829614859791","0.21393729317411092","0.04578742330714666","2.9228466901166654","-1.0641777275685271","-0.07936835683310167","{""type"":""speedl"",""xd"":[-0.035188682067917317,0.0065713654179397575,0,0,0,0],""a"":1,""t"":0.08,""seq"":1192,""ts"":1779196911697}"
"2026-05-19T13:21:51.723Z","1779196911723","remote_relay","speedl","1193","guest","operator","0.5523829614859791","0.21393729317411092","0.04578742330714666","2.9228466901166654","-1.0641777275685271","-0.07936835683310167","{""type"":""speedl"",""xd"":[-0.035188682067917317,0.0065713654179397575,0,0,0,0],""a"":1,""t"":0.08,""seq"":1193,""ts"":1779196911717}"
"2026-05-19T13:21:51.744Z","1779196911744","remote_relay","speedl","1194","guest","operator","0.5523829614859791","0.21393729317411092","0.04578742330714666","2.9228466901166654","-1.0641777275685271","-0.07936835683310167","{""type"":""speedl"",""xd"":[-0.035188682067917317,0.0065713654179397575,0,0,0,0],""a"":1,""t"":0.08,""seq"":1194,""ts"":1779196911737}"
"2026-05-19T13:21:51.762Z","1779196911762","remote_relay","speedl","1195","guest","operator","0.5523829614859791","0.21393729317411092","0.04578742330714666","2.9228466901166654","-1.0641777275685271","-0.07936835683310167","{""type"":""speedl"",""xd"":[-0.035188682067917317,0.0065713654179397575,0,0,0,0],""a"":1,""t"":0.08,""seq"":1195,""ts"":1779196911757}"
"2026-05-19T13:21:51.783Z","1779196911783","remote_relay","speedl","1196","guest","operator","0.5523829614859791","0.21393729317411092","0.04578742330714666","2.9228466901166654","-1.0641777275685271","-0.07936835683310167","{""type"":""speedl"",""xd"":[-0.035188682067917317,0.0065713654179397575,0,0,0,0],""a"":1,""t"":0.08,""seq"":1196,""ts"":1779196911777}"
"2026-05-19T13:21:51.802Z","1779196911802","remote_relay","speedl","1197","guest","operator","0.5523829614859791","0.21393729317411092","0.04578742330714666","2.9228466901166654","-1.0641777275685271","-0.07936835683310167","{""type"":""speedl"",""xd"":[-0.035188682067917317,0.0065713654179397575,0,0,0,0],""a"":1,""t"":0.08,""seq"":1197,""ts"":1779196911797}"
"2026-05-19T13:21:51.822Z","1779196911822","remote_relay","speedl","1198","guest","operator","0.5523829614859791","0.21393729317411092","0.04578742330714666","2.9228466901166654","-1.0641777275685271","-0.07936835683310167","{""type"":""speedl"",""xd"":[-0.035188682067917317,0.0065713654179397575,0,0,0,0],""a"":1,""t"":0.08,""seq"":1198,""ts"":1779196911817}"
"2026-05-19T13:21:51.843Z","1779196911843","remote_relay","speedl","1199","guest","operator","0.5523829614859791","0.21393729317411092","0.04578742330714666","2.9228466901166654","-1.0641777275685271","-0.07936835683310167","{""type"":""speedl"",""xd"":[-0.035188682067917317,0.0065713654179397575,0,0,0,0],""a"":1,""t"":0.08,""seq"":1199,""ts"":1779196911837}"
"2026-05-19T13:21:51.862Z","1779196911862","remote_relay","speedl","1200","guest","operator","0.5523829614859791","0.21393729317411092","0.04578742330714666","2.9228466901166654","-1.0641777275685271","-0.07936835683310167","{""type"":""speedl"",""xd"":[-0.035188682067917317,0.0065713654179397575,0,0,0,0],""a"":1,""t"":0.08,""seq"":1200,""ts"":1779196911858}"
"2026-05-19T13:21:51.882Z","1779196911882","remote_relay","speedl","1201","guest","operator","0.5523829614859791","0.21393729317411092","0.04578742330714666","2.9228466901166654","-1.0641777275685271","-0.07936835683310167","{""type"":""speedl"",""xd"":[-0.035188682067917317,0.0065713654179397575,0,0,0,0],""a"":1,""t"":0.08,""seq"":1201,""ts"":1779196911877}"
"2026-05-19T13:21:51.901Z","1779196911901","remote_relay","speedl","1202","guest","operator","0.5523829614859791","0.21393729317411092","0.04578742330714666","2.9228466901166654","-1.0641777275685271","-0.07936835683310167","{""type"":""speedl"",""xd"":[-0.04191763060935193,0.007662503911319131,0,0,0,0],""a"":1,""t"":0.08,""seq"":1202,""ts"":1779196911897}"
"2026-05-19T13:21:51.923Z","1779196911923","remote_relay","speedl","1203","guest","operator","0.5523829614859791","0.21393729317411092","0.04578742330714666","2.9228466901166654","-1.0641777275685271","-0.07936835683310167","{""type"":""speedl"",""xd"":[-0.04191763060935193,0.008868197793861676,0,0,0,0],""a"":1,""t"":0.08,""seq"":1203,""ts"":1779196911917}"
"2026-05-19T13:21:51.945Z","1779196911945","remote_relay","speedl","1204","guest","operator","0.5523829614859791","0.21393729317411092","0.04578742330714666","2.9228466901166654","-1.0641777275685271","-0.07936835683310167","{""type"":""speedl"",""xd"":[-0.04191763060935193,0.010194165304627101,0,0,0,0],""a"":1,""t"":0.08,""seq"":1204,""ts"":1779196911937}"
"2026-05-19T13:21:51.961Z","1779196911961","remote_relay","speedl","1205","guest","operator","0.5523829614859791","0.21393729317411092","0.04578742330714666","2.9228466901166654","-1.0641777275685271","-0.07936835683310167","{""type"":""speedl"",""xd"":[-0.045582017584003265,0.010194165304627101,0,0,0,0],""a"":1,""t"":0.08,""seq"":1205,""ts"":1779196911957}"
"2026-05-19T13:21:51.983Z","1779196911983","remote_relay","speedl","1206","guest","operator","0.5523829614859791","0.21393729317411092","0.04578742330714666","2.9228466901166654","-1.0641777275685271","-0.07936835683310167","{""type"":""speedl"",""xd"":[-0.045582017584003265,0.010194165304627101,0,0,0,0],""a"":1,""t"":0.08,""seq"":1206,""ts"":1779196911977}"
"2026-05-19T13:21:52.001Z","1779196912001","remote_relay","speedl","1207","guest","operator","0.5523829614859791","0.21393729317411092","0.04578742330714666","2.9228466901166654","-1.0641777275685271","-0.07936835683310167","{""type"":""speedl"",""xd"":[-0.045582017584003265,0.010194165304627101,0,0,0,0],""a"":1,""t"":0.08,""seq"":1207,""ts"":1779196911997}"
"2026-05-19T13:21:52.023Z","1779196912023","remote_relay","speedl","1208","guest","operator","0.5523829614859791","0.21393729317411092","0.04578742330714666","2.9228466901166654","-1.0641777275685271","-0.07936835683310167","{""type"":""speedl"",""xd"":[-0.045582017584003265,0.010194165304627101,0,0,0,0],""a"":1,""t"":0.08,""seq"":1208,""ts"":1779196912017}"
"2026-05-19T13:21:52.044Z","1779196912044","remote_relay","speedl","1209","guest","operator","0.5523829614859791","0.21393729317411092","0.04578742330714666","2.9228466901166654","-1.0641777275685271","-0.07936835683310167","{""type"":""speedl"",""xd"":[-0.045582017584003265,0.010194165304627101,0,0,0,0],""a"":1,""t"":0.08,""seq"":1209,""ts"":1779196912037}"
"2026-05-19T13:21:52.063Z","1779196912063","remote_relay","speedl","1210","guest","operator","0.5523829614859791","0.21393729317411092","0.04578742330714666","2.9228466901166654","-1.0641777275685271","-0.07936835683310167","{""type"":""speedl"",""xd"":[-0.045582017584003265,0.010194165304627101,0,0,0,0],""a"":1,""t"":0.08,""seq"":1210,""ts"":1779196912058}"
"2026-05-19T13:21:52.082Z","1779196912082","remote_relay","speedl","1211","guest","operator","0.5523829614859791","0.21393729317411092","0.04578742330714666","2.9228466901166654","-1.0641777275685271","-0.07936835683310167","{""type"":""speedl"",""xd"":[-0.045582017584003265,0.010194165304627101,0,0,0,0],""a"":1,""t"":0.08,""seq"":1211,""ts"":1779196912077}"
"2026-05-19T13:21:52.102Z","1779196912102","remote_relay","speedl","1212","guest","operator","0.5523829614859791","0.21393729317411092","0.04578742330714666","2.9228466901166654","-1.0641777275685271","-0.07936835683310167","{""type"":""speedl"",""xd"":[-0.045582017584003265,0.010194165304627101,0,0,0,0],""a"":1,""t"":0.08,""seq"":1212,""ts"":1779196912097}"
"2026-05-19T13:21:52.121Z","1779196912121","remote_relay","speedl","1213","guest","operator","0.5523829614859791","0.21393729317411092","0.04578742330714666","2.9228466901166654","-1.0641777275685271","-0.07936835683310167","{""type"":""speedl"",""xd"":[-0.045582017584003265,0.010194165304627101,0,0,0,0],""a"":1,""t"":0.08,""seq"":1213,""ts"":1779196912117}"
"2026-05-19T13:21:52.144Z","1779196912144","remote_relay","speedl","1214","guest","operator","0.5523829614859791","0.21393729317411092","0.04578742330714666","2.9228466901166654","-1.0641777275685271","-0.07936835683310167","{""type"":""speedl"",""xd"":[-0.045582017584003265,0.010194165304627101,0,0,0,0],""a"":1,""t"":0.08,""seq"":1214,""ts"":1779196912137}"
"2026-05-19T13:21:52.162Z","1779196912162","remote_relay","speedl","1215","guest","operator","0.5523829614859791","0.21393729317411092","0.04578742330714666","2.9228466901166654","-1.0641777275685271","-0.07936835683310167","{""type"":""speedl"",""xd"":[-0.045582017584003265,0.010194165304627101,0,0,0,0],""a"":1,""t"":0.08,""seq"":1215,""ts"":1779196912157}"
"2026-05-19T13:21:52.182Z","1779196912182","remote_relay","speedl","1216","guest","operator","0.5523829614859791","0.21393729317411092","0.04578742330714666","2.9228466901166654","-1.0641777275685271","-0.07936835683310167","{""type"":""speedl"",""xd"":[-0.045582017584003265,0.010194165304627101,0,0,0,0],""a"":1,""t"":0.08,""seq"":1216,""ts"":1779196912177}"
"2026-05-19T13:21:52.201Z","1779196912201","remote_relay","speedl","1217","guest","operator","0.5523829614859791","0.21393729317411092","0.04578742330714666","2.9228466901166654","-1.0641777275685271","-0.07936835683310167","{""type"":""speedl"",""xd"":[-0.045582017584003265,0.010194165304627101,0,0,0,0],""a"":1,""t"":0.08,""seq"":1217,""ts"":1779196912197}"
"2026-05-19T13:21:52.223Z","1779196912223","remote_relay","speedl","1218","guest","operator","0.5523829614859791","0.21393729317411092","0.04578742330714666","2.9228466901166654","-1.0641777275685271","-0.07936835683310167","{""type"":""speedl"",""xd"":[-0.045582017584003265,0.010194165304627101,0,0,0,0],""a"":1,""t"":0.08,""seq"":1218,""ts"":1779196912217}"
"2026-05-19T13:21:52.244Z","1779196912244","remote_relay","speedl","1219","guest","operator","0.5523829614859791","0.21393729317411092","0.04578742330714666","2.9228466901166654","-1.0641777275685271","-0.07936835683310167","{""type"":""speedl"",""xd"":[-0.045582017584003265,0.010194165304627101,0,0,0,0],""a"":1,""t"":0.08,""seq"":1219,""ts"":1779196912237}"
"2026-05-19T13:21:52.262Z","1779196912262","remote_relay","speedl","1220","guest","operator","0.5523829614859791","0.21393729317411092","0.04578742330714666","2.9228466901166654","-1.0641777275685271","-0.07936835683310167","{""type"":""speedl"",""xd"":[-0.045582017584003265,0.010194165304627101,0,0,0,0],""a"":1,""t"":0.08,""seq"":1220,""ts"":1779196912257}"
"2026-05-19T13:21:52.281Z","1779196912281","remote_relay","speedl","1221","guest","operator","0.5523829614859791","0.21393729317411092","0.04578742330714666","2.9228466901166654","-1.0641777275685271","-0.07936835683310167","{""type"":""speedl"",""xd"":[-0.045582017584003265,0.010194165304627101,0,0,0,0],""a"":1,""t"":0.08,""seq"":1221,""ts"":1779196912277}"
"2026-05-19T13:21:52.302Z","1779196912302","remote_relay","speedl","1222","guest","operator","0.5523829614859791","0.21393729317411092","0.04578742330714666","2.9228466901166654","-1.0641777275685271","-0.07936835683310167","{""type"":""speedl"",""xd"":[-0.045582017584003265,0.010194165304627101,0,0,0,0],""a"":1,""t"":0.08,""seq"":1222,""ts"":1779196912297}"
"2026-05-19T13:21:52.321Z","1779196912321","remote_relay","speedl","1223","guest","operator","0.5523829614859791","0.21393729317411092","0.04578742330714666","2.9228466901166654","-1.0641777275685271","-0.07936835683310167","{""type"":""speedl"",""xd"":[-0.045582017584003265,0.010194165304627101,0,0,0,0],""a"":1,""t"":0.08,""seq"":1223,""ts"":1779196912317}"
"2026-05-19T13:21:52.341Z","1779196912341","remote_relay","speedl","1224","guest","operator","0.5523829614859791","0.21393729317411092","0.04578742330714666","2.9228466901166654","-1.0641777275685271","-0.07936835683310167","{""type"":""speedl"",""xd"":[-0.045582017584003265,0.010194165304627101,0,0,0,0],""a"":1,""t"":0.08,""seq"":1224,""ts"":1779196912337}"
"2026-05-19T13:21:52.361Z","1779196912361","remote_relay","speedl","1225","guest","operator","0.5523829614859791","0.21393729317411092","0.04578742330714666","2.9228466901166654","-1.0641777275685271","-0.07936835683310167","{""type"":""speedl"",""xd"":[-0.049453970680023655,0.010194165304627101,0,0,0,0],""a"":1,""t"":0.08,""seq"":1225,""ts"":1779196912357}"
"2026-05-19T13:21:52.383Z","1779196912383","remote_relay","speedl","1226","guest","operator","0.5523829614859791","0.21393729317411092","0.04578742330714666","2.9228466901166654","-1.0641777275685271","-0.07936835683310167","{""type"":""speedl"",""xd"":[-0.049453970680023655,0.011646124682675148,0,0,0,0],""a"":1,""t"":0.08,""seq"":1226,""ts"":1779196912378}"
"2026-05-19T13:21:52.401Z","1779196912401","remote_relay","speedl","1227","guest","operator","0.5523829614859791","0.21393729317411092","0.04578742330714666","2.9228466901166654","-1.0641777275685271","-0.07936835683310167","{""type"":""speedl"",""xd"":[-0.053539208136472734,0.011646124682675148,0,0,0,0],""a"":1,""t"":0.08,""seq"":1227,""ts"":1779196912397}"
"2026-05-19T13:21:52.422Z","1779196912422","remote_relay","speedl","1228","guest","operator","0.5523829614859791","0.21393729317411092","0.04578742330714666","2.9228466901166654","-1.0641777275685271","-0.07936835683310167","{""type"":""speedl"",""xd"":[-0.053539208136472734,0.011646124682675148,0,0,0,0],""a"":1,""t"":0.08,""seq"":1228,""ts"":1779196912417}"
"2026-05-19T13:21:52.444Z","1779196912444","remote_relay","speedl","1229","guest","operator","0.5523829614859791","0.21393729317411092","0.04578742330714666","2.9228466901166654","-1.0641777275685271","-0.07936835683310167","{""type"":""speedl"",""xd"":[-0.05784344819241025,0.011646124682675148,0,0,0,0],""a"":1,""t"":0.08,""seq"":1229,""ts"":1779196912437}"
"2026-05-19T13:21:52.463Z","1779196912463","remote_relay","speedl","1230","guest","operator","0.5523829614859791","0.21393729317411092","0.04578742330714666","2.9228466901166654","-1.0641777275685271","-0.07936835683310167","{""type"":""speedl"",""xd"":[-0.05784344819241025,0.011646124682675148,0,0,0,0],""a"":1,""t"":0.08,""seq"":1230,""ts"":1779196912457}"
"2026-05-19T13:21:52.482Z","1779196912482","remote_relay","speedl","1231","guest","operator","0.5523829614859791","0.21393729317411092","0.04578742330714666","2.9228466901166654","-1.0641777275685271","-0.07936835683310167","{""type"":""speedl"",""xd"":[-0.05784344819241025,0.011646124682675148,0,0,0,0],""a"":1,""t"":0.08,""seq"":1231,""ts"":1779196912477}"
"2026-05-19T13:21:52.503Z","1779196912503","remote_relay","speedl","1232","guest","operator","0.5523829614859791","0.21393729317411092","0.04578742330714666","2.9228466901166654","-1.0641777275685271","-0.07936835683310167","{""type"":""speedl"",""xd"":[-0.05784344819241025,0.011646124682675148,0,0,0,0],""a"":1,""t"":0.08,""seq"":1232,""ts"":1779196912497}"
"2026-05-19T13:21:52.521Z","1779196912521","remote_relay","speedl","1233","guest","operator","0.5523829614859791","0.21393729317411092","0.04578742330714666","2.9228466901166654","-1.0641777275685271","-0.07936835683310167","{""type"":""speedl"",""xd"":[-0.05784344819241025,0.01322979416706553,0,0,0,0],""a"":1,""t"":0.08,""seq"":1233,""ts"":1779196912517}"
"2026-05-19T13:21:52.544Z","1779196912544","remote_relay","speedl","1234","guest","operator","0.5523829614859791","0.21393729317411092","0.04578742330714666","2.9228466901166654","-1.0641777275685271","-0.07936835683310167","{""type"":""speedl"",""xd"":[-0.05784344819241025,0.01322979416706553,0,0,0,0],""a"":1,""t"":0.08,""seq"":1234,""ts"":1779196912537}"
"2026-05-19T13:21:52.562Z","1779196912562","remote_relay","speedl","1235","guest","operator","0.5523829614859791","0.21393729317411092","0.04578742330714666","2.9228466901166654","-1.0641777275685271","-0.07936835683310167","{""type"":""speedl"",""xd"":[-0.05784344819241025,0.01322979416706553,0,0,0,0],""a"":1,""t"":0.08,""seq"":1235,""ts"":1779196912557}"
"2026-05-19T13:21:52.582Z","1779196912582","remote_relay","speedl","1236","guest","operator","0.5523829614859791","0.21393729317411092","0.04578742330714666","2.9228466901166654","-1.0641777275685271","-0.07936835683310167","{""type"":""speedl"",""xd"":[-0.05784344819241025,0.01322979416706553,0,0,0,0],""a"":1,""t"":0.08,""seq"":1236,""ts"":1779196912577}"
"2026-05-19T13:21:52.603Z","1779196912603","remote_relay","speedl","1237","guest","operator","0.5523829614859791","0.21393729317411092","0.04578742330714666","2.9228466901166654","-1.0641777275685271","-0.07936835683310167","{""type"":""speedl"",""xd"":[-0.05784344819241025,0.01322979416706553,0,0,0,0],""a"":1,""t"":0.08,""seq"":1237,""ts"":1779196912598}"
"2026-05-19T13:21:52.622Z","1779196912622","remote_relay","speedl","1238","guest","operator","0.5523829614859791","0.21393729317411092","0.04578742330714666","2.9228466901166654","-1.0641777275685271","-0.07936835683310167","{""type"":""speedl"",""xd"":[-0.05784344819241025,0.01322979416706553,0,0,0,0],""a"":1,""t"":0.08,""seq"":1238,""ts"":1779196912617}"
"2026-05-19T13:21:52.645Z","1779196912645","remote_relay","speedl","1239","guest","operator","0.5523829614859791","0.21393729317411092","0.04578742330714666","2.9228466901166654","-1.0641777275685271","-0.07936835683310167","{""type"":""speedl"",""xd"":[-0.05784344819241025,0.01322979416706553,0,0,0,0],""a"":1,""t"":0.08,""seq"":1239,""ts"":1779196912637}"
"2026-05-19T13:21:52.661Z","1779196912661","remote_relay","speedl","1240","guest","operator","0.5523829614859791","0.21393729317411092","0.04578742330714666","2.9228466901166654","-1.0641777275685271","-0.07936835683310167","{""type"":""speedl"",""xd"":[-0.062372409086896,0.01322979416706553,0,0,0,0],""a"":1,""t"":0.08,""seq"":1240,""ts"":1779196912656}"
"2026-05-19T13:21:52.682Z","1779196912682","remote_relay","speedl","1241","guest","operator","0.5523829614859791","0.21393729317411092","0.04578742330714666","2.9228466901166654","-1.0641777275685271","-0.07936835683310167","{""type"":""speedl"",""xd"":[-0.062372409086896,0.01322979416706553,0,0,0,0],""a"":1,""t"":0.08,""seq"":1241,""ts"":1779196912677}"
"2026-05-19T13:21:52.702Z","1779196912702","remote_relay","speedl","1242","guest","operator","0.5523829614859791","0.21393729317411092","0.04578742330714666","2.9228466901166654","-1.0641777275685271","-0.07936835683310167","{""type"":""speedl"",""xd"":[-0.06713180905898965,0.014950891996857976,0,0,0,0],""a"":1,""t"":0.08,""seq"":1242,""ts"":1779196912697}"
"2026-05-19T13:21:52.721Z","1779196912721","remote_relay","speedl","1243","guest","operator","0.5523829614859791","0.21393729317411092","0.04578742330714666","2.9228466901166654","-1.0641777275685271","-0.07936835683310167","{""type"":""speedl"",""xd"":[-0.06713180905898965,0.014950891996857976,0,0,0,0],""a"":1,""t"":0.08,""seq"":1243,""ts"":1779196912717}"
"2026-05-19T13:21:52.742Z","1779196912742","remote_relay","speedl","1244","guest","operator","0.5523829614859791","0.21393729317411092","0.04578742330714666","2.9228466901166654","-1.0641777275685271","-0.07936835683310167","{""type"":""speedl"",""xd"":[-0.06713180905898965,0.014950891996857976,0,0,0,0],""a"":1,""t"":0.08,""seq"":1244,""ts"":1779196912738}"
"2026-05-19T13:21:52.763Z","1779196912763","remote_relay","speedl","1245","guest","operator","0.5523829614859791","0.21393729317411092","0.04578742330714666","2.9228466901166654","-1.0641777275685271","-0.07936835683310167","{""type"":""speedl"",""xd"":[-0.06713180905898965,0.014950891996857976,0,0,0,0],""a"":1,""t"":0.08,""seq"":1245,""ts"":1779196912757}"
"2026-05-19T13:21:52.781Z","1779196912782","remote_relay","speedl","1246","guest","operator","0.5523829614859791","0.21393729317411092","0.04578742330714666","2.9228466901166654","-1.0641777275685271","-0.07936835683310167","{""type"":""speedl"",""xd"":[-0.07212736634775092,0.014950891996857976,0,0,0,0],""a"":1,""t"":0.08,""seq"":1246,""ts"":1779196912777}"
"2026-05-19T13:21:52.802Z","1779196912802","remote_relay","speedl","1247","guest","operator","0.5523829614859791","0.21393729317411092","0.04578742330714666","2.9228466901166654","-1.0641777275685271","-0.07936835683310167","{""type"":""speedl"",""xd"":[-0.07212736634775092,0.014950891996857976,0,0,0,0],""a"":1,""t"":0.08,""seq"":1247,""ts"":1779196912797}"
"2026-05-19T13:21:52.823Z","1779196912823","remote_relay","speedl","1248","guest","operator","0.5523829614859791","0.21393729317411092","0.04578742330714666","2.9228466901166654","-1.0641777275685271","-0.07936835683310167","{""type"":""speedl"",""xd"":[-0.07212736634775092,0.014950891996857976,0,0,0,0],""a"":1,""t"":0.08,""seq"":1248,""ts"":1779196912818}"
"2026-05-19T13:21:52.841Z","1779196912841","remote_relay","speedl","1249","guest","operator","0.5523829614859791","0.21393729317411092","0.04578742330714666","2.9228466901166654","-1.0641777275685271","-0.07936835683310167","{""type"":""speedl"",""xd"":[-0.07212736634775092,0.014950891996857976,0,0,0,0],""a"":1,""t"":0.08,""seq"":1249,""ts"":1779196912837}"
"2026-05-19T13:21:52.863Z","1779196912863","remote_relay","speedl","1250","guest","operator","0.5523829614859791","0.21393729317411092","0.04578742330714666","2.9228466901166654","-1.0641777275685271","-0.07936835683310167","{""type"":""speedl"",""xd"":[-0.07212736634775092,0.014950891996857976,0,0,0,0],""a"":1,""t"":0.08,""seq"":1250,""ts"":1779196912858}"
"2026-05-19T13:21:52.882Z","1779196912882","remote_relay","speedl","1251","guest","operator","0.5523829614859791","0.21393729317411092","0.04578742330714666","2.9228466901166654","-1.0641777275685271","-0.07936835683310167","{""type"":""speedl"",""xd"":[-0.07212736634775092,0.014950891996857976,0,0,0,0],""a"":1,""t"":0.08,""seq"":1251,""ts"":1779196912877}"
"2026-05-19T13:21:52.903Z","1779196912903","remote_relay","speedl","1252","guest","operator","0.5523829614859791","0.21393729317411092","0.04578742330714666","2.9228466901166654","-1.0641777275685271","-0.07936835683310167","{""type"":""speedl"",""xd"":[-0.07212736634775092,0.014950891996857976,0,0,0,0],""a"":1,""t"":0.08,""seq"":1252,""ts"":1779196912897}"
"2026-05-19T13:21:52.923Z","1779196912923","remote_relay","speedl","1253","guest","operator","0.5523829614859791","0.21393729317411092","0.04578742330714666","2.9228466901166654","-1.0641777275685271","-0.07936835683310167","{""type"":""speedl"",""xd"":[-0.07212736634775092,0.014950891996857976,0,0,0,0],""a"":1,""t"":0.08,""seq"":1253,""ts"":1779196912917}"
"2026-05-19T13:21:52.942Z","1779196912942","remote_relay","speedl","1254","guest","operator","0.5523829614859791","0.21393729317411092","0.04578742330714666","2.9228466901166654","-1.0641777275685271","-0.07936835683310167","{""type"":""speedl"",""xd"":[-0.07736479919223951,0.014950891996857976,0,0,0,0],""a"":1,""t"":0.08,""seq"":1254,""ts"":1779196912938}"
"2026-05-19T13:21:52.962Z","1779196912962","remote_relay","speedl","1255","guest","operator","0.5523829614859791","0.21393729317411092","0.04578742330714666","2.9228466901166654","-1.0641777275685271","-0.07936835683310167","{""type"":""speedl"",""xd"":[-0.07736479919223951,0.014950891996857976,0,0,0,0],""a"":1,""t"":0.08,""seq"":1255,""ts"":1779196912958}"
"2026-05-19T13:21:52.982Z","1779196912982","remote_relay","speedl","1256","guest","operator","0.5523829614859791","0.21393729317411092","0.04578742330714666","2.9228466901166654","-1.0641777275685271","-0.07936835683310167","{""type"":""speedl"",""xd"":[-0.07736479919223951,0.014950891996857976,0,0,0,0],""a"":1,""t"":0.08,""seq"":1256,""ts"":1779196912977}"
"2026-05-19T13:21:53.001Z","1779196913001","remote_relay","speedl","1257","guest","operator","0.5523829614859791","0.21393729317411092","0.04578742330714666","2.9228466901166654","-1.0641777275685271","-0.07936835683310167","{""type"":""speedl"",""xd"":[-0.07736479919223951,0.014950891996857976,0,0,0,0],""a"":1,""t"":0.08,""seq"":1257,""ts"":1779196912997}"
"2026-05-19T13:21:53.023Z","1779196913023","remote_relay","speedl","1258","guest","operator","0.5523829614859791","0.21393729317411092","0.04578742330714666","2.9228466901166654","-1.0641777275685271","-0.07936835683310167","{""type"":""speedl"",""xd"":[-0.07736479919223951,0.014950891996857976,0,0,0,0],""a"":1,""t"":0.08,""seq"":1258,""ts"":1779196913018}"
"2026-05-19T13:21:53.042Z","1779196913042","remote_relay","speedl","1259","guest","operator","0.5523829614859791","0.21393729317411092","0.04578742330714666","2.9228466901166654","-1.0641777275685271","-0.07936835683310167","{""type"":""speedl"",""xd"":[-0.07736479919223951,0.014950891996857976,0,0,0,0],""a"":1,""t"":0.08,""seq"":1259,""ts"":1779196913037}"
"2026-05-19T13:21:53.062Z","1779196913062","remote_relay","speedl","1260","guest","operator","0.5523829614859791","0.21393729317411092","0.04578742330714666","2.9228466901166654","-1.0641777275685271","-0.07936835683310167","{""type"":""speedl"",""xd"":[-0.08284982583151516,0.016815136411112208,0,0,0,0],""a"":1,""t"":0.08,""seq"":1260,""ts"":1779196913057}"
"2026-05-19T13:21:53.081Z","1779196913081","remote_relay","speedl","1261","guest","operator","0.5523829614859791","0.21393729317411092","0.04578742330714666","2.9228466901166654","-1.0641777275685271","-0.07936835683310167","{""type"":""speedl"",""xd"":[-0.08284982583151516,0.016815136411112208,0,0,0,0],""a"":1,""t"":0.08,""seq"":1261,""ts"":1779196913077}"
"2026-05-19T13:21:53.102Z","1779196913102","remote_relay","speedl","1262","guest","operator","0.5523829614859791","0.21393729317411092","0.04578742330714666","2.9228466901166654","-1.0641777275685271","-0.07936835683310167","{""type"":""speedl"",""xd"":[-0.08858816450463773,0.016815136411112208,0,0,0,0],""a"":1,""t"":0.08,""seq"":1262,""ts"":1779196913097}"
"2026-05-19T13:21:53.122Z","1779196913122","remote_relay","speedl","1263","guest","operator","0.5523829614859791","0.21393729317411092","0.04578742330714666","2.9228466901166654","-1.0641777275685271","-0.07936835683310167","{""type"":""speedl"",""xd"":[-0.08858816450463773,0.018828245648887954,0,0,0,0],""a"":1,""t"":0.08,""seq"":1263,""ts"":1779196913117}"
"2026-05-19T13:21:53.142Z","1779196913142","remote_relay","speedl","1264","guest","operator","0.5523829614859791","0.21393729317411092","0.04578742330714666","2.9228466901166654","-1.0641777275685271","-0.07936835683310167","{""type"":""speedl"",""xd"":[-0.08858816450463773,0.018828245648887954,0,0,0,0],""a"":1,""t"":0.08,""seq"":1264,""ts"":1779196913137}"
"2026-05-19T13:21:53.161Z","1779196913161","remote_relay","speedl","1265","guest","operator","0.5523829614859791","0.21393729317411092","0.04578742330714666","2.9228466901166654","-1.0641777275685271","-0.07936835683310167","{""type"":""speedl"",""xd"":[-0.08858816450463773,0.018828245648887954,0,0,0,0],""a"":1,""t"":0.08,""seq"":1265,""ts"":1779196913157}"
"2026-05-19T13:21:53.183Z","1779196913183","remote_relay","speedl","1266","guest","operator","0.5523829614859791","0.21393729317411092","0.04578742330714666","2.9228466901166654","-1.0641777275685271","-0.07936835683310167","{""type"":""speedl"",""xd"":[-0.09108964688445961,0.018104048006813422,0,0,0,0],""a"":1,""t"":0.08,""seq"":1266,""ts"":1779196913179}"
"2026-05-19T13:21:53.203Z","1779196913203","remote_relay","speedl","1267","guest","operator","0.5523829614859791","0.21393729317411092","0.04578742330714666","2.9228466901166654","-1.0641777275685271","-0.07936835683310167","{""type"":""speedl"",""xd"":[-0.08848530228653995,0.01959196962096829,0,0,0,0],""a"":1,""t"":0.08,""seq"":1267,""ts"":1779196913198}"
"2026-05-19T13:21:53.222Z","1779196913222","remote_relay","speedl","1268","guest","operator","0.5523829614859791","0.21393729317411092","0.04578742330714666","2.9228466901166654","-1.0641777275685271","-0.07936835683310167","{""type"":""speedl"",""xd"":[-0.08848530228653995,0.01959196962096829,0,0,0,0],""a"":1,""t"":0.08,""seq"":1268,""ts"":1779196913217}"
"2026-05-19T13:21:53.241Z","1779196913241","remote_relay","speedl","1269","guest","operator","0.5523829614859791","0.21393729317411092","0.04578742330714666","2.9228466901166654","-1.0641777275685271","-0.07936835683310167","{""type"":""speedl"",""xd"":[-0.08848530228653995,0.01959196962096829,0,0,0,0],""a"":1,""t"":0.08,""seq"":1269,""ts"":1779196913237}"
"2026-05-19T13:21:53.261Z","1779196913261","remote_relay","speedl","1270","guest","operator","0.5523829614859791","0.21393729317411092","0.04578742330714666","2.9228466901166654","-1.0641777275685271","-0.07936835683310167","{""type"":""speedl"",""xd"":[-0.08848530228653995,0.01959196962096829,0,0,0,0],""a"":1,""t"":0.08,""seq"":1270,""ts"":1779196913257}"
"2026-05-19T13:21:53.281Z","1779196913281","remote_relay","speedl","1271","guest","operator","0.5523829614859791","0.21393729317411092","0.04578742330714666","2.9228466901166654","-1.0641777275685271","-0.07936835683310167","{""type"":""speedl"",""xd"":[-0.08848530228653995,0.01959196962096829,0,0,0,0],""a"":1,""t"":0.08,""seq"":1271,""ts"":1779196913277}"
"2026-05-19T13:21:53.302Z","1779196913302","remote_relay","speedl","1272","guest","operator","0.5523829614859791","0.21393729317411092","0.04578742330714666","2.9228466901166654","-1.0641777275685271","-0.07936835683310167","{""type"":""speedl"",""xd"":[-0.08848530228653995,0.01959196962096829,0,0,0,0],""a"":1,""t"":0.08,""seq"":1272,""ts"":1779196913297}"
"2026-05-19T13:21:53.321Z","1779196913321","remote_relay","speedl","1273","guest","operator","0.5523829614859791","0.21393729317411092","0.04578742330714666","2.9228466901166654","-1.0641777275685271","-0.07936835683310167","{""type"":""speedl"",""xd"":[-0.08848530228653995,0.01959196962096829,0,0,0,0],""a"":1,""t"":0.08,""seq"":1273,""ts"":1779196913317}"
"2026-05-19T13:21:53.345Z","1779196913345","remote_relay","speedl","1274","guest","operator","0.5523829614859791","0.21393729317411092","0.04578742330714666","2.9228466901166654","-1.0641777275685271","-0.07936835683310167","{""type"":""speedl"",""xd"":[-0.08848530228653995,0.01959196962096829,0,0,0,0],""a"":1,""t"":0.08,""seq"":1274,""ts"":1779196913337}"
"2026-05-19T13:21:53.362Z","1779196913362","remote_relay","speedl","1275","guest","operator","0.5523829614859791","0.21393729317411092","0.04578742330714666","2.9228466901166654","-1.0641777275685271","-0.07936835683310167","{""type"":""speedl"",""xd"":[-0.08848530228653995,0.01959196962096829,0,0,0,0],""a"":1,""t"":0.08,""seq"":1275,""ts"":1779196913358}"
"2026-05-19T13:21:53.381Z","1779196913381","remote_relay","speedl","1276","guest","operator","0.5523829614859791","0.21393729317411092","0.04578742330714666","2.9228466901166654","-1.0641777275685271","-0.07936835683310167","{""type"":""speedl"",""xd"":[-0.08848530228653995,0.01959196962096829,0,0,0,0],""a"":1,""t"":0.08,""seq"":1276,""ts"":1779196913377}"
"2026-05-19T13:21:53.401Z","1779196913402","remote_relay","speedl","1277","guest","operator","0.5523829614859791","0.21393729317411092","0.04578742330714666","2.9228466901166654","-1.0641777275685271","-0.07936835683310167","{""type"":""speedl"",""xd"":[-0.08848530228653995,0.01959196962096829,0,0,0,0],""a"":1,""t"":0.08,""seq"":1277,""ts"":1779196913397}"
"2026-05-19T13:21:53.423Z","1779196913423","remote_relay","speedl","1278","guest","operator","0.5523829614859791","0.21393729317411092","0.04578742330714666","2.9228466901166654","-1.0641777275685271","-0.07936835683310167","{""type"":""speedl"",""xd"":[-0.08848530228653995,0.01959196962096829,0,0,0,0],""a"":1,""t"":0.08,""seq"":1278,""ts"":1779196913418}"
"2026-05-19T13:21:53.442Z","1779196913442","remote_relay","speedl","1279","guest","operator","0.5523829614859791","0.21393729317411092","0.04578742330714666","2.9228466901166654","-1.0641777275685271","-0.07936835683310167","{""type"":""speedl"",""xd"":[-0.08848530228653995,0.01959196962096829,0,0,0,0],""a"":1,""t"":0.08,""seq"":1279,""ts"":1779196913437}"
"2026-05-19T13:21:53.462Z","1779196913462","remote_relay","speedl","1280","guest","operator","0.5523829614859791","0.21393729317411092","0.04578742330714666","2.9228466901166654","-1.0641777275685271","-0.07936835683310167","{""type"":""speedl"",""xd"":[-0.08848530228653995,0.01959196962096829,0,0,0,0],""a"":1,""t"":0.08,""seq"":1280,""ts"":1779196913458}"
"2026-05-19T13:21:53.481Z","1779196913481","remote_relay","speedl","1281","guest","operator","0.5523829614859791","0.21393729317411092","0.04578742330714666","2.9228466901166654","-1.0641777275685271","-0.07936835683310167","{""type"":""speedl"",""xd"":[-0.08848530228653995,0.01959196962096829,0,0,0,0],""a"":1,""t"":0.08,""seq"":1281,""ts"":1779196913477}"
"2026-05-19T13:21:53.501Z","1779196913501","remote_relay","speedl","1282","guest","operator","0.5523829614859791","0.21393729317411092","0.04578742330714666","2.9228466901166654","-1.0641777275685271","-0.07936835683310167","{""type"":""speedl"",""xd"":[-0.08848530228653995,0.01959196962096829,0,0,0,0],""a"":1,""t"":0.08,""seq"":1282,""ts"":1779196913497}"
"2026-05-19T13:21:53.523Z","1779196913523","remote_relay","speedl","1283","guest","operator","0.5523829614859791","0.21393729317411092","0.04578742330714666","2.9228466901166654","-1.0641777275685271","-0.07936835683310167","{""type"":""speedl"",""xd"":[-0.08848530228653995,0.01959196962096829,0,0,0,0],""a"":1,""t"":0.08,""seq"":1283,""ts"":1779196913518}"
"2026-05-19T13:21:53.542Z","1779196913542","remote_relay","speedl","1284","guest","operator","0.5523829614859791","0.21393729317411092","0.04578742330714666","2.9228466901166654","-1.0641777275685271","-0.07936835683310167","{""type"":""speedl"",""xd"":[-0.08848530228653995,0.01959196962096829,0,0,0,0],""a"":1,""t"":0.08,""seq"":1284,""ts"":1779196913537}"
"2026-05-19T13:21:53.562Z","1779196913562","remote_relay","speedl","1285","guest","operator","0.5523829614859791","0.21393729317411092","0.04578742330714666","2.9228466901166654","-1.0641777275685271","-0.07936835683310167","{""type"":""speedl"",""xd"":[-0.08848530228653995,0.01959196962096829,0,0,0,0],""a"":1,""t"":0.08,""seq"":1285,""ts"":1779196913557}"
"2026-05-19T13:21:53.577Z","1779196913577","remote_relay","speedl_stop","1286","guest","operator","0.5523829614859791","0.21393729317411092","0.04578742330714666","2.9228466901166654","-1.0641777275685271","-0.07936835683310167","{""type"":""speedl_stop"",""seq"":1286,""ts"":1779196913565}"
"2026-05-19T13:21:53.594Z","1779196913594","remote_relay","speedl_stop","1287","guest","operator","0.5523829614859791","0.21393729317411092","0.04578742330714666","2.9228466901166654","-1.0641777275685271","-0.07936835683310167","{""type"":""speedl_stop"",""seq"":1287,""ts"":1779196913579}"
"2026-05-19T13:21:53.594Z","1779196913594","remote_relay","speedl_stop","1288","guest","operator","0.5523829614859791","0.21393729317411092","0.04578742330714666","2.9228466901166654","-1.0641777275685271","-0.07936835683310167","{""type"":""speedl_stop"",""seq"":1288,""ts"":1779196913579}"
"2026-05-19T13:22:22.377Z","1779196942377","remote_relay","speedl_stop","1289","guest","operator","0.5502371955645733","0.22910509788512548","0.04580625803011354","2.922857899478229","-1.0643463971602256","-0.07939123062149238","{""type"":""speedl_stop"",""seq"":1289,""ts"":1779196942376}"
"2026-05-19T13:22:22.396Z","1779196942396","remote_relay","speedl_stop","1290","guest","operator","0.5502285759616903","0.22909949241406716","0.04579541581374058","2.9228555782854864","-1.064284089632293","-0.07938354391183881","{""type"":""speedl_stop"",""seq"":1290,""ts"":1779196942396}"
"2026-05-19T13:22:22.417Z","1779196942417","remote_relay","speedl_stop","1291","guest","operator","0.5502323544069753","0.2291013481822794","0.04579887046985831","2.9228479157981564","-1.0642546675092341","-0.07936565544352195","{""type"":""speedl_stop"",""seq"":1291,""ts"":1779196942416}"
"2026-05-19T13:22:22.437Z","1779196942437","remote_relay","speedl_stop","1292","guest","operator","0.5502323544069753","0.2291013481822794","0.04579887046985831","2.9228479157981564","-1.0642546675092341","-0.07936565544352195","{""type"":""speedl_stop"",""seq"":1292,""ts"":1779196942437}"
"2026-05-19T13:22:22.722Z","1779196942722","remote_relay","speedl","1293","guest","operator","0.550226415755511","0.22908668702934037","0.04578804508013773","2.9227908454413662","-1.064406201751501","-0.07945683852582476","{""type"":""speedl"",""xd"":[-0.000011579887967682406,0.0000010515559248658896,0,0,0,0],""a"":1,""t"":0.08,""seq"":1293,""ts"":1779196942717}"
"2026-05-19T13:22:22.744Z","1779196942744","remote_relay","speedl","1294","guest","operator","0.550226415755511","0.22908668702934037","0.04578804508013773","2.9227908454413662","-1.064406201751501","-0.07945683852582476","{""type"":""speedl"",""xd"":[-0.0000757182843258159,0.00000801192358034256,0,0,0,0],""a"":1,""t"":0.08,""seq"":1294,""ts"":1779196942736}"
"2026-05-19T13:22:22.760Z","1779196942760","remote_relay","speedl","1295","guest","operator","0.5502392433292118","0.22908884656161257","0.04580101056665953","2.922850830186544","-1.0643586941366152","-0.07940981496471512","{""type"":""speedl"",""xd"":[-0.0003705900124458142,0.000026599377323927217,0,0,0,0],""a"":1,""t"":0.08,""seq"":1295,""ts"":1779196942756}"
"2026-05-19T13:22:22.780Z","1779196942780","remote_relay","speedl","1296","guest","operator","0.5502392433292118","0.22908884656161257","0.04580101056665953","2.922850830186544","-1.0643586941366152","-0.07940981496471512","{""type"":""speedl"",""xd"":[-0.0003705900124458142,0.000026599377323927217,0,0,0,0],""a"":1,""t"":0.08,""seq"":1296,""ts"":1779196942776}"
"2026-05-19T13:22:22.801Z","1779196942801","remote_relay","speedl","1297","guest","operator","0.5502392433292118","0.22908884656161257","0.04580101056665953","2.922850830186544","-1.0643586941366152","-0.07940981496471512","{""type"":""speedl"",""xd"":[-0.0003705900124458142,0.000026599377323927217,0,0,0,0],""a"":1,""t"":0.08,""seq"":1297,""ts"":1779196942796}"
"2026-05-19T13:22:22.820Z","1779196942820","remote_relay","speedl","1298","guest","operator","0.5502392433292118","0.22908884656161257","0.04580101056665953","2.922850830186544","-1.0643586941366152","-0.07940981496471512","{""type"":""speedl"",""xd"":[-0.0005447306470134605,0.00006253215621534478,0,0,0,0],""a"":1,""t"":0.08,""seq"":1298,""ts"":1779196942816}"
"2026-05-19T13:22:22.840Z","1779196942840","remote_relay","speedl","1299","guest","operator","0.5502392433292118","0.22908884656161257","0.04580101056665953","2.922850830186544","-1.0643586941366152","-0.07940981496471512","{""type"":""speedl"",""xd"":[-0.0005447306470134605,0.00006253215621534478,0,0,0,0],""a"":1,""t"":0.08,""seq"":1299,""ts"":1779196942836}"
"2026-05-19T13:22:22.860Z","1779196942860","remote_relay","speedl","1300","guest","operator","0.5502392433292118","0.22908884656161257","0.04580101056665953","2.922850830186544","-1.0643586941366152","-0.07940981496471512","{""type"":""speedl"",""xd"":[-0.0007663267092778064,0.00006253215621534478,0,0,0,0],""a"":1,""t"":0.08,""seq"":1300,""ts"":1779196942856}"
"2026-05-19T13:22:22.881Z","1779196942881","remote_relay","speedl","1301","guest","operator","0.5502392433292118","0.22908884656161257","0.04580101056665953","2.922850830186544","-1.0643586941366152","-0.07940981496471512","{""type"":""speedl"",""xd"":[-0.0007663267092778064,0.00006253215621534478,0,0,0,0],""a"":1,""t"":0.08,""seq"":1301,""ts"":1779196942876}"
"2026-05-19T13:22:22.900Z","1779196942901","remote_relay","speedl","1302","guest","operator","0.5502392433292118","0.22908884656161257","0.04580101056665953","2.922850830186544","-1.0643586941366152","-0.07940981496471512","{""type"":""speedl"",""xd"":[-0.0007663267092778064,0.00006253215621534478,0,0,0,0],""a"":1,""t"":0.08,""seq"":1302,""ts"":1779196942896}"
"2026-05-19T13:22:22.921Z","1779196942921","remote_relay","speedl","1303","guest","operator","0.5502392433292118","0.22908884656161257","0.04580101056665953","2.922850830186544","-1.0643586941366152","-0.07940981496471512","{""type"":""speedl"",""xd"":[-0.0007663267092778064,0.00006253215621534478,0,0,0,0],""a"":1,""t"":0.08,""seq"":1303,""ts"":1779196942917}"
"2026-05-19T13:22:22.941Z","1779196942941","remote_relay","speedl","1304","guest","operator","0.5502392433292118","0.22908884656161257","0.04580101056665953","2.922850830186544","-1.0643586941366152","-0.07940981496471512","{""type"":""speedl"",""xd"":[-0.0007663267092778064,0.00006253215621534478,0,0,0,0],""a"":1,""t"":0.08,""seq"":1304,""ts"":1779196942936}"
"2026-05-19T13:22:22.963Z","1779196942963","remote_relay","speedl","1305","guest","operator","0.5502392433292118","0.22908884656161257","0.04580101056665953","2.922850830186544","-1.0643586941366152","-0.07940981496471512","{""type"":""speedl"",""xd"":[-0.0007663267092778064,0.00006253215621534478,0,0,0,0],""a"":1,""t"":0.08,""seq"":1305,""ts"":1779196942956}"
"2026-05-19T13:22:22.981Z","1779196942981","remote_relay","speedl","1306","guest","operator","0.5502392433292118","0.22908884656161257","0.04580101056665953","2.922850830186544","-1.0643586941366152","-0.07940981496471512","{""type"":""speedl"",""xd"":[-0.0007663267092778064,0.00006253215621534478,0,0,0,0],""a"":1,""t"":0.08,""seq"":1306,""ts"":1779196942977}"
"2026-05-19T13:22:23.001Z","1779196943001","remote_relay","speedl","1307","guest","operator","0.5502392433292118","0.22908884656161257","0.04580101056665953","2.922850830186544","-1.0643586941366152","-0.07940981496471512","{""type"":""speedl"",""xd"":[-0.0010410964382985763,0.00020930664568058078,0,0,0,0],""a"":1,""t"":0.08,""seq"":1307,""ts"":1779196942996}"
"2026-05-19T13:22:23.020Z","1779196943020","remote_relay","speedl","1308","guest","operator","0.5502392433292118","0.22908884656161257","0.04580101056665953","2.922850830186544","-1.0643586941366152","-0.07940981496471512","{""type"":""speedl"",""xd"":[-0.0010410964382985763,0.00020930664568058078,0,0,0,0],""a"":1,""t"":0.08,""seq"":1308,""ts"":1779196943016}"
"2026-05-19T13:22:23.045Z","1779196943045","remote_relay","speedl","1309","guest","operator","0.5502392433292118","0.22908884656161257","0.04580101056665953","2.922850830186544","-1.0643586941366152","-0.07940981496471512","{""type"":""speedl"",""xd"":[-0.0013747580731354922,0.00020930664568058078,0,0,0,0],""a"":1,""t"":0.08,""seq"":1309,""ts"":1779196943036}"
"2026-05-19T13:22:23.061Z","1779196943061","remote_relay","speedl","1310","guest","operator","0.5502392433292118","0.22908884656161257","0.04580101056665953","2.922850830186544","-1.0643586941366152","-0.07940981496471512","{""type"":""speedl"",""xd"":[-0.0017730298528482865,0.00020930664568058078,0,0,0,0],""a"":1,""t"":0.08,""seq"":1310,""ts"":1779196943057}"
"2026-05-19T13:22:23.082Z","1779196943082","remote_relay","speedl","1311","guest","operator","0.5502392433292118","0.22908884656161257","0.04580101056665953","2.922850830186544","-1.0643586941366152","-0.07940981496471512","{""type"":""speedl"",""xd"":[-0.0017730298528482865,0.0004940813044538528,0,0,0,0],""a"":1,""t"":0.08,""seq"":1311,""ts"":1779196943077}"
"2026-05-19T13:22:23.100Z","1779196943100","remote_relay","speedl","1312","guest","operator","0.5502392433292118","0.22908884656161257","0.04580101056665953","2.922850830186544","-1.0643586941366152","-0.07940981496471512","{""type"":""speedl"",""xd"":[-0.0017730298528482865,0.0007025142949803152,0,0,0,0],""a"":1,""t"":0.08,""seq"":1312,""ts"":1779196943096}"
"2026-05-19T13:22:23.121Z","1779196943121","remote_relay","speedl","1313","guest","operator","0.5502392433292118","0.22908884656161257","0.04580101056665953","2.922850830186544","-1.0643586941366152","-0.07940981496471512","{""type"":""speedl"",""xd"":[-0.0017730298528482865,0.0007025142949803152,0,0,0,0],""a"":1,""t"":0.08,""seq"":1313,""ts"":1779196943117}"
"2026-05-19T13:22:23.140Z","1779196943140","remote_relay","speedl","1314","guest","operator","0.5502392433292118","0.22908884656161257","0.04580101056665953","2.922850830186544","-1.0643586941366152","-0.07940981496471512","{""type"":""speedl"",""xd"":[-0.0017730298528482865,0.0007025142949803152,0,0,0,0],""a"":1,""t"":0.08,""seq"":1314,""ts"":1779196943136}"
"2026-05-19T13:22:23.161Z","1779196943161","remote_relay","speedl","1315","guest","operator","0.5502392433292118","0.22908884656161257","0.04580101056665953","2.922850830186544","-1.0643586941366152","-0.07940981496471512","{""type"":""speedl"",""xd"":[-0.0017730298528482865,0.0007025142949803152,0,0,0,0],""a"":1,""t"":0.08,""seq"":1315,""ts"":1779196943156}"
"2026-05-19T13:22:23.181Z","1779196943181","remote_relay","speedl","1316","guest","operator","0.5502392433292118","0.22908884656161257","0.04580101056665953","2.922850830186544","-1.0643586941366152","-0.07940981496471512","{""type"":""speedl"",""xd"":[-0.0017730298528482865,0.0007025142949803152,0,0,0,0],""a"":1,""t"":0.08,""seq"":1316,""ts"":1779196943177}"
"2026-05-19T13:22:23.200Z","1779196943200","remote_relay","speedl","1317","guest","operator","0.5502392433292118","0.22908884656161257","0.04580101056665953","2.922850830186544","-1.0643586941366152","-0.07940981496471512","{""type"":""speedl"",""xd"":[-0.0017730298528482865,0.0007025142949803152,0,0,0,0],""a"":1,""t"":0.08,""seq"":1317,""ts"":1779196943196}"
"2026-05-19T13:22:23.220Z","1779196943220","remote_relay","speedl","1318","guest","operator","0.5502392433292118","0.22908884656161257","0.04580101056665953","2.922850830186544","-1.0643586941366152","-0.07940981496471512","{""type"":""speedl"",""xd"":[-0.0022416300164966796,0.0007025142949803152,0,0,0,0],""a"":1,""t"":0.08,""seq"":1318,""ts"":1779196943216}"
"2026-05-19T13:22:23.240Z","1779196943240","remote_relay","speedl","1319","guest","operator","0.5502392433292118","0.22908884656161257","0.04580101056665953","2.922850830186544","-1.0643586941366152","-0.07940981496471512","{""type"":""speedl"",""xd"":[-0.0022416300164966796,0.0007025142949803152,0,0,0,0],""a"":1,""t"":0.08,""seq"":1319,""ts"":1779196943236}"
"2026-05-19T13:22:23.261Z","1779196943261","remote_relay","speedl","1320","guest","operator","0.5502392433292118","0.22908884656161257","0.04580101056665953","2.922850830186544","-1.0643586941366152","-0.07940981496471512","{""type"":""speedl"",""xd"":[-0.0022416300164966796,0.0007025142949803152,0,0,0,0],""a"":1,""t"":0.08,""seq"":1320,""ts"":1779196943256}"
"2026-05-19T13:22:23.280Z","1779196943280","remote_relay","speedl","1321","guest","operator","0.5502392433292118","0.22908884656161257","0.04580101056665953","2.922850830186544","-1.0643586941366152","-0.07940981496471512","{""type"":""speedl"",""xd"":[-0.0022416300164966796,0.0007025142949803152,0,0,0,0],""a"":1,""t"":0.08,""seq"":1321,""ts"":1779196943276}"
"2026-05-19T13:22:23.301Z","1779196943301","remote_relay","speedl","1322","guest","operator","0.5502392433292118","0.22908884656161257","0.04580101056665953","2.922850830186544","-1.0643586941366152","-0.07940981496471512","{""type"":""speedl"",""xd"":[-0.0022416300164966796,0.0007025142949803152,0,0,0,0],""a"":1,""t"":0.08,""seq"":1322,""ts"":1779196943297}"
"2026-05-19T13:22:23.320Z","1779196943320","remote_relay","speedl","1323","guest","operator","0.5502392433292118","0.22908884656161257","0.04580101056665953","2.922850830186544","-1.0643586941366152","-0.07940981496471512","{""type"":""speedl"",""xd"":[-0.0022416300164966796,0.0007025142949803152,0,0,0,0],""a"":1,""t"":0.08,""seq"":1323,""ts"":1779196943316}"
"2026-05-19T13:22:23.341Z","1779196943341","remote_relay","speedl","1324","guest","operator","0.5502392433292118","0.22908884656161257","0.04580101056665953","2.922850830186544","-1.0643586941366152","-0.07940981496471512","{""type"":""speedl"",""xd"":[-0.0022416300164966796,0.0007025142949803152,0,0,0,0],""a"":1,""t"":0.08,""seq"":1324,""ts"":1779196943337}"
"2026-05-19T13:22:23.361Z","1779196943361","remote_relay","speedl","1325","guest","operator","0.5502392433292118","0.22908884656161257","0.04580101056665953","2.922850830186544","-1.0643586941366152","-0.07940981496471512","{""type"":""speedl"",""xd"":[-0.0022416300164966796,0.0007025142949803152,0,0,0,0],""a"":1,""t"":0.08,""seq"":1325,""ts"":1779196943356}"
"2026-05-19T13:22:23.380Z","1779196943380","remote_relay","speedl","1326","guest","operator","0.5502392433292118","0.22908884656161257","0.04580101056665953","2.922850830186544","-1.0643586941366152","-0.07940981496471512","{""type"":""speedl"",""xd"":[-0.0022416300164966796,0.0007025142949803152,0,0,0,0],""a"":1,""t"":0.08,""seq"":1326,""ts"":1779196943376}"
"2026-05-19T13:22:23.401Z","1779196943401","remote_relay","speedl","1327","guest","operator","0.5502392433292118","0.22908884656161257","0.04580101056665953","2.922850830186544","-1.0643586941366152","-0.07940981496471512","{""type"":""speedl"",""xd"":[-0.0022416300164966796,0.0007025142949803152,0,0,0,0],""a"":1,""t"":0.08,""seq"":1327,""ts"":1779196943396}"
"2026-05-19T13:22:23.421Z","1779196943421","remote_relay","speedl","1328","guest","operator","0.5502392433292118","0.22908884656161257","0.04580101056665953","2.922850830186544","-1.0643586941366152","-0.07940981496471512","{""type"":""speedl"",""xd"":[-0.0022416300164966796,0.0007025142949803152,0,0,0,0],""a"":1,""t"":0.08,""seq"":1328,""ts"":1779196943416}"
"2026-05-19T13:22:23.440Z","1779196943440","remote_relay","speedl","1329","guest","operator","0.5502392433292118","0.22908884656161257","0.04580101056665953","2.922850830186544","-1.0643586941366152","-0.07940981496471512","{""type"":""speedl"",""xd"":[-0.0022416300164966796,0.0007025142949803152,0,0,0,0],""a"":1,""t"":0.08,""seq"":1329,""ts"":1779196943436}"
"2026-05-19T13:22:23.462Z","1779196943462","remote_relay","speedl","1330","guest","operator","0.5502392433292118","0.22908884656161257","0.04580101056665953","2.922850830186544","-1.0643586941366152","-0.07940981496471512","{""type"":""speedl"",""xd"":[-0.0022416300164966796,0.0007025142949803152,0,0,0,0],""a"":1,""t"":0.08,""seq"":1330,""ts"":1779196943456}"
"2026-05-19T13:22:23.482Z","1779196943482","remote_relay","speedl","1331","guest","operator","0.5502392433292118","0.22908884656161257","0.04580101056665953","2.922850830186544","-1.0643586941366152","-0.07940981496471512","{""type"":""speedl"",""xd"":[-0.0022416300164966796,0.0009626020450129628,0,0,0,0],""a"":1,""t"":0.08,""seq"":1331,""ts"":1779196943478}"
"2026-05-19T13:22:23.501Z","1779196943501","remote_relay","speedl","1332","guest","operator","0.5502392433292118","0.22908884656161257","0.04580101056665953","2.922850830186544","-1.0643586941366152","-0.07940981496471512","{""type"":""speedl"",""xd"":[-0.002786276803140399,0.0009626020450129628,0,0,0,0],""a"":1,""t"":0.08,""seq"":1332,""ts"":1779196943497}"
"2026-05-19T13:22:23.521Z","1779196943521","remote_relay","speedl","1333","guest","operator","0.5502392433292118","0.22908884656161257","0.04580101056665953","2.922850830186544","-1.0643586941366152","-0.07940981496471512","{""type"":""speedl"",""xd"":[-0.003412688451839165,0.0012800627936115192,0,0,0,0],""a"":1,""t"":0.08,""seq"":1333,""ts"":1779196943516}"
"2026-05-19T13:22:23.541Z","1779196943541","remote_relay","speedl","1334","guest","operator","0.5502392433292118","0.22908884656161257","0.04580101056665953","2.922850830186544","-1.0643586941366152","-0.07940981496471512","{""type"":""speedl"",""xd"":[-0.003412688451839165,0.0016606147798357092,0,0,0,0],""a"":1,""t"":0.08,""seq"":1334,""ts"":1779196943537}"
"2026-05-19T13:22:23.561Z","1779196943561","remote_relay","speedl","1335","guest","operator","0.5502392433292118","0.22908884656161257","0.04580101056665953","2.922850830186544","-1.0643586941366152","-0.07940981496471512","{""type"":""speedl"",""xd"":[-0.003412688451839165,0.0016606147798357092,0,0,0,0],""a"":1,""t"":0.08,""seq"":1335,""ts"":1779196943556}"
"2026-05-19T13:22:23.582Z","1779196943582","remote_relay","speedl","1336","guest","operator","0.5502392433292118","0.22908884656161257","0.04580101056665953","2.922850830186544","-1.0643586941366152","-0.07940981496471512","{""type"":""speedl"",""xd"":[-0.003412688451839165,0.0016606147798357092,0,0,0,0],""a"":1,""t"":0.08,""seq"":1336,""ts"":1779196943578}"
"2026-05-19T13:22:23.600Z","1779196943600","remote_relay","speedl","1337","guest","operator","0.5502392433292118","0.22908884656161257","0.04580101056665953","2.922850830186544","-1.0643586941366152","-0.07940981496471512","{""type"":""speedl"",""xd"":[-0.004126583201652711,0.002109976242745261,0,0,0,0],""a"":1,""t"":0.08,""seq"":1337,""ts"":1779196943596}"
"2026-05-19T13:22:23.622Z","1779196943622","remote_relay","speedl","1338","guest","operator","0.5502392433292118","0.22908884656161257","0.04580101056665953","2.922850830186544","-1.0643586941366152","-0.07940981496471512","{""type"":""speedl"",""xd"":[-0.004126583201652711,0.002633865421399899,0,0,0,0],""a"":1,""t"":0.08,""seq"":1338,""ts"":1779196943617}"
"2026-05-19T13:22:23.641Z","1779196943641","remote_relay","speedl","1339","guest","operator","0.5502392433292118","0.22908884656161257","0.04580101056665953","2.922850830186544","-1.0643586941366152","-0.07940981496471512","{""type"":""speedl"",""xd"":[-0.004933679291640758,0.002633865421399899,0,0,0,0],""a"":1,""t"":0.08,""seq"":1339,""ts"":1779196943636}"
"2026-05-19T13:22:23.661Z","1779196943661","remote_relay","speedl","1340","guest","operator","0.5502392433292118","0.22908884656161257","0.04580101056665953","2.922850830186544","-1.0643586941366152","-0.07940981496471512","{""type"":""speedl"",""xd"":[-0.004933679291640758,0.002633865421399899,0,0,0,0],""a"":1,""t"":0.08,""seq"":1340,""ts"":1779196943657}"
"2026-05-19T13:22:23.682Z","1779196943682","remote_relay","speedl","1341","guest","operator","0.5502392433292118","0.22908884656161257","0.04580101056665953","2.922850830186544","-1.0643586941366152","-0.07940981496471512","{""type"":""speedl"",""xd"":[-0.004933679291640758,0.002633865421399899,0,0,0,0],""a"":1,""t"":0.08,""seq"":1341,""ts"":1779196943677}"
"2026-05-19T13:22:23.701Z","1779196943701","remote_relay","speedl","1342","guest","operator","0.5502392433292118","0.22908884656161257","0.04580101056665953","2.922850830186544","-1.0643586941366152","-0.07940981496471512","{""type"":""speedl"",""xd"":[-0.004933679291640758,0.0032380005548593486,0,0,0,0],""a"":1,""t"":0.08,""seq"":1342,""ts"":1779196943696}"
"2026-05-19T13:22:23.720Z","1779196943720","remote_relay","speedl","1343","guest","operator","0.5502392433292118","0.22908884656161257","0.04580101056665953","2.922850830186544","-1.0643586941366152","-0.07940981496471512","{""type"":""speedl"",""xd"":[-0.005839694960863028,0.003928099882183333,0,0,0,0],""a"":1,""t"":0.08,""seq"":1343,""ts"":1779196943716}"
"2026-05-19T13:22:23.741Z","1779196943741","remote_relay","speedl","1344","guest","operator","0.5502392433292118","0.22908884656161257","0.04580101056665953","2.922850830186544","-1.0643586941366152","-0.07940981496471512","{""type"":""speedl"",""xd"":[-0.005839694960863028,0.003928099882183333,0,0,0,0],""a"":1,""t"":0.08,""seq"":1344,""ts"":1779196943736}"
"2026-05-19T13:22:23.762Z","1779196943762","remote_relay","speedl","1345","guest","operator","0.5502392433292118","0.22908884656161257","0.04580101056665953","2.922850830186544","-1.0643586941366152","-0.07940981496471512","{""type"":""speedl"",""xd"":[-0.005839694960863028,0.003928099882183333,0,0,0,0],""a"":1,""t"":0.08,""seq"":1345,""ts"":1779196943756}"
"2026-05-19T13:22:23.782Z","1779196943782","remote_relay","speedl","1346","guest","operator","0.5502392433292118","0.22908884656161257","0.04580101056665953","2.922850830186544","-1.0643586941366152","-0.07940981496471512","{""type"":""speedl"",""xd"":[-0.005839694960863028,0.003928099882183333,0,0,0,0],""a"":1,""t"":0.08,""seq"":1346,""ts"":1779196943778}"
"2026-05-19T13:22:23.801Z","1779196943801","remote_relay","speedl","1347","guest","operator","0.5502392433292118","0.22908884656161257","0.04580101056665953","2.922850830186544","-1.0643586941366152","-0.07940981496471512","{""type"":""speedl"",""xd"":[-0.007971357993249141,0.00470988164243158,0,0,0,0],""a"":1,""t"":0.08,""seq"":1347,""ts"":1779196943796}"
"2026-05-19T13:22:23.821Z","1779196943821","remote_relay","speedl","1348","guest","operator","0.5502392433292118","0.22908884656161257","0.04580101056665953","2.922850830186544","-1.0643586941366152","-0.07940981496471512","{""type"":""speedl"",""xd"":[-0.007971357993249141,0.00470988164243158,0,0,0,0],""a"":1,""t"":0.08,""seq"":1348,""ts"":1779196943817}"
"2026-05-19T13:22:23.841Z","1779196943841","remote_relay","speedl","1349","guest","operator","0.5502392433292118","0.22908884656161257","0.04580101056665953","2.922850830186544","-1.0643586941366152","-0.07940981496471512","{""type"":""speedl"",""xd"":[-0.009208441834532446,0.00558906407466381,0,0,0,0],""a"":1,""t"":0.08,""seq"":1349,""ts"":1779196943836}"
"2026-05-19T13:22:23.863Z","1779196943863","remote_relay","speedl","1350","guest","operator","0.5502392433292118","0.22908884656161257","0.04580101056665953","2.922850830186544","-1.0643586941366152","-0.07940981496471512","{""type"":""speedl"",""xd"":[-0.009208441834532446,0.00558906407466381,0,0,0,0],""a"":1,""t"":0.08,""seq"":1350,""ts"":1779196943856}"
"2026-05-19T13:22:23.882Z","1779196943882","remote_relay","speedl","1351","guest","operator","0.5502392433292118","0.22908884656161257","0.04580101056665953","2.922850830186544","-1.0643586941366152","-0.07940981496471512","{""type"":""speedl"",""xd"":[-0.009208441834532446,0.0065713654179397575,0,0,0,0],""a"":1,""t"":0.08,""seq"":1351,""ts"":1779196943877}"
"2026-05-19T13:22:23.901Z","1779196943901","remote_relay","speedl","1352","guest","operator","0.5502392433292118","0.22908884656161257","0.04580101056665953","2.922850830186544","-1.0643586941366152","-0.07940981496471512","{""type"":""speedl"",""xd"":[-0.009208441834532446,0.0065713654179397575,0,0,0,0],""a"":1,""t"":0.08,""seq"":1352,""ts"":1779196943897}"
"2026-05-19T13:22:23.921Z","1779196943921","remote_relay","speedl","1353","guest","operator","0.5502392433292118","0.22908884656161257","0.04580101056665953","2.922850830186544","-1.0643586941366152","-0.07940981496471512","{""type"":""speedl"",""xd"":[-0.009208441834532446,0.0065713654179397575,0,0,0,0],""a"":1,""t"":0.08,""seq"":1353,""ts"":1779196943916}"
"2026-05-19T13:22:23.941Z","1779196943941","remote_relay","speedl","1354","guest","operator","0.5502392433292118","0.22908884656161257","0.04580101056665953","2.922850830186544","-1.0643586941366152","-0.07940981496471512","{""type"":""speedl"",""xd"":[-0.009208441834532446,0.0065713654179397575,0,0,0,0],""a"":1,""t"":0.08,""seq"":1354,""ts"":1779196943936}"
"2026-05-19T13:22:23.962Z","1779196943962","remote_relay","speedl","1355","guest","operator","0.5502392433292118","0.22908884656161257","0.04580101056665953","2.922850830186544","-1.0643586941366152","-0.07940981496471512","{""type"":""speedl"",""xd"":[-0.009208441834532446,0.0065713654179397575,0,0,0,0],""a"":1,""t"":0.08,""seq"":1355,""ts"":1779196943956}"
"2026-05-19T13:22:23.982Z","1779196943982","remote_relay","speedl","1356","guest","operator","0.5502392433292118","0.22908884656161257","0.04580101056665953","2.922850830186544","-1.0643586941366152","-0.07940981496471512","{""type"":""speedl"",""xd"":[-0.010567318211288871,0.0065713654179397575,0,0,0,0],""a"":1,""t"":0.08,""seq"":1356,""ts"":1779196943977}"
"2026-05-19T13:22:24.001Z","1779196944001","remote_relay","speedl","1357","guest","operator","0.5502392433292118","0.22908884656161257","0.04580101056665953","2.922850830186544","-1.0643586941366152","-0.07940981496471512","{""type"":""speedl"",""xd"":[-0.010567318211288871,0.007662503911319131,0,0,0,0],""a"":1,""t"":0.08,""seq"":1357,""ts"":1779196943996}"
"2026-05-19T13:22:24.021Z","1779196944021","remote_relay","speedl","1358","guest","operator","0.5502392433292118","0.22908884656161257","0.04580101056665953","2.922850830186544","-1.0643586941366152","-0.07940981496471512","{""type"":""speedl"",""xd"":[-0.010567318211288871,0.007662503911319131,0,0,0,0],""a"":1,""t"":0.08,""seq"":1358,""ts"":1779196944016}"
"2026-05-19T13:22:24.041Z","1779196944041","remote_relay","speedl","1359","guest","operator","0.5502392433292118","0.22908884656161257","0.04580101056665953","2.922850830186544","-1.0643586941366152","-0.07940981496471512","{""type"":""speedl"",""xd"":[-0.010567318211288871,0.007662503911319131,0,0,0,0],""a"":1,""t"":0.08,""seq"":1359,""ts"":1779196944037}"
"2026-05-19T13:22:24.061Z","1779196944061","remote_relay","speedl","1360","guest","operator","0.5502392433292118","0.22908884656161257","0.04580101056665953","2.922850830186544","-1.0643586941366152","-0.07940981496471512","{""type"":""speedl"",""xd"":[-0.010567318211288871,0.007662503911319131,0,0,0,0],""a"":1,""t"":0.08,""seq"":1360,""ts"":1779196944056}"
"2026-05-19T13:22:24.083Z","1779196944083","remote_relay","speedl","1361","guest","operator","0.5502392433292118","0.22908884656161257","0.04580101056665953","2.922850830186544","-1.0643586941366152","-0.07940981496471512","{""type"":""speedl"",""xd"":[-0.010567318211288871,0.007662503911319131,0,0,0,0],""a"":1,""t"":0.08,""seq"":1361,""ts"":1779196944078}"
"2026-05-19T13:22:24.101Z","1779196944101","remote_relay","speedl","1362","guest","operator","0.5502392433292118","0.22908884656161257","0.04580101056665953","2.922850830186544","-1.0643586941366152","-0.07940981496471512","{""type"":""speedl"",""xd"":[-0.010567318211288871,0.007662503911319131,0,0,0,0],""a"":1,""t"":0.08,""seq"":1362,""ts"":1779196944097}"
"2026-05-19T13:22:24.121Z","1779196944121","remote_relay","speedl","1363","guest","operator","0.5502392433292118","0.22908884656161257","0.04580101056665953","2.922850830186544","-1.0643586941366152","-0.07940981496471512","{""type"":""speedl"",""xd"":[-0.010567318211288871,0.007662503911319131,0,0,0,0],""a"":1,""t"":0.08,""seq"":1363,""ts"":1779196944116}"
"2026-05-19T13:22:24.140Z","1779196944140","remote_relay","speedl","1364","guest","operator","0.5502392433292118","0.22908884656161257","0.04580101056665953","2.922850830186544","-1.0643586941366152","-0.07940981496471512","{""type"":""speedl"",""xd"":[-0.010567318211288871,0.007662503911319131,0,0,0,0],""a"":1,""t"":0.08,""seq"":1364,""ts"":1779196944136}"
"2026-05-19T13:22:24.161Z","1779196944161","remote_relay","speedl","1365","guest","operator","0.5502392433292118","0.22908884656161257","0.04580101056665953","2.922850830186544","-1.0643586941366152","-0.07940981496471512","{""type"":""speedl"",""xd"":[-0.010567318211288871,0.007662503911319131,0,0,0,0],""a"":1,""t"":0.08,""seq"":1365,""ts"":1779196944156}"
"2026-05-19T13:22:24.184Z","1779196944184","remote_relay","speedl","1366","guest","operator","0.5502392433292118","0.22908884656161257","0.04580101056665953","2.922850830186544","-1.0643586941366152","-0.07940981496471512","{""type"":""speedl"",""xd"":[-0.010567318211288871,0.010194165304627101,0,0,0,0],""a"":1,""t"":0.08,""seq"":1366,""ts"":1779196944179}"
"2026-05-19T13:22:24.202Z","1779196944202","remote_relay","speedl","1367","guest","operator","0.5502392433292118","0.22908884656161257","0.04580101056665953","2.922850830186544","-1.0643586941366152","-0.07940981496471512","{""type"":""speedl"",""xd"":[-0.010567318211288871,0.010194165304627101,0,0,0,0],""a"":1,""t"":0.08,""seq"":1367,""ts"":1779196944197}"
"2026-05-19T13:22:24.222Z","1779196944222","remote_relay","speedl","1368","guest","operator","0.5502392433292118","0.22908884656161257","0.04580101056665953","2.922850830186544","-1.0643586941366152","-0.07940981496471512","{""type"":""speedl"",""xd"":[-0.012053705362578155,0.011646124682675148,0,0,0,0],""a"":1,""t"":0.08,""seq"":1368,""ts"":1779196944217}"
"2026-05-19T13:22:24.241Z","1779196944241","remote_relay","speedl","1369","guest","operator","0.5502392433292118","0.22908884656161257","0.04580101056665953","2.922850830186544","-1.0643586941366152","-0.07940981496471512","{""type"":""speedl"",""xd"":[-0.012053705362578155,0.011646124682675148,0,0,0,0],""a"":1,""t"":0.08,""seq"":1369,""ts"":1779196944237}"
"2026-05-19T13:22:24.262Z","1779196944262","remote_relay","speedl","1370","guest","operator","0.5502392433292118","0.22908884656161257","0.04580101056665953","2.922850830186544","-1.0643586941366152","-0.07940981496471512","{""type"":""speedl"",""xd"":[-0.012053705362578155,0.01322979416706553,0,0,0,0],""a"":1,""t"":0.08,""seq"":1370,""ts"":1779196944257}"
"2026-05-19T13:22:24.283Z","1779196944283","remote_relay","speedl","1371","guest","operator","0.5502392433292118","0.22908884656161257","0.04580101056665953","2.922850830186544","-1.0643586941366152","-0.07940981496471512","{""type"":""speedl"",""xd"":[-0.013673321527460007,0.014950891996857976,0,0,0,0],""a"":1,""t"":0.08,""seq"":1371,""ts"":1779196944278}"
"2026-05-19T13:22:24.302Z","1779196944302","remote_relay","speedl","1372","guest","operator","0.5502392433292118","0.22908884656161257","0.04580101056665953","2.922850830186544","-1.0643586941366152","-0.07940981496471512","{""type"":""speedl"",""xd"":[-0.013673321527460007,0.016815136411112208,0,0,0,0],""a"":1,""t"":0.08,""seq"":1372,""ts"":1779196944297}"
"2026-05-19T13:22:24.321Z","1779196944321","remote_relay","speedl","1373","guest","operator","0.5502392433292118","0.22908884656161257","0.04580101056665953","2.922850830186544","-1.0643586941366152","-0.07940981496471512","{""type"":""speedl"",""xd"":[-0.013673321527460007,0.016815136411112208,0,0,0,0],""a"":1,""t"":0.08,""seq"":1373,""ts"":1779196944317}"
"2026-05-19T13:22:24.340Z","1779196944340","remote_relay","speedl","1374","guest","operator","0.5502392433292118","0.22908884656161257","0.04580101056665953","2.922850830186544","-1.0643586941366152","-0.07940981496471512","{""type"":""speedl"",""xd"":[-0.013673321527460007,0.016815136411112208,0,0,0,0],""a"":1,""t"":0.08,""seq"":1374,""ts"":1779196944336}"
"2026-05-19T13:22:24.361Z","1779196944361","remote_relay","speedl","1375","guest","operator","0.5502392433292118","0.22908884656161257","0.04580101056665953","2.922850830186544","-1.0643586941366152","-0.07940981496471512","{""type"":""speedl"",""xd"":[-0.013673321527460007,0.016815136411112208,0,0,0,0],""a"":1,""t"":0.08,""seq"":1375,""ts"":1779196944356}"
"2026-05-19T13:22:24.382Z","1779196944382","remote_relay","speedl","1376","guest","operator","0.5502392433292118","0.22908884656161257","0.04580101056665953","2.922850830186544","-1.0643586941366152","-0.07940981496471512","{""type"":""speedl"",""xd"":[-0.013673321527460007,0.016815136411112208,0,0,0,0],""a"":1,""t"":0.08,""seq"":1376,""ts"":1779196944378}"
"2026-05-19T13:22:24.401Z","1779196944401","remote_relay","speedl","1377","guest","operator","0.5502392433292118","0.22908884656161257","0.04580101056665953","2.922850830186544","-1.0643586941366152","-0.07940981496471512","{""type"":""speedl"",""xd"":[-0.013673321527460007,0.016815136411112208,0,0,0,0],""a"":1,""t"":0.08,""seq"":1377,""ts"":1779196944396}"
"2026-05-19T13:22:24.422Z","1779196944422","remote_relay","speedl","1378","guest","operator","0.5502392433292118","0.22908884656161257","0.04580101056665953","2.922850830186544","-1.0643586941366152","-0.07940981496471512","{""type"":""speedl"",""xd"":[-0.013673321527460007,0.016815136411112208,0,0,0,0],""a"":1,""t"":0.08,""seq"":1378,""ts"":1779196944417}"
"2026-05-19T13:22:24.441Z","1779196944441","remote_relay","speedl","1379","guest","operator","0.5502392433292118","0.22908884656161257","0.04580101056665953","2.922850830186544","-1.0643586941366152","-0.07940981496471512","{""type"":""speedl"",""xd"":[-0.013673321527460007,0.016815136411112208,0,0,0,0],""a"":1,""t"":0.08,""seq"":1379,""ts"":1779196944437}"
"2026-05-19T13:22:24.462Z","1779196944462","remote_relay","speedl","1380","guest","operator","0.5502392433292118","0.22908884656161257","0.04580101056665953","2.922850830186544","-1.0643586941366152","-0.07940981496471512","{""type"":""speedl"",""xd"":[-0.013673321527460007,0.016815136411112208,0,0,0,0],""a"":1,""t"":0.08,""seq"":1380,""ts"":1779196944457}"
"2026-05-19T13:22:24.484Z","1779196944484","remote_relay","speedl","1381","guest","operator","0.5502392433292118","0.22908884656161257","0.04580101056665953","2.922850830186544","-1.0643586941366152","-0.07940981496471512","{""type"":""speedl"",""xd"":[-0.015431884944994168,0.016815136411112208,0,0,0,0],""a"":1,""t"":0.08,""seq"":1381,""ts"":1779196944479}"
"2026-05-19T13:22:24.501Z","1779196944501","remote_relay","speedl","1382","guest","operator","0.5502392433292118","0.22908884656161257","0.04580101056665953","2.922850830186544","-1.0643586941366152","-0.07940981496471512","{""type"":""speedl"",""xd"":[-0.015431884944994168,0.016815136411112208,0,0,0,0],""a"":1,""t"":0.08,""seq"":1382,""ts"":1779196944496}"
"2026-05-19T13:22:24.520Z","1779196944520","remote_relay","speedl","1383","guest","operator","0.5502392433292118","0.22908884656161257","0.04580101056665953","2.922850830186544","-1.0643586941366152","-0.07940981496471512","{""type"":""speedl"",""xd"":[-0.015431884944994168,0.016815136411112208,0,0,0,0],""a"":1,""t"":0.08,""seq"":1383,""ts"":1779196944516}"
"2026-05-19T13:22:24.540Z","1779196944540","remote_relay","speedl","1384","guest","operator","0.5502392433292118","0.22908884656161257","0.04580101056665953","2.922850830186544","-1.0643586941366152","-0.07940981496471512","{""type"":""speedl"",""xd"":[-0.015431884944994168,0.018828245648887954,0,0,0,0],""a"":1,""t"":0.08,""seq"":1384,""ts"":1779196944536}"
"2026-05-19T13:22:24.562Z","1779196944562","remote_relay","speedl","1385","guest","operator","0.5502392433292118","0.22908884656161257","0.04580101056665953","2.922850830186544","-1.0643586941366152","-0.07940981496471512","{""type"":""speedl"",""xd"":[-0.015431884944994168,0.018828245648887954,0,0,0,0],""a"":1,""t"":0.08,""seq"":1385,""ts"":1779196944556}"
"2026-05-19T13:22:24.584Z","1779196944584","remote_relay","speedl","1386","guest","operator","0.5502392433292118","0.22908884656161257","0.04580101056665953","2.922850830186544","-1.0643586941366152","-0.07940981496471512","{""type"":""speedl"",""xd"":[-0.015431884944994168,0.018828245648887954,0,0,0,0],""a"":1,""t"":0.08,""seq"":1386,""ts"":1779196944579}"
"2026-05-19T13:22:24.601Z","1779196944601","remote_relay","speedl","1387","guest","operator","0.5502392433292118","0.22908884656161257","0.04580101056665953","2.922850830186544","-1.0643586941366152","-0.07940981496471512","{""type"":""speedl"",""xd"":[-0.015431884944994168,0.018828245648887954,0,0,0,0],""a"":1,""t"":0.08,""seq"":1387,""ts"":1779196944597}"
"2026-05-19T13:22:24.621Z","1779196944621","remote_relay","speedl","1388","guest","operator","0.5502392433292118","0.22908884656161257","0.04580101056665953","2.922850830186544","-1.0643586941366152","-0.07940981496471512","{""type"":""speedl"",""xd"":[-0.015431884944994168,0.018828245648887954,0,0,0,0],""a"":1,""t"":0.08,""seq"":1388,""ts"":1779196944617}"
"2026-05-19T13:22:24.641Z","1779196944641","remote_relay","speedl","1389","guest","operator","0.5502392433292118","0.22908884656161257","0.04580101056665953","2.922850830186544","-1.0643586941366152","-0.07940981496471512","{""type"":""speedl"",""xd"":[-0.015431884944994168,0.018828245648887954,0,0,0,0],""a"":1,""t"":0.08,""seq"":1389,""ts"":1779196944636}"
"2026-05-19T13:22:24.662Z","1779196944662","remote_relay","speedl","1390","guest","operator","0.5502392433292118","0.22908884656161257","0.04580101056665953","2.922850830186544","-1.0643586941366152","-0.07940981496471512","{""type"":""speedl"",""xd"":[-0.015431884944994168,0.02099593794924493,0,0,0,0],""a"":1,""t"":0.08,""seq"":1390,""ts"":1779196944656}"
"2026-05-19T13:22:24.684Z","1779196944684","remote_relay","speedl","1391","guest","operator","0.5502392433292118","0.22908884656161257","0.04580101056665953","2.922850830186544","-1.0643586941366152","-0.07940981496471512","{""type"":""speedl"",""xd"":[-0.021598441104107722,0.028483695616400573,0,0,0,0],""a"":1,""t"":0.08,""seq"":1391,""ts"":1779196944680}"
"2026-05-19T13:22:24.701Z","1779196944701","remote_relay","speedl","1392","guest","operator","0.5502392433292118","0.22908884656161257","0.04580101056665953","2.922850830186544","-1.0643586941366152","-0.07940981496471512","{""type"":""speedl"",""xd"":[-0.021598441104107722,0.034353283756838805,0,0,0,0],""a"":1,""t"":0.08,""seq"":1392,""ts"":1779196944697}"
"2026-05-19T13:22:24.721Z","1779196944721","remote_relay","speedl","1393","guest","operator","0.5502392433292118","0.22908884656161257","0.04580101056665953","2.922850830186544","-1.0643586941366152","-0.07940981496471512","{""type"":""speedl"",""xd"":[-0.021598441104107722,0.037568557452937454,0,0,0,0],""a"":1,""t"":0.08,""seq"":1393,""ts"":1779196944717}"
"2026-05-19T13:22:24.742Z","1779196944742","remote_relay","speedl","1394","guest","operator","0.5502392433292118","0.22908884656161257","0.04580101056665953","2.922850830186544","-1.0643586941366152","-0.07940981496471512","{""type"":""speedl"",""xd"":[-0.023969975922848306,0.04097844188503543,0,0,0,0],""a"":1,""t"":0.08,""seq"":1394,""ts"":1779196944737}"
"2026-05-19T13:22:24.762Z","1779196944762","remote_relay","speedl","1395","guest","operator","0.5502392433292118","0.22908884656161257","0.04580101056665953","2.922850830186544","-1.0643586941366152","-0.07940981496471512","{""type"":""speedl"",""xd"":[-0.02650904918953988,0.048404915913468204,0,0,0,0],""a"":1,""t"":0.08,""seq"":1395,""ts"":1779196944756}"
"2026-05-19T13:22:24.782Z","1779196944782","remote_relay","speedl","1396","guest","operator","0.5502392433292118","0.22908884656161257","0.04580101056665953","2.922850830186544","-1.0643586941366152","-0.07940981496471512","{""type"":""speedl"",""xd"":[-0.02650904918953988,0.05243294198792242,0,0,0,0],""a"":1,""t"":0.08,""seq"":1396,""ts"":1779196944777}"
"2026-05-19T13:22:24.801Z","1779196944801","remote_relay","speedl","1397","guest","operator","0.5502392433292118","0.22908884656161257","0.04580101056665953","2.922850830186544","-1.0643586941366152","-0.07940981496471512","{""type"":""speedl"",""xd"":[-0.02650904918953988,0.05243294198792242,0,0,0,0],""a"":1,""t"":0.08,""seq"":1397,""ts"":1779196944796}"
"2026-05-19T13:22:24.820Z","1779196944820","remote_relay","speedl","1398","guest","operator","0.5502392433292118","0.22908884656161257","0.04580101056665953","2.922850830186544","-1.0643586941366152","-0.07940981496471512","{""type"":""speedl"",""xd"":[-0.02650904918953988,0.05243294198792242,0,0,0,0],""a"":1,""t"":0.08,""seq"":1398,""ts"":1779196944816}"
"2026-05-19T13:22:24.841Z","1779196944841","remote_relay","speedl","1399","guest","operator","0.5502392433292118","0.22908884656161257","0.04580101056665953","2.922850830186544","-1.0643586941366152","-0.07940981496471512","{""type"":""speedl"",""xd"":[-0.02650904918953988,0.05243294198792242,0,0,0,0],""a"":1,""t"":0.08,""seq"":1399,""ts"":1779196944837}"
"2026-05-19T13:22:24.862Z","1779196944862","remote_relay","speedl","1400","guest","operator","0.5502392433292118","0.22908884656161257","0.04580101056665953","2.922850830186544","-1.0643586941366152","-0.07940981496471512","{""type"":""speedl"",""xd"":[-0.02650904918953988,0.05243294198792242,0,0,0,0],""a"":1,""t"":0.08,""seq"":1400,""ts"":1779196944857}"
"2026-05-19T13:22:24.882Z","1779196944882","remote_relay","speedl","1401","guest","operator","0.5502392433292118","0.22908884656161257","0.04580101056665953","2.922850830186544","-1.0643586941366152","-0.07940981496471512","{""type"":""speedl"",""xd"":[-0.02650904918953988,0.05243294198792242,0,0,0,0],""a"":1,""t"":0.08,""seq"":1401,""ts"":1779196944876}"
"2026-05-19T13:22:24.902Z","1779196944902","remote_relay","speedl","1402","guest","operator","0.5502392433292118","0.22908884656161257","0.04580101056665953","2.922850830186544","-1.0643586941366152","-0.07940981496471512","{""type"":""speedl"",""xd"":[-0.02650904918953988,0.05667845175461494,0,0,0,0],""a"":1,""t"":0.08,""seq"":1402,""ts"":1779196944897}"
"2026-05-19T13:22:24.921Z","1779196944921","remote_relay","speedl","1403","guest","operator","0.5502392433292118","0.22908884656161257","0.04580101056665953","2.922850830186544","-1.0643586941366152","-0.07940981496471512","{""type"":""speedl"",""xd"":[-0.02650904918953988,0.05667845175461494,0,0,0,0],""a"":1,""t"":0.08,""seq"":1403,""ts"":1779196944916}"
"2026-05-19T13:22:24.941Z","1779196944941","remote_relay","speedl","1404","guest","operator","0.5502392433292118","0.22908884656161257","0.04580101056665953","2.922850830186544","-1.0643586941366152","-0.07940981496471512","{""type"":""speedl"",""xd"":[-0.02650904918953988,0.05667845175461494,0,0,0,0],""a"":1,""t"":0.08,""seq"":1404,""ts"":1779196944936}"
"2026-05-19T13:22:24.962Z","1779196944962","remote_relay","speedl","1405","guest","operator","0.5502392433292118","0.22908884656161257","0.04580101056665953","2.922850830186544","-1.0643586941366152","-0.07940981496471512","{""type"":""speedl"",""xd"":[-0.02650904918953988,0.05667845175461494,0,0,0,0],""a"":1,""t"":0.08,""seq"":1405,""ts"":1779196944957}"
"2026-05-19T13:22:24.983Z","1779196944983","remote_relay","speedl","1406","guest","operator","0.5502392433292118","0.22908884656161257","0.04580101056665953","2.922850830186544","-1.0643586941366152","-0.07940981496471512","{""type"":""speedl"",""xd"":[-0.02650904918953988,0.05667845175461494,0,0,0,0],""a"":1,""t"":0.08,""seq"":1406,""ts"":1779196944978}"
"2026-05-19T13:22:25.001Z","1779196945001","remote_relay","speedl","1407","guest","operator","0.5502392433292118","0.22908884656161257","0.04580101056665953","2.922850830186544","-1.0643586941366152","-0.07940981496471512","{""type"":""speedl"",""xd"":[-0.02650904918953988,0.05667845175461494,0,0,0,0],""a"":1,""t"":0.08,""seq"":1407,""ts"":1779196944997}"
"2026-05-19T13:22:25.021Z","1779196945021","remote_relay","speedl","1408","guest","operator","0.5502392433292118","0.22908884656161257","0.04580101056665953","2.922850830186544","-1.0643586941366152","-0.07940981496471512","{""type"":""speedl"",""xd"":[-0.02650904918953988,0.05667845175461494,0,0,0,0],""a"":1,""t"":0.08,""seq"":1408,""ts"":1779196945016}"
"2026-05-19T13:22:25.040Z","1779196945040","remote_relay","speedl","1409","guest","operator","0.5502392433292118","0.22908884656161257","0.04580101056665953","2.922850830186544","-1.0643586941366152","-0.07940981496471512","{""type"":""speedl"",""xd"":[-0.02650904918953988,0.05667845175461494,0,0,0,0],""a"":1,""t"":0.08,""seq"":1409,""ts"":1779196945036}"
"2026-05-19T13:22:25.062Z","1779196945062","remote_relay","speedl","1410","guest","operator","0.5502392433292118","0.22908884656161257","0.04580101056665953","2.922850830186544","-1.0643586941366152","-0.07940981496471512","{""type"":""speedl"",""xd"":[-0.02650904918953988,0.05667845175461494,0,0,0,0],""a"":1,""t"":0.08,""seq"":1410,""ts"":1779196945057}"
"2026-05-19T13:22:25.080Z","1779196945080","remote_relay","speedl","1411","guest","operator","0.5502392433292118","0.22908884656161257","0.04580101056665953","2.922850830186544","-1.0643586941366152","-0.07940981496471512","{""type"":""speedl"",""xd"":[-0.02650904918953988,0.05667845175461494,0,0,0,0],""a"":1,""t"":0.08,""seq"":1411,""ts"":1779196945076}"
"2026-05-19T13:22:25.101Z","1779196945101","remote_relay","speedl","1412","guest","operator","0.5502392433292118","0.22908884656161257","0.04580101056665953","2.922850830186544","-1.0643586941366152","-0.07940981496471512","{""type"":""speedl"",""xd"":[-0.02650904918953988,0.05667845175461494,0,0,0,0],""a"":1,""t"":0.08,""seq"":1412,""ts"":1779196945097}"
"2026-05-19T13:22:25.121Z","1779196945121","remote_relay","speedl","1413","guest","operator","0.5502392433292118","0.22908884656161257","0.04580101056665953","2.922850830186544","-1.0643586941366152","-0.07940981496471512","{""type"":""speedl"",""xd"":[-0.02650904918953988,0.05667845175461494,0,0,0,0],""a"":1,""t"":0.08,""seq"":1413,""ts"":1779196945117}"
"2026-05-19T13:22:25.141Z","1779196945141","remote_relay","speedl","1414","guest","operator","0.5502392433292118","0.22908884656161257","0.04580101056665953","2.922850830186544","-1.0643586941366152","-0.07940981496471512","{""type"":""speedl"",""xd"":[-0.02650904918953988,0.05667845175461494,0,0,0,0],""a"":1,""t"":0.08,""seq"":1414,""ts"":1779196945137}"
"2026-05-19T13:22:25.163Z","1779196945163","remote_relay","speedl","1415","guest","operator","0.5502392433292118","0.22908884656161257","0.04580101056665953","2.922850830186544","-1.0643586941366152","-0.07940981496471512","{""type"":""speedl"",""xd"":[-0.02650904918953988,0.05667845175461494,0,0,0,0],""a"":1,""t"":0.08,""seq"":1415,""ts"":1779196945157}"
"2026-05-19T13:22:25.185Z","1779196945185","remote_relay","speedl","1416","guest","operator","0.5502392433292118","0.22908884656161257","0.04580101056665953","2.922850830186544","-1.0643586941366152","-0.07940981496471512","{""type"":""speedl"",""xd"":[-0.02650904918953988,0.05667845175461494,0,0,0,0],""a"":1,""t"":0.08,""seq"":1416,""ts"":1779196945180}"
"2026-05-19T13:22:25.200Z","1779196945200","remote_relay","speedl","1417","guest","operator","0.5502392433292118","0.22908884656161257","0.04580101056665953","2.922850830186544","-1.0643586941366152","-0.07940981496471512","{""type"":""speedl"",""xd"":[-0.02650904918953988,0.05667845175461494,0,0,0,0],""a"":1,""t"":0.08,""seq"":1417,""ts"":1779196945196}"
"2026-05-19T13:22:25.221Z","1779196945221","remote_relay","speedl","1418","guest","operator","0.5502392433292118","0.22908884656161257","0.04580101056665953","2.922850830186544","-1.0643586941366152","-0.07940981496471512","{""type"":""speedl"",""xd"":[-0.02650904918953988,0.05667845175461494,0,0,0,0],""a"":1,""t"":0.08,""seq"":1418,""ts"":1779196945216}"
"2026-05-19T13:22:25.241Z","1779196945241","remote_relay","speedl","1419","guest","operator","0.5502392433292118","0.22908884656161257","0.04580101056665953","2.922850830186544","-1.0643586941366152","-0.07940981496471512","{""type"":""speedl"",""xd"":[-0.02650904918953988,0.05667845175461494,0,0,0,0],""a"":1,""t"":0.08,""seq"":1419,""ts"":1779196945237}"
"2026-05-19T13:22:25.262Z","1779196945262","remote_relay","speedl","1420","guest","operator","0.5502392433292118","0.22908884656161257","0.04580101056665953","2.922850830186544","-1.0643586941366152","-0.07940981496471512","{""type"":""speedl"",""xd"":[-0.02650904918953988,0.05667845175461494,0,0,0,0],""a"":1,""t"":0.08,""seq"":1420,""ts"":1779196945257}"
"2026-05-19T13:22:25.281Z","1779196945281","remote_relay","speedl","1421","guest","operator","0.5502392433292118","0.22908884656161257","0.04580101056665953","2.922850830186544","-1.0643586941366152","-0.07940981496471512","{""type"":""speedl"",""xd"":[-0.02650904918953988,0.05667845175461494,0,0,0,0],""a"":1,""t"":0.08,""seq"":1421,""ts"":1779196945276}"
"2026-05-19T13:22:25.301Z","1779196945301","remote_relay","speedl","1422","guest","operator","0.5502392433292118","0.22908884656161257","0.04580101056665953","2.922850830186544","-1.0643586941366152","-0.07940981496471512","{""type"":""speedl"",""xd"":[-0.02650904918953988,0.05667845175461494,0,0,0,0],""a"":1,""t"":0.08,""seq"":1422,""ts"":1779196945297}"
"2026-05-19T13:22:25.322Z","1779196945322","remote_relay","speedl","1423","guest","operator","0.5502392433292118","0.22908884656161257","0.04580101056665953","2.922850830186544","-1.0643586941366152","-0.07940981496471512","{""type"":""speedl"",""xd"":[-0.02650904918953988,0.05667845175461494,0,0,0,0],""a"":1,""t"":0.08,""seq"":1423,""ts"":1779196945316}"
"2026-05-19T13:22:25.340Z","1779196945340","remote_relay","speedl","1424","guest","operator","0.5502392433292118","0.22908884656161257","0.04580101056665953","2.922850830186544","-1.0643586941366152","-0.07940981496471512","{""type"":""speedl"",""xd"":[-0.02650904918953988,0.05667845175461494,0,0,0,0],""a"":1,""t"":0.08,""seq"":1424,""ts"":1779196945336}"
"2026-05-19T13:22:25.363Z","1779196945363","remote_relay","speedl","1425","guest","operator","0.5502392433292118","0.22908884656161257","0.04580101056665953","2.922850830186544","-1.0643586941366152","-0.07940981496471512","{""type"":""speedl"",""xd"":[-0.02650904918953988,0.05667845175461494,0,0,0,0],""a"":1,""t"":0.08,""seq"":1425,""ts"":1779196945356}"
"2026-05-19T13:22:25.384Z","1779196945384","remote_relay","speedl","1426","guest","operator","0.5502392433292118","0.22908884656161257","0.04580101056665953","2.922850830186544","-1.0643586941366152","-0.07940981496471512","{""type"":""speedl"",""xd"":[-0.02650904918953988,0.05667845175461494,0,0,0,0],""a"":1,""t"":0.08,""seq"":1426,""ts"":1779196945380}"
"2026-05-19T13:22:25.401Z","1779196945401","remote_relay","speedl","1427","guest","operator","0.5502392433292118","0.22908884656161257","0.04580101056665953","2.922850830186544","-1.0643586941366152","-0.07940981496471512","{""type"":""speedl"",""xd"":[-0.02650904918953988,0.05667845175461494,0,0,0,0],""a"":1,""t"":0.08,""seq"":1427,""ts"":1779196945396}"
"2026-05-19T13:22:25.420Z","1779196945420","remote_relay","speedl","1428","guest","operator","0.5502392433292118","0.22908884656161257","0.04580101056665953","2.922850830186544","-1.0643586941366152","-0.07940981496471512","{""type"":""speedl"",""xd"":[-0.02650904918953988,0.05667845175461494,0,0,0,0],""a"":1,""t"":0.08,""seq"":1428,""ts"":1779196945416}"
"2026-05-19T13:22:25.440Z","1779196945440","remote_relay","speedl","1429","guest","operator","0.5502392433292118","0.22908884656161257","0.04580101056665953","2.922850830186544","-1.0643586941366152","-0.07940981496471512","{""type"":""speedl"",""xd"":[-0.02650904918953988,0.05667845175461494,0,0,0,0],""a"":1,""t"":0.08,""seq"":1429,""ts"":1779196945436}"
"2026-05-19T13:22:25.463Z","1779196945463","remote_relay","speedl","1430","guest","operator","0.5502392433292118","0.22908884656161257","0.04580101056665953","2.922850830186544","-1.0643586941366152","-0.07940981496471512","{""type"":""speedl"",""xd"":[-0.02650904918953988,0.05667845175461494,0,0,0,0],""a"":1,""t"":0.08,""seq"":1430,""ts"":1779196945456}"
"2026-05-19T13:22:25.481Z","1779196945481","remote_relay","speedl","1431","guest","operator","0.5502392433292118","0.22908884656161257","0.04580101056665953","2.922850830186544","-1.0643586941366152","-0.07940981496471512","{""type"":""speedl"",""xd"":[-0.02650904918953988,0.05667845175461494,0,0,0,0],""a"":1,""t"":0.08,""seq"":1431,""ts"":1779196945476}"
"2026-05-19T13:22:25.501Z","1779196945501","remote_relay","speedl","1432","guest","operator","0.5502392433292118","0.22908884656161257","0.04580101056665953","2.922850830186544","-1.0643586941366152","-0.07940981496471512","{""type"":""speedl"",""xd"":[-0.02650904918953988,0.05667845175461494,0,0,0,0],""a"":1,""t"":0.08,""seq"":1432,""ts"":1779196945496}"
"2026-05-19T13:22:25.520Z","1779196945520","remote_relay","speedl","1433","guest","operator","0.5502392433292118","0.22908884656161257","0.04580101056665953","2.922850830186544","-1.0643586941366152","-0.07940981496471512","{""type"":""speedl"",""xd"":[-0.02650904918953988,0.05667845175461494,0,0,0,0],""a"":1,""t"":0.08,""seq"":1433,""ts"":1779196945516}"
"2026-05-19T13:22:25.540Z","1779196945540","remote_relay","speedl","1434","guest","operator","0.5502392433292118","0.22908884656161257","0.04580101056665953","2.922850830186544","-1.0643586941366152","-0.07940981496471512","{""type"":""speedl"",""xd"":[-0.02650904918953988,0.05667845175461494,0,0,0,0],""a"":1,""t"":0.08,""seq"":1434,""ts"":1779196945536}"
"2026-05-19T13:22:25.563Z","1779196945563","remote_relay","speedl","1435","guest","operator","0.5502392433292118","0.22908884656161257","0.04580101056665953","2.922850830186544","-1.0643586941366152","-0.07940981496471512","{""type"":""speedl"",""xd"":[-0.02650904918953988,0.05667845175461494,0,0,0,0],""a"":1,""t"":0.08,""seq"":1435,""ts"":1779196945556}"
"2026-05-19T13:22:25.581Z","1779196945581","remote_relay","speedl","1436","guest","operator","0.5502392433292118","0.22908884656161257","0.04580101056665953","2.922850830186544","-1.0643586941366152","-0.07940981496471512","{""type"":""speedl"",""xd"":[-0.02650904918953988,0.05667845175461494,0,0,0,0],""a"":1,""t"":0.08,""seq"":1436,""ts"":1779196945576}"
"2026-05-19T13:22:25.601Z","1779196945601","remote_relay","speedl","1437","guest","operator","0.5502392433292118","0.22908884656161257","0.04580101056665953","2.922850830186544","-1.0643586941366152","-0.07940981496471512","{""type"":""speedl"",""xd"":[-0.02650904918953988,0.05667845175461494,0,0,0,0],""a"":1,""t"":0.08,""seq"":1437,""ts"":1779196945596}"
"2026-05-19T13:22:25.622Z","1779196945622","remote_relay","speedl","1438","guest","operator","0.5502392433292118","0.22908884656161257","0.04580101056665953","2.922850830186544","-1.0643586941366152","-0.07940981496471512","{""type"":""speedl"",""xd"":[-0.02650904918953988,0.05667845175461494,0,0,0,0],""a"":1,""t"":0.08,""seq"":1438,""ts"":1779196945617}"
"2026-05-19T13:22:25.641Z","1779196945641","remote_relay","speedl","1439","guest","operator","0.5502392433292118","0.22908884656161257","0.04580101056665953","2.922850830186544","-1.0643586941366152","-0.07940981496471512","{""type"":""speedl"",""xd"":[-0.02650904918953988,0.05667845175461494,0,0,0,0],""a"":1,""t"":0.08,""seq"":1439,""ts"":1779196945636}"
"2026-05-19T13:22:25.664Z","1779196945664","remote_relay","speedl","1440","guest","operator","0.5502392433292118","0.22908884656161257","0.04580101056665953","2.922850830186544","-1.0643586941366152","-0.07940981496471512","{""type"":""speedl"",""xd"":[-0.02650904918953988,0.05667845175461494,0,0,0,0],""a"":1,""t"":0.08,""seq"":1440,""ts"":1779196945657}"
"2026-05-19T13:22:25.680Z","1779196945680","remote_relay","speedl","1441","guest","operator","0.5502392433292118","0.22908884656161257","0.04580101056665953","2.922850830186544","-1.0643586941366152","-0.07940981496471512","{""type"":""speedl"",""xd"":[-0.02650904918953988,0.05667845175461494,0,0,0,0],""a"":1,""t"":0.08,""seq"":1441,""ts"":1779196945676}"
"2026-05-19T13:22:25.700Z","1779196945700","remote_relay","speedl","1442","guest","operator","0.5502392433292118","0.22908884656161257","0.04580101056665953","2.922850830186544","-1.0643586941366152","-0.07940981496471512","{""type"":""speedl"",""xd"":[-0.02650904918953988,0.05667845175461494,0,0,0,0],""a"":1,""t"":0.08,""seq"":1442,""ts"":1779196945696}"
"2026-05-19T13:22:25.721Z","1779196945721","remote_relay","speedl","1443","guest","operator","0.5502392433292118","0.22908884656161257","0.04580101056665953","2.922850830186544","-1.0643586941366152","-0.07940981496471512","{""type"":""speedl"",""xd"":[-0.02650904918953988,0.05667845175461494,0,0,0,0],""a"":1,""t"":0.08,""seq"":1443,""ts"":1779196945716}"
"2026-05-19T13:22:25.741Z","1779196945741","remote_relay","speedl","1444","guest","operator","0.5502392433292118","0.22908884656161257","0.04580101056665953","2.922850830186544","-1.0643586941366152","-0.07940981496471512","{""type"":""speedl"",""xd"":[-0.02650904918953988,0.05667845175461494,0,0,0,0],""a"":1,""t"":0.08,""seq"":1444,""ts"":1779196945736}"
"2026-05-19T13:22:25.764Z","1779196945764","remote_relay","speedl","1445","guest","operator","0.5502392433292118","0.22908884656161257","0.04580101056665953","2.922850830186544","-1.0643586941366152","-0.07940981496471512","{""type"":""speedl"",""xd"":[-0.02650904918953988,0.05667845175461494,0,0,0,0],""a"":1,""t"":0.08,""seq"":1445,""ts"":1779196945756}"
"2026-05-19T13:22:25.780Z","1779196945780","remote_relay","speedl","1446","guest","operator","0.5502392433292118","0.22908884656161257","0.04580101056665953","2.922850830186544","-1.0643586941366152","-0.07940981496471512","{""type"":""speedl"",""xd"":[-0.02650904918953988,0.05667845175461494,0,0,0,0],""a"":1,""t"":0.08,""seq"":1446,""ts"":1779196945776}"
"2026-05-19T13:22:25.802Z","1779196945802","remote_relay","speedl","1447","guest","operator","0.5502392433292118","0.22908884656161257","0.04580101056665953","2.922850830186544","-1.0643586941366152","-0.07940981496471512","{""type"":""speedl"",""xd"":[-0.02650904918953988,0.05667845175461494,0,0,0,0],""a"":1,""t"":0.08,""seq"":1447,""ts"":1779196945797}"
"2026-05-19T13:22:25.821Z","1779196945821","remote_relay","speedl","1448","guest","operator","0.5502392433292118","0.22908884656161257","0.04580101056665953","2.922850830186544","-1.0643586941366152","-0.07940981496471512","{""type"":""speedl"",""xd"":[-0.02650904918953988,0.05667845175461494,0,0,0,0],""a"":1,""t"":0.08,""seq"":1448,""ts"":1779196945817}"
"2026-05-19T13:22:25.841Z","1779196945841","remote_relay","speedl","1449","guest","operator","0.5502392433292118","0.22908884656161257","0.04580101056665953","2.922850830186544","-1.0643586941366152","-0.07940981496471512","{""type"":""speedl"",""xd"":[-0.02650904918953988,0.05667845175461494,0,0,0,0],""a"":1,""t"":0.08,""seq"":1449,""ts"":1779196945836}"
"2026-05-19T13:22:25.863Z","1779196945863","remote_relay","speedl","1450","guest","operator","0.5502392433292118","0.22908884656161257","0.04580101056665953","2.922850830186544","-1.0643586941366152","-0.07940981496471512","{""type"":""speedl"",""xd"":[-0.02650904918953988,0.05667845175461494,0,0,0,0],""a"":1,""t"":0.08,""seq"":1450,""ts"":1779196945857}"
"2026-05-19T13:22:25.881Z","1779196945881","remote_relay","speedl","1451","guest","operator","0.5502392433292118","0.22908884656161257","0.04580101056665953","2.922850830186544","-1.0643586941366152","-0.07940981496471512","{""type"":""speedl"",""xd"":[-0.02650904918953988,0.05667845175461494,0,0,0,0],""a"":1,""t"":0.08,""seq"":1451,""ts"":1779196945876}"
"2026-05-19T13:22:25.900Z","1779196945900","remote_relay","speedl","1452","guest","operator","0.5502392433292118","0.22908884656161257","0.04580101056665953","2.922850830186544","-1.0643586941366152","-0.07940981496471512","{""type"":""speedl"",""xd"":[-0.02650904918953988,0.05667845175461494,0,0,0,0],""a"":1,""t"":0.08,""seq"":1452,""ts"":1779196945896}"
"2026-05-19T13:22:25.921Z","1779196945921","remote_relay","speedl","1453","guest","operator","0.5502392433292118","0.22908884656161257","0.04580101056665953","2.922850830186544","-1.0643586941366152","-0.07940981496471512","{""type"":""speedl"",""xd"":[-0.02650904918953988,0.05667845175461494,0,0,0,0],""a"":1,""t"":0.08,""seq"":1453,""ts"":1779196945917}"
"2026-05-19T13:22:25.940Z","1779196945940","remote_relay","speedl","1454","guest","operator","0.5502392433292118","0.22908884656161257","0.04580101056665953","2.922850830186544","-1.0643586941366152","-0.07940981496471512","{""type"":""speedl"",""xd"":[-0.02650904918953988,0.05667845175461494,0,0,0,0],""a"":1,""t"":0.08,""seq"":1454,""ts"":1779196945936}"
"2026-05-19T13:22:25.963Z","1779196945963","remote_relay","speedl","1455","guest","operator","0.5502392433292118","0.22908884656161257","0.04580101056665953","2.922850830186544","-1.0643586941366152","-0.07940981496471512","{""type"":""speedl"",""xd"":[-0.02650904918953988,0.05667845175461494,0,0,0,0],""a"":1,""t"":0.08,""seq"":1455,""ts"":1779196945957}"
"2026-05-19T13:22:25.978Z","1779196945978","remote_relay","speedl_stop","1456","guest","operator","0.5502392433292118","0.22908884656161257","0.04580101056665953","2.922850830186544","-1.0643586941366152","-0.07940981496471512","{""type"":""speedl_stop"",""seq"":1456,""ts"":1779196945967}"
"2026-05-19T13:22:25.978Z","1779196945978","remote_relay","speedl_stop","1457","guest","operator","0.5502392433292118","0.22908884656161257","0.04580101056665953","2.922850830186544","-1.0643586941366152","-0.07940981496471512","{""type"":""speedl_stop"",""seq"":1457,""ts"":1779196945968}"
"2026-05-19T13:22:25.978Z","1779196945978","remote_relay","speedl_stop","1458","guest","operator","0.5502392433292118","0.22908884656161257","0.04580101056665953","2.922850830186544","-1.0643586941366152","-0.07940981496471512","{""type"":""speedl_stop"",""seq"":1458,""ts"":1779196945968}"
"2026-05-19T13:23:17.854Z","1779196997854","remote_relay","speedl_stop","1459","guest","operator","0.5032941178701125","0.31167597902551314","0.04580390092999967","2.922849380978381","-1.0643064033902783","-0.07939337989289268","{""type"":""speedl_stop"",""seq"":1459,""ts"":1779196997854}"
"2026-05-19T13:23:17.875Z","1779196997875","remote_relay","speedl_stop","1460","guest","operator","0.5032941178701125","0.31167597902551314","0.04580390092999967","2.922849380978381","-1.0643064033902783","-0.07939337989289268","{""type"":""speedl_stop"",""seq"":1460,""ts"":1779196997874}"
"2026-05-19T13:23:17.895Z","1779196997895","remote_relay","speedl_stop","1461","guest","operator","0.5033259834998018","0.3116606189869294","0.04581117840846144","2.9228735714313063","-1.0643546663847345","-0.07935414909497009","{""type"":""speedl_stop"",""seq"":1461,""ts"":1779196997895}"
"2026-05-19T13:23:17.915Z","1779196997915","remote_relay","speedl_stop","1462","guest","operator","0.5033259834998018","0.3116606189869294","0.04581117840846144","2.9228735714313063","-1.0643546663847345","-0.07935414909497009","{""type"":""speedl_stop"",""seq"":1462,""ts"":1779196997914}"
"2026-05-19T13:23:17.936Z","1779196997936","remote_relay","speedl","1463","guest","operator","0.5033259834998018","0.3116606189869294","0.04581117840846144","2.9228735714313063","-1.0643546663847345","-0.07935414909497009","{""type"":""speedl"",""xd"":[0.0000010045719544544599,0.003928099882183333,0,0,0,0],""a"":1,""t"":0.08,""seq"":1463,""ts"":1779196997936}"
"2026-05-19T13:23:17.959Z","1779196997959","remote_relay","speedl","1464","guest","operator","0.5033259834998018","0.3116606189869294","0.04581117840846144","2.9228735714313063","-1.0643546663847345","-0.07935414909497009","{""type"":""speedl"",""xd"":[0.000007828638159687509,0.003928099882183333,0,0,0,0],""a"":1,""t"":0.08,""seq"":1464,""ts"":1779196997955}"
"2026-05-19T13:23:17.978Z","1779196997978","remote_relay","speedl","1465","guest","operator","0.5033259834998018","0.3116606189869294","0.04581117840846144","2.9228735714313063","-1.0643546663847345","-0.07935414909497009","{""type"":""speedl"",""xd"":[0.000007828638159687509,0.003928099882183333,0,0,0,0],""a"":1,""t"":0.08,""seq"":1465,""ts"":1779196997974}"
"2026-05-19T13:23:17.998Z","1779196997998","remote_relay","speedl","1466","guest","operator","0.5032955015962899","0.3116615400455933","0.04578704773046999","2.922812040082334","-1.0643021061159477","-0.0794078500780506","{""type"":""speedl"",""xd"":[0.000007828638159687509,0.003928099882183333,0,0,0,0],""a"":1,""t"":0.08,""seq"":1466,""ts"":1779196997994}"
"2026-05-19T13:23:18.019Z","1779196998019","remote_relay","speedl","1467","guest","operator","0.5032955015962899","0.3116615400455933","0.04578704773046999","2.922812040082334","-1.0643021061159477","-0.0794078500780506","{""type"":""speedl"",""xd"":[0.000007828638159687509,0.003928099882183333,0,0,0,0],""a"":1,""t"":0.08,""seq"":1467,""ts"":1779196998014}"
"2026-05-19T13:23:18.038Z","1779196998038","remote_relay","speedl","1468","guest","operator","0.5032955015962899","0.3116615400455933","0.04578704773046999","2.922812040082334","-1.0643021061159477","-0.0794078500780506","{""type"":""speedl"",""xd"":[0.000007828638159687509,0.003928099882183333,0,0,0,0],""a"":1,""t"":0.08,""seq"":1468,""ts"":1779196998034}"
"2026-05-19T13:23:18.059Z","1779196998059","remote_relay","speedl","1469","guest","operator","0.5032955015962899","0.3116615400455933","0.04578704773046999","2.922812040082334","-1.0643021061159477","-0.0794078500780506","{""type"":""speedl"",""xd"":[0.00020768467960587014,0.0032380005548593486,0,0,0,0],""a"":1,""t"":0.08,""seq"":1469,""ts"":1779196998055}"
"2026-05-19T13:23:18.079Z","1779196998079","remote_relay","speedl","1470","guest","operator","0.5032955015962899","0.3116615400455933","0.04578704773046999","2.922812040082334","-1.0643021061159477","-0.0794078500780506","{""type"":""speedl"",""xd"":[0.0012746321582998053,0.0009626020450129628,0,0,0,0],""a"":1,""t"":0.08,""seq"":1470,""ts"":1779196998074}"
"2026-05-19T13:23:18.098Z","1779196998098","remote_relay","speedl","1471","guest","operator","0.5032907661192069","0.3116968466467539","0.04579745548617245","2.9228747066458736","-1.0643644968107748","-0.07944293338362597","{""type"":""speedl"",""xd"":[0.0026250774147222804,0.0003315848343738498,0,0,0,0],""a"":1,""t"":0.08,""seq"":1471,""ts"":1779196998094}"
"2026-05-19T13:23:18.120Z","1779196998120","remote_relay","speedl","1472","guest","operator","0.5032907661192069","0.3116968466467539","0.04579745548617245","2.9228747066458736","-1.0643644968107748","-0.07944293338362597","{""type"":""speedl"",""xd"":[0.003916626890501906,0.00006253215621534478,0,0,0,0],""a"":1,""t"":0.08,""seq"":1472,""ts"":1779196998114}"
"2026-05-19T13:23:18.140Z","1779196998140","remote_relay","speedl","1473","guest","operator","0.5032907661192069","0.3116968466467539","0.04579745548617245","2.9228747066458736","-1.0643644968107748","-0.07944293338362597","{""type"":""speedl"",""xd"":[0.005574548708037345,-2.167724421329458e-8,0,0,0,0],""a"":1,""t"":0.08,""seq"":1473,""ts"":1779196998135}"
"2026-05-19T13:23:18.158Z","1779196998158","remote_relay","speedl","1474","guest","operator","0.5032907661192069","0.3116968466467539","0.04579745548617245","2.9228747066458736","-1.0643644968107748","-0.07944293338362597","{""type"":""speedl"",""xd"":[0.005574548708037345,-0.00003373307910090158,0,0,0,0],""a"":1,""t"":0.08,""seq"":1474,""ts"":1779196998154}"
"2026-05-19T13:23:18.178Z","1779196998178","remote_relay","speedl","1475","guest","operator","0.5032907661192069","0.3116968466467539","0.04579745548617245","2.9228747066458736","-1.0643644968107748","-0.07944293338362597","{""type"":""speedl"",""xd"":[0.005574548708037345,-0.00023641844517247054,0,0,0,0],""a"":1,""t"":0.08,""seq"":1475,""ts"":1779196998174}"
"2026-05-19T13:23:18.198Z","1779196998198","remote_relay","speedl","1476","guest","operator","0.5032907661192069","0.3116968466467539","0.04579745548617245","2.9228747066458736","-1.0643644968107748","-0.07944293338362597","{""type"":""speedl"",""xd"":[0.006555194842612805,-0.001369062617926893,0,0,0,0],""a"":1,""t"":0.08,""seq"":1476,""ts"":1779196998194}"
"2026-05-19T13:23:18.219Z","1779196998219","remote_relay","speedl","1477","guest","operator","0.5034040622200571","0.31174914911842166","0.04587011332949678","2.9229237962722427","-1.0644131072341767","-0.07933108384693678","{""type"":""speedl"",""xd"":[0.010172493018286865,-0.0068337231897491295,0,0,0,0],""a"":1,""t"":0.08,""seq"":1477,""ts"":1779196998215}"
"2026-05-19T13:23:18.240Z","1779196998240","remote_relay","speedl","1478","guest","operator","0.5034040622200571","0.31174914911842166","0.04587011332949678","2.9229237962722427","-1.0644131072341767","-0.07933108384693678","{""type"":""speedl"",""xd"":[0.011622439797693196,-0.021562684734002323,0,0,0,0],""a"":1,""t"":0.08,""seq"":1478,""ts"":1779196998236}"
"2026-05-19T13:23:18.259Z","1779196998259","remote_relay","speedl","1479","guest","operator","0.5034040622200571","0.31174914911842166","0.04587011332949678","2.9229237962722427","-1.0644131072341767","-0.07933108384693678","{""type"":""speedl"",""xd"":[0.011622439797693196,-0.021562684734002323,0,0,0,0],""a"":1,""t"":0.08,""seq"":1479,""ts"":1779196998255}"
"2026-05-19T13:23:18.279Z","1779196998279","remote_relay","speedl","1480","guest","operator","0.5037202111021513","0.3118668201162149","0.045865938808339","2.923112506333214","-1.0641121198970371","-0.07932117375596844","{""type"":""speedl"",""xd"":[0.011622439797693196,-0.021562684734002323,0,0,0,0],""a"":1,""t"":0.08,""seq"":1480,""ts"":1779196998275}"
"2026-05-19T13:23:18.302Z","1779196998302","remote_relay","speedl","1481","guest","operator","0.5037202111021513","0.3118668201162149","0.045865938808339","2.923112506333214","-1.0641121198970371","-0.07932117375596844","{""type"":""speedl"",""xd"":[0.011622439797693196,-0.021562684734002323,0,0,0,0],""a"":1,""t"":0.08,""seq"":1481,""ts"":1779196998296}"
"2026-05-19T13:23:18.319Z","1779196998319","remote_relay","speedl","1482","guest","operator","0.5037202111021513","0.3118668201162149","0.045865938808339","2.923112506333214","-1.0641121198970371","-0.07932117375596844","{""type"":""speedl"",""xd"":[0.011622439797693196,-0.021562684734002323,0,0,0,0],""a"":1,""t"":0.08,""seq"":1482,""ts"":1779196998315}"
"2026-05-19T13:23:18.341Z","1779196998341","remote_relay","speedl","1483","guest","operator","0.5037202111021513","0.3118668201162149","0.045865938808339","2.923112506333214","-1.0641121198970371","-0.07932117375596844","{""type"":""speedl"",""xd"":[0.011622439797693196,-0.021562684734002323,0,0,0,0],""a"":1,""t"":0.08,""seq"":1483,""ts"":1779196998335}"
"2026-05-19T13:23:18.358Z","1779196998358","remote_relay","speedl","1484","guest","operator","0.5037202111021513","0.3118668201162149","0.045865938808339","2.923112506333214","-1.0641121198970371","-0.07932117375596844","{""type"":""speedl"",""xd"":[0.011622439797693196,-0.021562684734002323,0,0,0,0],""a"":1,""t"":0.08,""seq"":1484,""ts"":1779196998354}"
"2026-05-19T13:23:18.378Z","1779196998379","remote_relay","speedl","1485","guest","operator","0.5037202111021513","0.3118668201162149","0.045865938808339","2.923112506333214","-1.0641121198970371","-0.07932117375596844","{""type"":""speedl"",""xd"":[0.011622439797693196,-0.021562684734002323,0,0,0,0],""a"":1,""t"":0.08,""seq"":1485,""ts"":1779196998374}"
"2026-05-19T13:23:18.402Z","1779196998402","remote_relay","speedl","1486","guest","operator","0.504424188810264","0.31061824357761986","0.04582455627070445","2.9229844703604146","-1.0642812904668102","-0.07939450220333659","{""type"":""speedl"",""xd"":[0.011622439797693196,-0.021562684734002323,0,0,0,0],""a"":1,""t"":0.08,""seq"":1486,""ts"":1779196998395}"
"2026-05-19T13:23:18.419Z","1779196998419","remote_relay","speedl","1487","guest","operator","0.504424188810264","0.31061824357761986","0.04582455627070445","2.9229844703604146","-1.0642812904668102","-0.07939450220333659","{""type"":""speedl"",""xd"":[0.011622439797693196,-0.021562684734002323,0,0,0,0],""a"":1,""t"":0.08,""seq"":1487,""ts"":1779196998414}"
"2026-05-19T13:23:18.439Z","1779196998439","remote_relay","speedl","1488","guest","operator","0.504424188810264","0.31061824357761986","0.04582455627070445","2.9229844703604146","-1.0642812904668102","-0.07939450220333659","{""type"":""speedl"",""xd"":[0.011622439797693196,-0.021562684734002323,0,0,0,0],""a"":1,""t"":0.08,""seq"":1488,""ts"":1779196998435}"
"2026-05-19T13:23:18.459Z","1779196998459","remote_relay","speedl","1489","guest","operator","0.504424188810264","0.31061824357761986","0.04582455627070445","2.9229844703604146","-1.0642812904668102","-0.07939450220333659","{""type"":""speedl"",""xd"":[0.011622439797693196,-0.021562684734002323,0,0,0,0],""a"":1,""t"":0.08,""seq"":1489,""ts"":1779196998454}"
"2026-05-19T13:23:18.479Z","1779196998479","remote_relay","speedl","1490","guest","operator","0.504424188810264","0.31061824357761986","0.04582455627070445","2.9229844703604146","-1.0642812904668102","-0.07939450220333659","{""type"":""speedl"",""xd"":[0.011622439797693196,-0.021562684734002323,0,0,0,0],""a"":1,""t"":0.08,""seq"":1490,""ts"":1779196998475}"
"2026-05-19T13:23:18.498Z","1779196998498","remote_relay","speedl","1491","guest","operator","0.5055737343321894","0.30851281039026635","0.045797985022136556","2.922955900595555","-1.064203984740522","-0.07940222377544812","{""type"":""speedl"",""xd"":[0.011622439797693196,-0.021562684734002323,0,0,0,0],""a"":1,""t"":0.08,""seq"":1491,""ts"":1779196998494}"
"2026-05-19T13:23:18.518Z","1779196998519","remote_relay","speedl","1492","guest","operator","0.5055737343321894","0.30851281039026635","0.045797985022136556","2.922955900595555","-1.064203984740522","-0.07940222377544812","{""type"":""speedl"",""xd"":[0.011622439797693196,-0.021562684734002323,0,0,0,0],""a"":1,""t"":0.08,""seq"":1492,""ts"":1779196998514}"
"2026-05-19T13:23:18.539Z","1779196998539","remote_relay","speedl","1493","guest","operator","0.5055737343321894","0.30851281039026635","0.045797985022136556","2.922955900595555","-1.064203984740522","-0.07940222377544812","{""type"":""speedl"",""xd"":[0.011622439797693196,-0.021562684734002323,0,0,0,0],""a"":1,""t"":0.08,""seq"":1493,""ts"":1779196998535}"
"2026-05-19T13:23:18.558Z","1779196998558","remote_relay","speedl","1494","guest","operator","0.5055737343321894","0.30851281039026635","0.045797985022136556","2.922955900595555","-1.064203984740522","-0.07940222377544812","{""type"":""speedl"",""xd"":[0.011622439797693196,-0.021562684734002323,0,0,0,0],""a"":1,""t"":0.08,""seq"":1494,""ts"":1779196998554}"
"2026-05-19T13:23:18.578Z","1779196998578","remote_relay","speedl","1495","guest","operator","0.5055737343321894","0.30851281039026635","0.045797985022136556","2.922955900595555","-1.064203984740522","-0.07940222377544812","{""type"":""speedl"",""xd"":[0.011622439797693196,-0.021562684734002323,0,0,0,0],""a"":1,""t"":0.08,""seq"":1495,""ts"":1779196998574}"
"2026-05-19T13:23:18.599Z","1779196998599","remote_relay","speedl","1496","guest","operator","0.5055737343321894","0.30851281039026635","0.045797985022136556","2.922955900595555","-1.064203984740522","-0.07940222377544812","{""type"":""speedl"",""xd"":[0.011622439797693196,-0.021562684734002323,0,0,0,0],""a"":1,""t"":0.08,""seq"":1496,""ts"":1779196998595}"
"2026-05-19T13:23:18.618Z","1779196998618","remote_relay","speedl","1497","guest","operator","0.5068179015065133","0.30619743477547817","0.04579740215544287","2.9228506781677375","-1.0643249181717227","-0.07936335475908345","{""type"":""speedl"",""xd"":[0.011622439797693196,-0.021562684734002323,0,0,0,0],""a"":1,""t"":0.08,""seq"":1497,""ts"":1779196998614}"
"2026-05-19T13:23:18.640Z","1779196998640","remote_relay","speedl","1498","guest","operator","0.5068179015065133","0.30619743477547817","0.04579740215544287","2.9228506781677375","-1.0643249181717227","-0.07936335475908345","{""type"":""speedl"",""xd"":[0.011622439797693196,-0.021562684734002323,0,0,0,0],""a"":1,""t"":0.08,""seq"":1498,""ts"":1779196998635}"
"2026-05-19T13:23:18.658Z","1779196998658","remote_relay","speedl","1499","guest","operator","0.5068179015065133","0.30619743477547817","0.04579740215544287","2.9228506781677375","-1.0643249181717227","-0.07936335475908345","{""type"":""speedl"",""xd"":[0.011622439797693196,-0.021562684734002323,0,0,0,0],""a"":1,""t"":0.08,""seq"":1499,""ts"":1779196998654}"
"2026-05-19T13:23:18.678Z","1779196998678","remote_relay","speedl","1500","guest","operator","0.5078860093549261","0.3040842757497995","0.045735128836437794","2.9227923611591273","-1.0642083771106627","-0.0795128954711775","{""type"":""speedl"",""xd"":[0.011622439797693196,-0.021562684734002323,0,0,0,0],""a"":1,""t"":0.08,""seq"":1500,""ts"":1779196998674}"
"2026-05-19T13:23:18.699Z","1779196998699","remote_relay","speedl","1501","guest","operator","0.5078860093549261","0.3040842757497995","0.045735128836437794","2.9227923611591273","-1.0642083771106627","-0.0795128954711775","{""type"":""speedl"",""xd"":[0.011622439797693196,-0.021562684734002323,0,0,0,0],""a"":1,""t"":0.08,""seq"":1501,""ts"":1779196998694}"
"2026-05-19T13:23:18.719Z","1779196998719","remote_relay","speedl","1502","guest","operator","0.5078860093549261","0.3040842757497995","0.045735128836437794","2.9227923611591273","-1.0642083771106627","-0.0795128954711775","{""type"":""speedl"",""xd"":[0.011622439797693196,-0.021562684734002323,0,0,0,0],""a"":1,""t"":0.08,""seq"":1502,""ts"":1779196998714}"
"2026-05-19T13:23:18.739Z","1779196998739","remote_relay","speedl","1503","guest","operator","0.5078860093549261","0.3040842757497995","0.045735128836437794","2.9227923611591273","-1.0642083771106627","-0.0795128954711775","{""type"":""speedl"",""xd"":[0.011622439797693196,-0.021562684734002323,0,0,0,0],""a"":1,""t"":0.08,""seq"":1503,""ts"":1779196998734}"
"2026-05-19T13:23:18.759Z","1779196998759","remote_relay","speedl","1504","guest","operator","0.5078860093549261","0.3040842757497995","0.045735128836437794","2.9227923611591273","-1.0642083771106627","-0.0795128954711775","{""type"":""speedl"",""xd"":[0.011622439797693196,-0.021562684734002323,0,0,0,0],""a"":1,""t"":0.08,""seq"":1504,""ts"":1779196998754}"
"2026-05-19T13:23:18.778Z","1779196998778","remote_relay","speedl","1505","guest","operator","0.5090331107544833","0.3020351621381736","0.04573791409135794","2.922780101936922","-1.0643351165707813","-0.07949403344941325","{""type"":""speedl"",""xd"":[0.011622439797693196,-0.021562684734002323,0,0,0,0],""a"":1,""t"":0.08,""seq"":1505,""ts"":1779196998774}"
"2026-05-19T13:23:18.799Z","1779196998799","remote_relay","speedl","1506","guest","operator","0.5090331107544833","0.3020351621381736","0.04573791409135794","2.922780101936922","-1.0643351165707813","-0.07949403344941325","{""type"":""speedl"",""xd"":[0.011622439797693196,-0.021562684734002323,0,0,0,0],""a"":1,""t"":0.08,""seq"":1506,""ts"":1779196998794}"
"2026-05-19T13:23:18.821Z","1779196998821","remote_relay","speedl","1507","guest","operator","0.5090331107544833","0.3020351621381736","0.04573791409135794","2.922780101936922","-1.0643351165707813","-0.07949403344941325","{""type"":""speedl"",""xd"":[0.011622439797693196,-0.021562684734002323,0,0,0,0],""a"":1,""t"":0.08,""seq"":1507,""ts"":1779196998816}"
"2026-05-19T13:23:18.840Z","1779196998840","remote_relay","speedl","1508","guest","operator","0.5090331107544833","0.3020351621381736","0.04573791409135794","2.922780101936922","-1.0643351165707813","-0.07949403344941325","{""type"":""speedl"",""xd"":[0.011622439797693196,-0.021562684734002323,0,0,0,0],""a"":1,""t"":0.08,""seq"":1508,""ts"":1779196998835}"
"2026-05-19T13:23:18.858Z","1779196998858","remote_relay","speedl","1509","guest","operator","0.5090331107544833","0.3020351621381736","0.04573791409135794","2.922780101936922","-1.0643351165707813","-0.07949403344941325","{""type"":""speedl"",""xd"":[0.011622439797693196,-0.021562684734002323,0,0,0,0],""a"":1,""t"":0.08,""seq"":1509,""ts"":1779196998854}"
"2026-05-19T13:23:18.879Z","1779196998879","remote_relay","speedl","1510","guest","operator","0.510204342740246","0.2998881605500823","0.045796580654409696","2.9228963803142194","-1.0642683184945452","-0.07949594050983205","{""type"":""speedl"",""xd"":[0.011622439797693196,-0.021562684734002323,0,0,0,0],""a"":1,""t"":0.08,""seq"":1510,""ts"":1779196998874}"
"2026-05-19T13:23:18.898Z","1779196998898","remote_relay","speedl","1511","guest","operator","0.510204342740246","0.2998881605500823","0.045796580654409696","2.9228963803142194","-1.0642683184945452","-0.07949594050983205","{""type"":""speedl"",""xd"":[0.011622439797693196,-0.021562684734002323,0,0,0,0],""a"":1,""t"":0.08,""seq"":1511,""ts"":1779196998894}"
"2026-05-19T13:23:18.919Z","1779196998919","remote_relay","speedl","1512","guest","operator","0.510204342740246","0.2998881605500823","0.045796580654409696","2.9228963803142194","-1.0642683184945452","-0.07949594050983205","{""type"":""speedl"",""xd"":[0.011622439797693196,-0.021562684734002323,0,0,0,0],""a"":1,""t"":0.08,""seq"":1512,""ts"":1779196998914}"
"2026-05-19T13:23:18.940Z","1779196998940","remote_relay","speedl","1513","guest","operator","0.510204342740246","0.2998881605500823","0.045796580654409696","2.9228963803142194","-1.0642683184945452","-0.07949594050983205","{""type"":""speedl"",""xd"":[0.011622439797693196,-0.021562684734002323,0,0,0,0],""a"":1,""t"":0.08,""seq"":1513,""ts"":1779196998936}"
"2026-05-19T13:23:18.960Z","1779196998960","remote_relay","speedl","1514","guest","operator","0.510204342740246","0.2998881605500823","0.045796580654409696","2.9228963803142194","-1.0642683184945452","-0.07949594050983205","{""type"":""speedl"",""xd"":[0.011622439797693196,-0.021562684734002323,0,0,0,0],""a"":1,""t"":0.08,""seq"":1514,""ts"":1779196998955}"
"2026-05-19T13:23:18.978Z","1779196998978","remote_relay","speedl","1515","guest","operator","0.5113698881066002","0.29766398025198904","0.04573111678181821","2.922782349701749","-1.064226952449818","-0.07951332679117977","{""type"":""speedl"",""xd"":[0.011622439797693196,-0.021562684734002323,0,0,0,0],""a"":1,""t"":0.08,""seq"":1515,""ts"":1779196998974}"
"2026-05-19T13:23:18.999Z","1779196998999","remote_relay","speedl","1516","guest","operator","0.5113698881066002","0.29766398025198904","0.04573111678181821","2.922782349701749","-1.064226952449818","-0.07951332679117977","{""type"":""speedl"",""xd"":[0.011622439797693196,-0.021562684734002323,0,0,0,0],""a"":1,""t"":0.08,""seq"":1516,""ts"":1779196998994}"
"2026-05-19T13:23:19.019Z","1779196999019","remote_relay","speedl","1517","guest","operator","0.5113698881066002","0.29766398025198904","0.04573111678181821","2.922782349701749","-1.064226952449818","-0.07951332679117977","{""type"":""speedl"",""xd"":[0.011622439797693196,-0.021562684734002323,0,0,0,0],""a"":1,""t"":0.08,""seq"":1517,""ts"":1779196999015}"
"2026-05-19T13:23:19.042Z","1779196999042","remote_relay","speedl","1518","guest","operator","0.5113698881066002","0.29766398025198904","0.04573111678181821","2.922782349701749","-1.064226952449818","-0.07951332679117977","{""type"":""speedl"",""xd"":[0.011622439797693196,-0.021562684734002323,0,0,0,0],""a"":1,""t"":0.08,""seq"":1518,""ts"":1779196999036}"
"2026-05-19T13:23:19.058Z","1779196999058","remote_relay","speedl","1519","guest","operator","0.5113698881066002","0.29766398025198904","0.04573111678181821","2.922782349701749","-1.064226952449818","-0.07951332679117977","{""type"":""speedl"",""xd"":[0.011622439797693196,-0.021562684734002323,0,0,0,0],""a"":1,""t"":0.08,""seq"":1519,""ts"":1779196999054}"
"2026-05-19T13:23:19.079Z","1779196999079","remote_relay","speedl","1520","guest","operator","0.5113698881066002","0.29766398025198904","0.04573111678181821","2.922782349701749","-1.064226952449818","-0.07951332679117977","{""type"":""speedl"",""xd"":[0.011622439797693196,-0.021562684734002323,0,0,0,0],""a"":1,""t"":0.08,""seq"":1520,""ts"":1779196999075}"
"2026-05-19T13:23:19.099Z","1779196999099","remote_relay","speedl","1521","guest","operator","0.5113698881066002","0.29766398025198904","0.04573111678181821","2.922782349701749","-1.064226952449818","-0.07951332679117977","{""type"":""speedl"",""xd"":[0.011622439797693196,-0.021562684734002323,0,0,0,0],""a"":1,""t"":0.08,""seq"":1521,""ts"":1779196999095}"
"2026-05-19T13:23:19.119Z","1779196999119","remote_relay","speedl","1522","guest","operator","0.512632332670126","0.29532779920988506","0.04575849912774799","2.9228352696054145","-1.0642384812846166","-0.07951475180322427","{""type"":""speedl"",""xd"":[0.011622439797693196,-0.021562684734002323,0,0,0,0],""a"":1,""t"":0.08,""seq"":1522,""ts"":1779196999115}"
"2026-05-19T13:23:19.141Z","1779196999141","remote_relay","speedl","1523","guest","operator","0.512632332670126","0.29532779920988506","0.04575849912774799","2.9228352696054145","-1.0642384812846166","-0.07951475180322427","{""type"":""speedl"",""xd"":[0.011622439797693196,-0.021562684734002323,0,0,0,0],""a"":1,""t"":0.08,""seq"":1523,""ts"":1779196999136}"
"2026-05-19T13:23:19.159Z","1779196999159","remote_relay","speedl","1524","guest","operator","0.512632332670126","0.29532779920988506","0.04575849912774799","2.9228352696054145","-1.0642384812846166","-0.07951475180322427","{""type"":""speedl"",""xd"":[0.011622439797693196,-0.021562684734002323,0,0,0,0],""a"":1,""t"":0.08,""seq"":1524,""ts"":1779196999155}"
"2026-05-19T13:23:19.180Z","1779196999180","remote_relay","speedl","1525","guest","operator","0.512632332670126","0.29532779920988506","0.04575849912774799","2.9228352696054145","-1.0642384812846166","-0.07951475180322427","{""type"":""speedl"",""xd"":[0.011622439797693196,-0.021562684734002323,0,0,0,0],""a"":1,""t"":0.08,""seq"":1525,""ts"":1779196999175}"
"2026-05-19T13:23:19.199Z","1779196999199","remote_relay","speedl","1526","guest","operator","0.5137966441181612","0.2931609075447958","0.045775273407350686","2.9228412091511324","-1.0642693477891296","-0.07950063923702984","{""type"":""speedl"",""xd"":[0.011622439797693196,-0.021562684734002323,0,0,0,0],""a"":1,""t"":0.08,""seq"":1526,""ts"":1779196999195}"
"2026-05-19T13:23:19.220Z","1779196999220","remote_relay","speedl","1527","guest","operator","0.5137966441181612","0.2931609075447958","0.045775273407350686","2.9228412091511324","-1.0642693477891296","-0.07950063923702984","{""type"":""speedl"",""xd"":[0.011622439797693196,-0.021562684734002323,0,0,0,0],""a"":1,""t"":0.08,""seq"":1527,""ts"":1779196999215}"
"2026-05-19T13:23:19.240Z","1779196999240","remote_relay","speedl","1528","guest","operator","0.5137966441181612","0.2931609075447958","0.045775273407350686","2.9228412091511324","-1.0642693477891296","-0.07950063923702984","{""type"":""speedl"",""xd"":[0.011622439797693196,-0.021562684734002323,0,0,0,0],""a"":1,""t"":0.08,""seq"":1528,""ts"":1779196999236}"
"2026-05-19T13:23:19.259Z","1779196999259","remote_relay","speedl","1529","guest","operator","0.5137966441181612","0.2931609075447958","0.045775273407350686","2.9228412091511324","-1.0642693477891296","-0.07950063923702984","{""type"":""speedl"",""xd"":[0.011622439797693196,-0.021562684734002323,0,0,0,0],""a"":1,""t"":0.08,""seq"":1529,""ts"":1779196999254}"
"2026-05-19T13:23:19.279Z","1779196999279","remote_relay","speedl","1530","guest","operator","0.5148513591587727","0.29120655700066667","0.04576336747512694","2.922796950367099","-1.064305185002276","-0.07943668654495645","{""type"":""speedl"",""xd"":[0.011622439797693196,-0.021562684734002323,0,0,0,0],""a"":1,""t"":0.08,""seq"":1530,""ts"":1779196999275}"
"2026-05-19T13:23:19.299Z","1779196999299","remote_relay","speedl","1531","guest","operator","0.5148513591587727","0.29120655700066667","0.04576336747512694","2.922796950367099","-1.064305185002276","-0.07943668654495645","{""type"":""speedl"",""xd"":[0.011622439797693196,-0.021562684734002323,0,0,0,0],""a"":1,""t"":0.08,""seq"":1531,""ts"":1779196999294}"
"2026-05-19T13:23:19.320Z","1779196999320","remote_relay","speedl","1532","guest","operator","0.5148513591587727","0.29120655700066667","0.04576336747512694","2.922796950367099","-1.064305185002276","-0.07943668654495645","{""type"":""speedl"",""xd"":[0.011622439797693196,-0.021562684734002323,0,0,0,0],""a"":1,""t"":0.08,""seq"":1532,""ts"":1779196999315}"
"2026-05-19T13:23:19.341Z","1779196999341","remote_relay","speedl","1533","guest","operator","0.5148513591587727","0.29120655700066667","0.04576336747512694","2.922796950367099","-1.064305185002276","-0.07943668654495645","{""type"":""speedl"",""xd"":[0.011622439797693196,-0.021562684734002323,0,0,0,0],""a"":1,""t"":0.08,""seq"":1533,""ts"":1779196999336}"
"2026-05-19T13:23:19.359Z","1779196999359","remote_relay","speedl","1534","guest","operator","0.5148513591587727","0.29120655700066667","0.04576336747512694","2.922796950367099","-1.064305185002276","-0.07943668654495645","{""type"":""speedl"",""xd"":[0.011622439797693196,-0.021562684734002323,0,0,0,0],""a"":1,""t"":0.08,""seq"":1534,""ts"":1779196999354}"
"2026-05-19T13:23:19.378Z","1779196999378","remote_relay","speedl","1535","guest","operator","0.5148513591587727","0.29120655700066667","0.04576336747512694","2.922796950367099","-1.064305185002276","-0.07943668654495645","{""type"":""speedl"",""xd"":[0.011622439797693196,-0.021562684734002323,0,0,0,0],""a"":1,""t"":0.08,""seq"":1535,""ts"":1779196999374}"
"2026-05-19T13:23:19.398Z","1779196999398","remote_relay","speedl","1536","guest","operator","0.5160524710746817","0.28902682030389604","0.04582527864419764","2.922889089382115","-1.0644307716251669","-0.07944553944012084","{""type"":""speedl"",""xd"":[0.011622439797693196,-0.021562684734002323,0,0,0,0],""a"":1,""t"":0.08,""seq"":1536,""ts"":1779196999394}"
"2026-05-19T13:23:19.420Z","1779196999420","remote_relay","speedl","1537","guest","operator","0.5160524710746817","0.28902682030389604","0.04582527864419764","2.922889089382115","-1.0644307716251669","-0.07944553944012084","{""type"":""speedl"",""xd"":[0.011622439797693196,-0.021562684734002323,0,0,0,0],""a"":1,""t"":0.08,""seq"":1537,""ts"":1779196999416}"
"2026-05-19T13:23:19.439Z","1779196999439","remote_relay","speedl","1538","guest","operator","0.5160524710746817","0.28902682030389604","0.04582527864419764","2.922889089382115","-1.0644307716251669","-0.07944553944012084","{""type"":""speedl"",""xd"":[0.011622439797693196,-0.021562684734002323,0,0,0,0],""a"":1,""t"":0.08,""seq"":1538,""ts"":1779196999434}"
"2026-05-19T13:23:19.458Z","1779196999458","remote_relay","speedl","1539","guest","operator","0.5169530561312643","0.28733693161008556","0.04580346775214217","2.92295821582432","-1.0642026841713297","-0.07944229932359413","{""type"":""speedl"",""xd"":[0.011622439797693196,-0.021562684734002323,0,0,0,0],""a"":1,""t"":0.08,""seq"":1539,""ts"":1779196999454}"
"2026-05-19T13:23:19.480Z","1779196999480","remote_relay","speedl","1540","guest","operator","0.5169530561312643","0.28733693161008556","0.04580346775214217","2.92295821582432","-1.0642026841713297","-0.07944229932359413","{""type"":""speedl"",""xd"":[0.011622439797693196,-0.021562684734002323,0,0,0,0],""a"":1,""t"":0.08,""seq"":1540,""ts"":1779196999475}"
"2026-05-19T13:23:19.498Z","1779196999498","remote_relay","speedl","1541","guest","operator","0.5169530561312643","0.28733693161008556","0.04580346775214217","2.92295821582432","-1.0642026841713297","-0.07944229932359413","{""type"":""speedl"",""xd"":[0.011622439797693196,-0.021562684734002323,0,0,0,0],""a"":1,""t"":0.08,""seq"":1541,""ts"":1779196999494}"
"2026-05-19T13:23:19.519Z","1779196999519","remote_relay","speedl","1542","guest","operator","0.5169530561312643","0.28733693161008556","0.04580346775214217","2.92295821582432","-1.0642026841713297","-0.07944229932359413","{""type"":""speedl"",""xd"":[0.011622439797693196,-0.021562684734002323,0,0,0,0],""a"":1,""t"":0.08,""seq"":1542,""ts"":1779196999515}"
"2026-05-19T13:23:19.540Z","1779196999540","remote_relay","speedl","1543","guest","operator","0.5169530561312643","0.28733693161008556","0.04580346775214217","2.92295821582432","-1.0642026841713297","-0.07944229932359413","{""type"":""speedl"",""xd"":[0.011622439797693196,-0.021562684734002323,0,0,0,0],""a"":1,""t"":0.08,""seq"":1543,""ts"":1779196999536}"
"2026-05-19T13:23:19.559Z","1779196999559","remote_relay","speedl","1544","guest","operator","0.5181242440761429","0.2851775570283155","0.04579989621073716","2.922862389723604","-1.064367044225606","-0.07942293897437826","{""type"":""speedl"",""xd"":[0.011622439797693196,-0.021562684734002323,0,0,0,0],""a"":1,""t"":0.08,""seq"":1544,""ts"":1779196999554}"
"2026-05-19T13:23:19.578Z","1779196999578","remote_relay","speedl","1545","guest","operator","0.5181242440761429","0.2851775570283155","0.04579989621073716","2.922862389723604","-1.064367044225606","-0.07942293897437826","{""type"":""speedl"",""xd"":[0.011622439797693196,-0.021562684734002323,0,0,0,0],""a"":1,""t"":0.08,""seq"":1545,""ts"":1779196999574}"
"2026-05-19T13:23:19.599Z","1779196999599","remote_relay","speedl","1546","guest","operator","0.5181242440761429","0.2851775570283155","0.04579989621073716","2.922862389723604","-1.064367044225606","-0.07942293897437826","{""type"":""speedl"",""xd"":[0.011622439797693196,-0.021562684734002323,0,0,0,0],""a"":1,""t"":0.08,""seq"":1546,""ts"":1779196999594}"
"2026-05-19T13:23:19.620Z","1779196999620","remote_relay","speedl","1547","guest","operator","0.5181242440761429","0.2851775570283155","0.04579989621073716","2.922862389723604","-1.064367044225606","-0.07942293897437826","{""type"":""speedl"",""xd"":[0.011622439797693196,-0.021562684734002323,0,0,0,0],""a"":1,""t"":0.08,""seq"":1547,""ts"":1779196999615}"
"2026-05-19T13:23:19.638Z","1779196999638","remote_relay","speedl","1548","guest","operator","0.5181242440761429","0.2851775570283155","0.04579989621073716","2.922862389723604","-1.064367044225606","-0.07942293897437826","{""type"":""speedl"",""xd"":[0.011622439797693196,-0.021562684734002323,0,0,0,0],""a"":1,""t"":0.08,""seq"":1548,""ts"":1779196999634}"
"2026-05-19T13:23:19.658Z","1779196999658","remote_relay","speedl","1549","guest","operator","0.5192727042032754","0.2830133029268689","0.04578904518993401","2.9228742614862364","-1.0642598978698758","-0.07947085649108068","{""type"":""speedl"",""xd"":[0.011622439797693196,-0.021562684734002323,0,0,0,0],""a"":1,""t"":0.08,""seq"":1549,""ts"":1779196999654}"
"2026-05-19T13:23:19.678Z","1779196999678","remote_relay","speedl","1550","guest","operator","0.5192727042032754","0.2830133029268689","0.04578904518993401","2.9228742614862364","-1.0642598978698758","-0.07947085649108068","{""type"":""speedl"",""xd"":[0.011622439797693196,-0.021562684734002323,0,0,0,0],""a"":1,""t"":0.08,""seq"":1550,""ts"":1779196999674}"
"2026-05-19T13:23:19.699Z","1779196999699","remote_relay","speedl","1551","guest","operator","0.5192727042032754","0.2830133029268689","0.04578904518993401","2.9228742614862364","-1.0642598978698758","-0.07947085649108068","{""type"":""speedl"",""xd"":[0.011622439797693196,-0.021562684734002323,0,0,0,0],""a"":1,""t"":0.08,""seq"":1551,""ts"":1779196999695}"
"2026-05-19T13:23:19.719Z","1779196999719","remote_relay","speedl","1552","guest","operator","0.5192727042032754","0.2830133029268689","0.04578904518993401","2.9228742614862364","-1.0642598978698758","-0.07947085649108068","{""type"":""speedl"",""xd"":[0.011622439797693196,-0.021562684734002323,0,0,0,0],""a"":1,""t"":0.08,""seq"":1552,""ts"":1779196999715}"
"2026-05-19T13:23:19.741Z","1779196999741","remote_relay","speedl","1553","guest","operator","0.5192727042032754","0.2830133029268689","0.04578904518993401","2.9228742614862364","-1.0642598978698758","-0.07947085649108068","{""type"":""speedl"",""xd"":[0.011622439797693196,-0.021562684734002323,0,0,0,0],""a"":1,""t"":0.08,""seq"":1553,""ts"":1779196999736}"
"2026-05-19T13:23:19.760Z","1779196999760","remote_relay","speedl","1554","guest","operator","0.5192727042032754","0.2830133029268689","0.04578904518993401","2.9228742614862364","-1.0642598978698758","-0.07947085649108068","{""type"":""speedl"",""xd"":[0.011622439797693196,-0.021562684734002323,0,0,0,0],""a"":1,""t"":0.08,""seq"":1554,""ts"":1779196999755}"
"2026-05-19T13:23:19.779Z","1779196999779","remote_relay","speedl","1555","guest","operator","0.5192727042032754","0.2830133029268689","0.04578904518993401","2.9228742614862364","-1.0642598978698758","-0.07947085649108068","{""type"":""speedl"",""xd"":[0.011622439797693196,-0.021562684734002323,0,0,0,0],""a"":1,""t"":0.08,""seq"":1555,""ts"":1779196999774}"
"2026-05-19T13:23:19.799Z","1779196999799","remote_relay","speedl","1556","guest","operator","0.5192727042032754","0.2830133029268689","0.04578904518993401","2.9228742614862364","-1.0642598978698758","-0.07947085649108068","{""type"":""speedl"",""xd"":[0.011622439797693196,-0.021562684734002323,0,0,0,0],""a"":1,""t"":0.08,""seq"":1556,""ts"":1779196999794}"
"2026-05-19T13:23:19.820Z","1779196999820","remote_relay","speedl","1557","guest","operator","0.5192727042032754","0.2830133029268689","0.04578904518993401","2.9228742614862364","-1.0642598978698758","-0.07947085649108068","{""type"":""speedl"",""xd"":[0.011622439797693196,-0.021562684734002323,0,0,0,0],""a"":1,""t"":0.08,""seq"":1557,""ts"":1779196999815}"
"2026-05-19T13:23:19.839Z","1779196999839","remote_relay","speedl","1558","guest","operator","0.5192727042032754","0.2830133029268689","0.04578904518993401","2.9228742614862364","-1.0642598978698758","-0.07947085649108068","{""type"":""speedl"",""xd"":[0.011622439797693196,-0.021562684734002323,0,0,0,0],""a"":1,""t"":0.08,""seq"":1558,""ts"":1779196999834}"
"2026-05-19T13:23:19.859Z","1779196999859","remote_relay","speedl","1559","guest","operator","0.5213994407553704","0.2788640445212166","0.045715806631059536","2.922665923758296","-1.0642716430775443","-0.07960117727571625","{""type"":""speedl"",""xd"":[0.011622439797693196,-0.021562684734002323,0,0,0,0],""a"":1,""t"":0.08,""seq"":1559,""ts"":1779196999854}"
"2026-05-19T13:23:19.879Z","1779196999879","remote_relay","speedl","1560","guest","operator","0.5213994407553704","0.2788640445212166","0.045715806631059536","2.922665923758296","-1.0642716430775443","-0.07960117727571625","{""type"":""speedl"",""xd"":[0.011622439797693196,-0.021562684734002323,0,0,0,0],""a"":1,""t"":0.08,""seq"":1560,""ts"":1779196999875}"
"2026-05-19T13:23:19.899Z","1779196999899","remote_relay","speedl","1561","guest","operator","0.5213994407553704","0.2788640445212166","0.045715806631059536","2.922665923758296","-1.0642716430775443","-0.07960117727571625","{""type"":""speedl"",""xd"":[0.011622439797693196,-0.021562684734002323,0,0,0,0],""a"":1,""t"":0.08,""seq"":1561,""ts"":1779196999895}"
"2026-05-19T13:23:19.920Z","1779196999920","remote_relay","speedl","1562","guest","operator","0.5213994407553704","0.2788640445212166","0.045715806631059536","2.922665923758296","-1.0642716430775443","-0.07960117727571625","{""type"":""speedl"",""xd"":[0.011622439797693196,-0.021562684734002323,0,0,0,0],""a"":1,""t"":0.08,""seq"":1562,""ts"":1779196999915}"
"2026-05-19T13:23:19.939Z","1779196999939","remote_relay","speedl","1563","guest","operator","0.5213994407553704","0.2788640445212166","0.045715806631059536","2.922665923758296","-1.0642716430775443","-0.07960117727571625","{""type"":""speedl"",""xd"":[0.011622439797693196,-0.021562684734002323,0,0,0,0],""a"":1,""t"":0.08,""seq"":1563,""ts"":1779196999934}"
"2026-05-19T13:23:19.960Z","1779196999960","remote_relay","speedl","1564","guest","operator","0.52192160506717","0.2780207234580835","0.04579691678845374","2.92287307478931","-1.0642392859496026","-0.0794521342671376","{""type"":""speedl"",""xd"":[0.011622439797693196,-0.021562684734002323,0,0,0,0],""a"":1,""t"":0.08,""seq"":1564,""ts"":1779196999955}"
"2026-05-19T13:23:19.979Z","1779196999979","remote_relay","speedl","1565","guest","operator","0.52192160506717","0.2780207234580835","0.04579691678845374","2.92287307478931","-1.0642392859496026","-0.0794521342671376","{""type"":""speedl"",""xd"":[0.011622439797693196,-0.021562684734002323,0,0,0,0],""a"":1,""t"":0.08,""seq"":1565,""ts"":1779196999975}"
"2026-05-19T13:23:20.000Z","1779197000000","remote_relay","speedl","1566","guest","operator","0.52192160506717","0.2780207234580835","0.04579691678845374","2.92287307478931","-1.0642392859496026","-0.0794521342671376","{""type"":""speedl"",""xd"":[0.011622439797693196,-0.021562684734002323,0,0,0,0],""a"":1,""t"":0.08,""seq"":1566,""ts"":1779196999996}"
"2026-05-19T13:23:20.020Z","1779197000020","remote_relay","speedl","1567","guest","operator","0.52192160506717","0.2780207234580835","0.04579691678845374","2.92287307478931","-1.0642392859496026","-0.0794521342671376","{""type"":""speedl"",""xd"":[0.011622439797693196,-0.021562684734002323,0,0,0,0],""a"":1,""t"":0.08,""seq"":1567,""ts"":1779197000014}"
"2026-05-19T13:23:20.041Z","1779197000041","remote_relay","speedl","1568","guest","operator","0.5229242281349638","0.2761572436329196","0.04577619128493582","2.922841497756921","-1.0641897313760909","-0.07942679190782971","{""type"":""speedl"",""xd"":[0.011622439797693196,-0.021562684734002323,0,0,0,0],""a"":1,""t"":0.08,""seq"":1568,""ts"":1779197000037}"
"2026-05-19T13:23:20.059Z","1779197000059","remote_relay","speedl","1569","guest","operator","0.5229242281349638","0.2761572436329196","0.04577619128493582","2.922841497756921","-1.0641897313760909","-0.07942679190782971","{""type"":""speedl"",""xd"":[0.011622439797693196,-0.021562684734002323,0,0,0,0],""a"":1,""t"":0.08,""seq"":1569,""ts"":1779197000055}"
"2026-05-19T13:23:20.078Z","1779197000078","remote_relay","speedl","1570","guest","operator","0.5229242281349638","0.2761572436329196","0.04577619128493582","2.922841497756921","-1.0641897313760909","-0.07942679190782971","{""type"":""speedl"",""xd"":[0.011622439797693196,-0.021562684734002323,0,0,0,0],""a"":1,""t"":0.08,""seq"":1570,""ts"":1779197000074}"
"2026-05-19T13:23:20.098Z","1779197000098","remote_relay","speedl","1571","guest","operator","0.5229242281349638","0.2761572436329196","0.04577619128493582","2.922841497756921","-1.0641897313760909","-0.07942679190782971","{""type"":""speedl"",""xd"":[0.011622439797693196,-0.021562684734002323,0,0,0,0],""a"":1,""t"":0.08,""seq"":1571,""ts"":1779197000094}"
"2026-05-19T13:23:20.121Z","1779197000121","remote_relay","speedl","1572","guest","operator","0.5229242281349638","0.2761572436329196","0.04577619128493582","2.922841497756921","-1.0641897313760909","-0.07942679190782971","{""type"":""speedl"",""xd"":[0.011622439797693196,-0.021562684734002323,0,0,0,0],""a"":1,""t"":0.08,""seq"":1572,""ts"":1779197000114}"
"2026-05-19T13:23:20.139Z","1779197000139","remote_relay","speedl","1573","guest","operator","0.524061310246858","0.2741489186663008","0.045871672269427344","2.9230443821600396","-1.064243967955909","-0.07935383789738493","{""type"":""speedl"",""xd"":[0.011622439797693196,-0.021562684734002323,0,0,0,0],""a"":1,""t"":0.08,""seq"":1573,""ts"":1779197000134}"
"2026-05-19T13:23:20.158Z","1779197000158","remote_relay","speedl","1574","guest","operator","0.524061310246858","0.2741489186663008","0.045871672269427344","2.9230443821600396","-1.064243967955909","-0.07935383789738493","{""type"":""speedl"",""xd"":[0.011622439797693196,-0.021562684734002323,0,0,0,0],""a"":1,""t"":0.08,""seq"":1574,""ts"":1779197000154}"
"2026-05-19T13:23:20.179Z","1779197000179","remote_relay","speedl","1575","guest","operator","0.524061310246858","0.2741489186663008","0.045871672269427344","2.9230443821600396","-1.064243967955909","-0.07935383789738493","{""type"":""speedl"",""xd"":[0.011622439797693196,-0.021562684734002323,0,0,0,0],""a"":1,""t"":0.08,""seq"":1575,""ts"":1779197000174}"
"2026-05-19T13:23:20.198Z","1779197000198","remote_relay","speedl","1576","guest","operator","0.524061310246858","0.2741489186663008","0.045871672269427344","2.9230443821600396","-1.064243967955909","-0.07935383789738493","{""type"":""speedl"",""xd"":[0.011622439797693196,-0.021562684734002323,0,0,0,0],""a"":1,""t"":0.08,""seq"":1576,""ts"":1779197000194}"
"2026-05-19T13:23:20.220Z","1779197000220","remote_relay","speedl","1577","guest","operator","0.524061310246858","0.2741489186663008","0.045871672269427344","2.9230443821600396","-1.064243967955909","-0.07935383789738493","{""type"":""speedl"",""xd"":[0.011622439797693196,-0.021562684734002323,0,0,0,0],""a"":1,""t"":0.08,""seq"":1577,""ts"":1779197000214}"
"2026-05-19T13:23:20.242Z","1779197000242","remote_relay","speedl","1578","guest","operator","0.5252402380311274","0.2718246301670002","0.045796571167365574","2.922792340003428","-1.0643540014249409","-0.07946440121431496","{""type"":""speedl"",""xd"":[0.011622439797693196,-0.021562684734002323,0,0,0,0],""a"":1,""t"":0.08,""seq"":1578,""ts"":1779197000237}"
"2026-05-19T13:23:20.259Z","1779197000259","remote_relay","speedl","1579","guest","operator","0.5252402380311274","0.2718246301670002","0.045796571167365574","2.922792340003428","-1.0643540014249409","-0.07946440121431496","{""type"":""speedl"",""xd"":[0.011622439797693196,-0.021562684734002323,0,0,0,0],""a"":1,""t"":0.08,""seq"":1579,""ts"":1779197000254}"
"2026-05-19T13:23:20.279Z","1779197000279","remote_relay","speedl","1580","guest","operator","0.5252402380311274","0.2718246301670002","0.045796571167365574","2.922792340003428","-1.0643540014249409","-0.07946440121431496","{""type"":""speedl"",""xd"":[0.011622439797693196,-0.021562684734002323,0,0,0,0],""a"":1,""t"":0.08,""seq"":1580,""ts"":1779197000275}"
"2026-05-19T13:23:20.298Z","1779197000298","remote_relay","speedl","1581","guest","operator","0.5252402380311274","0.2718246301670002","0.045796571167365574","2.922792340003428","-1.0643540014249409","-0.07946440121431496","{""type"":""speedl"",""xd"":[0.011622439797693196,-0.021562684734002323,0,0,0,0],""a"":1,""t"":0.08,""seq"":1581,""ts"":1779197000294}"
"2026-05-19T13:23:20.320Z","1779197000320","remote_relay","speedl","1582","guest","operator","0.5262222605292706","0.2700833219669053","0.04578514831026084","2.9228582970509143","-1.064346350178305","-0.07946297720667111","{""type"":""speedl"",""xd"":[0.011622439797693196,-0.021562684734002323,0,0,0,0],""a"":1,""t"":0.08,""seq"":1582,""ts"":1779197000315}"
"2026-05-19T13:23:20.339Z","1779197000339","remote_relay","speedl","1583","guest","operator","0.5262222605292706","0.2700833219669053","0.04578514831026084","2.9228582970509143","-1.064346350178305","-0.07946297720667111","{""type"":""speedl"",""xd"":[0.011622439797693196,-0.021562684734002323,0,0,0,0],""a"":1,""t"":0.08,""seq"":1583,""ts"":1779197000334}"
"2026-05-19T13:23:20.358Z","1779197000358","remote_relay","speedl","1584","guest","operator","0.5262222605292706","0.2700833219669053","0.04578514831026084","2.9228582970509143","-1.064346350178305","-0.07946297720667111","{""type"":""speedl"",""xd"":[0.011622439797693196,-0.021562684734002323,0,0,0,0],""a"":1,""t"":0.08,""seq"":1584,""ts"":1779197000354}"
"2026-05-19T13:23:20.379Z","1779197000379","remote_relay","speedl","1585","guest","operator","0.5262222605292706","0.2700833219669053","0.04578514831026084","2.9228582970509143","-1.064346350178305","-0.07946297720667111","{""type"":""speedl"",""xd"":[0.011622439797693196,-0.021562684734002323,0,0,0,0],""a"":1,""t"":0.08,""seq"":1585,""ts"":1779197000375}"
"2026-05-19T13:23:20.399Z","1779197000399","remote_relay","speedl","1586","guest","operator","0.5262222605292706","0.2700833219669053","0.04578514831026084","2.9228582970509143","-1.064346350178305","-0.07946297720667111","{""type"":""speedl"",""xd"":[0.011622439797693196,-0.021562684734002323,0,0,0,0],""a"":1,""t"":0.08,""seq"":1586,""ts"":1779197000394}"
"2026-05-19T13:23:20.420Z","1779197000420","remote_relay","speedl","1587","guest","operator","0.5262222605292706","0.2700833219669053","0.04578514831026084","2.9228582970509143","-1.064346350178305","-0.07946297720667111","{""type"":""speedl"",""xd"":[0.011622439797693196,-0.021562684734002323,0,0,0,0],""a"":1,""t"":0.08,""seq"":1587,""ts"":1779197000414}"
"2026-05-19T13:23:20.442Z","1779197000442","remote_relay","speedl","1588","guest","operator","0.5273483832193131","0.26802617338946644","0.045818230374945534","2.9229409383931704","-1.064294403284335","-0.07943079074702437","{""type"":""speedl"",""xd"":[0.011622439797693196,-0.021562684734002323,0,0,0,0],""a"":1,""t"":0.08,""seq"":1588,""ts"":1779197000438}"
"2026-05-19T13:23:20.459Z","1779197000459","remote_relay","speedl","1589","guest","operator","0.5273483832193131","0.26802617338946644","0.045818230374945534","2.9229409383931704","-1.064294403284335","-0.07943079074702437","{""type"":""speedl"",""xd"":[0.011622439797693196,-0.021562684734002323,0,0,0,0],""a"":1,""t"":0.08,""seq"":1589,""ts"":1779197000454}"
"2026-05-19T13:23:20.478Z","1779197000478","remote_relay","speedl","1590","guest","operator","0.5273483832193131","0.26802617338946644","0.045818230374945534","2.9229409383931704","-1.064294403284335","-0.07943079074702437","{""type"":""speedl"",""xd"":[0.011622439797693196,-0.021562684734002323,0,0,0,0],""a"":1,""t"":0.08,""seq"":1590,""ts"":1779197000474}"
"2026-05-19T13:23:20.499Z","1779197000499","remote_relay","speedl","1591","guest","operator","0.5273483832193131","0.26802617338946644","0.045818230374945534","2.9229409383931704","-1.064294403284335","-0.07943079074702437","{""type"":""speedl"",""xd"":[0.011622439797693196,-0.021562684734002323,0,0,0,0],""a"":1,""t"":0.08,""seq"":1591,""ts"":1779197000494}"
"2026-05-19T13:23:20.521Z","1779197000521","remote_relay","speedl","1592","guest","operator","0.5284940153466259","0.2658285067848111","0.04580765846176674","2.9228366143931","-1.0642253541860136","-0.07937754827881886","{""type"":""speedl"",""xd"":[0.011622439797693196,-0.021562684734002323,0,0,0,0],""a"":1,""t"":0.08,""seq"":1592,""ts"":1779197000515}"
"2026-05-19T13:23:20.539Z","1779197000539","remote_relay","speedl","1593","guest","operator","0.5284940153466259","0.2658285067848111","0.04580765846176674","2.9228366143931","-1.0642253541860136","-0.07937754827881886","{""type"":""speedl"",""xd"":[0.011622439797693196,-0.021562684734002323,0,0,0,0],""a"":1,""t"":0.08,""seq"":1593,""ts"":1779197000534}"
"2026-05-19T13:23:20.558Z","1779197000558","remote_relay","speedl","1594","guest","operator","0.5284940153466259","0.2658285067848111","0.04580765846176674","2.9228366143931","-1.0642253541860136","-0.07937754827881886","{""type"":""speedl"",""xd"":[0.011622439797693196,-0.021562684734002323,0,0,0,0],""a"":1,""t"":0.08,""seq"":1594,""ts"":1779197000554}"
"2026-05-19T13:23:20.579Z","1779197000579","remote_relay","speedl","1595","guest","operator","0.5284940153466259","0.2658285067848111","0.04580765846176674","2.9228366143931","-1.0642253541860136","-0.07937754827881886","{""type"":""speedl"",""xd"":[0.011622439797693196,-0.021562684734002323,0,0,0,0],""a"":1,""t"":0.08,""seq"":1595,""ts"":1779197000575}"
"2026-05-19T13:23:20.599Z","1779197000599","remote_relay","speedl","1596","guest","operator","0.5284940153466259","0.2658285067848111","0.04580765846176674","2.9228366143931","-1.0642253541860136","-0.07937754827881886","{""type"":""speedl"",""xd"":[0.011622439797693196,-0.021562684734002323,0,0,0,0],""a"":1,""t"":0.08,""seq"":1596,""ts"":1779197000594}"
"2026-05-19T13:23:20.620Z","1779197000620","remote_relay","speedl","1597","guest","operator","0.5284940153466259","0.2658285067848111","0.04580765846176674","2.9228366143931","-1.0642253541860136","-0.07937754827881886","{""type"":""speedl"",""xd"":[0.011622439797693196,-0.021562684734002323,0,0,0,0],""a"":1,""t"":0.08,""seq"":1597,""ts"":1779197000615}"
"2026-05-19T13:23:20.639Z","1779197000639","remote_relay","speedl","1598","guest","operator","0.529699917074989","0.26363344495779095","0.04576923301605165","2.9228732772266857","-1.0642263279188764","-0.07944568074219262","{""type"":""speedl"",""xd"":[0.011622439797693196,-0.021562684734002323,0,0,0,0],""a"":1,""t"":0.08,""seq"":1598,""ts"":1779197000634}"
"2026-05-19T13:23:20.658Z","1779197000658","remote_relay","speedl","1599","guest","operator","0.529699917074989","0.26363344495779095","0.04576923301605165","2.9228732772266857","-1.0642263279188764","-0.07944568074219262","{""type"":""speedl"",""xd"":[0.011622439797693196,-0.021562684734002323,0,0,0,0],""a"":1,""t"":0.08,""seq"":1599,""ts"":1779197000654}"
"2026-05-19T13:23:20.678Z","1779197000678","remote_relay","speedl","1600","guest","operator","0.529699917074989","0.26363344495779095","0.04576923301605165","2.9228732772266857","-1.0642263279188764","-0.07944568074219262","{""type"":""speedl"",""xd"":[0.011622439797693196,-0.021562684734002323,0,0,0,0],""a"":1,""t"":0.08,""seq"":1600,""ts"":1779197000674}"
"2026-05-19T13:23:20.699Z","1779197000699","remote_relay","speedl","1601","guest","operator","0.529699917074989","0.26363344495779095","0.04576923301605165","2.9228732772266857","-1.0642263279188764","-0.07944568074219262","{""type"":""speedl"",""xd"":[0.011622439797693196,-0.021562684734002323,0,0,0,0],""a"":1,""t"":0.08,""seq"":1601,""ts"":1779197000694}"
"2026-05-19T13:23:20.721Z","1779197000721","remote_relay","speedl","1602","guest","operator","0.529699917074989","0.26363344495779095","0.04576923301605165","2.9228732772266857","-1.0642263279188764","-0.07944568074219262","{""type"":""speedl"",""xd"":[0.011622439797693196,-0.021562684734002323,0,0,0,0],""a"":1,""t"":0.08,""seq"":1602,""ts"":1779197000714}"
"2026-05-19T13:23:20.739Z","1779197000739","remote_relay","speedl","1603","guest","operator","0.5308819331364358","0.2614784062017302","0.04579923134295699","2.922888735387429","-1.0642885923382948","-0.07936997555107489","{""type"":""speedl"",""xd"":[0.011622439797693196,-0.021562684734002323,0,0,0,0],""a"":1,""t"":0.08,""seq"":1603,""ts"":1779197000734}"
"2026-05-19T13:23:20.759Z","1779197000759","remote_relay","speedl","1604","guest","operator","0.5308819331364358","0.2614784062017302","0.04579923134295699","2.922888735387429","-1.0642885923382948","-0.07936997555107489","{""type"":""speedl"",""xd"":[0.011622439797693196,-0.021562684734002323,0,0,0,0],""a"":1,""t"":0.08,""seq"":1604,""ts"":1779197000754}"
"2026-05-19T13:23:20.778Z","1779197000778","remote_relay","speedl","1605","guest","operator","0.5308819331364358","0.2614784062017302","0.04579923134295699","2.922888735387429","-1.0642885923382948","-0.07936997555107489","{""type"":""speedl"",""xd"":[0.011622439797693196,-0.021562684734002323,0,0,0,0],""a"":1,""t"":0.08,""seq"":1605,""ts"":1779197000774}"
"2026-05-19T13:23:20.798Z","1779197000798","remote_relay","speedl","1606","guest","operator","0.5308819331364358","0.2614784062017302","0.04579923134295699","2.922888735387429","-1.0642885923382948","-0.07936997555107489","{""type"":""speedl"",""xd"":[0.011622439797693196,-0.021562684734002323,0,0,0,0],""a"":1,""t"":0.08,""seq"":1606,""ts"":1779197000794}"
"2026-05-19T13:23:20.821Z","1779197000821","remote_relay","speedl","1607","guest","operator","0.5319821736942142","0.25936691147556457","0.04575809003593018","2.922788746047826","-1.064313789276014","-0.07940523322109802","{""type"":""speedl"",""xd"":[0.011622439797693196,-0.021562684734002323,0,0,0,0],""a"":1,""t"":0.08,""seq"":1607,""ts"":1779197000814}"
"2026-05-19T13:23:20.838Z","1779197000838","remote_relay","speedl","1608","guest","operator","0.5319821736942142","0.25936691147556457","0.04575809003593018","2.922788746047826","-1.064313789276014","-0.07940523322109802","{""type"":""speedl"",""xd"":[0.011622439797693196,-0.021562684734002323,0,0,0,0],""a"":1,""t"":0.08,""seq"":1608,""ts"":1779197000834}"
"2026-05-19T13:23:20.859Z","1779197000859","remote_relay","speedl","1609","guest","operator","0.5319821736942142","0.25936691147556457","0.04575809003593018","2.922788746047826","-1.064313789276014","-0.07940523322109802","{""type"":""speedl"",""xd"":[0.011622439797693196,-0.021562684734002323,0,0,0,0],""a"":1,""t"":0.08,""seq"":1609,""ts"":1779197000855}"
"2026-05-19T13:23:20.879Z","1779197000879","remote_relay","speedl","1610","guest","operator","0.5319821736942142","0.25936691147556457","0.04575809003593018","2.922788746047826","-1.064313789276014","-0.07940523322109802","{""type"":""speedl"",""xd"":[0.011622439797693196,-0.021562684734002323,0,0,0,0],""a"":1,""t"":0.08,""seq"":1610,""ts"":1779197000874}"
"2026-05-19T13:23:20.898Z","1779197000898","remote_relay","speedl","1611","guest","operator","0.5319821736942142","0.25936691147556457","0.04575809003593018","2.922788746047826","-1.064313789276014","-0.07940523322109802","{""type"":""speedl"",""xd"":[0.011622439797693196,-0.021562684734002323,0,0,0,0],""a"":1,""t"":0.08,""seq"":1611,""ts"":1779197000894}"
"2026-05-19T13:23:20.921Z","1779197000921","remote_relay","speedl","1612","guest","operator","0.5329357753869918","0.2576515869491728","0.045801373205160395","2.9228174953575246","-1.0643335261115698","-0.07929730402973703","{""type"":""speedl"",""xd"":[0.011622439797693196,-0.021562684734002323,0,0,0,0],""a"":1,""t"":0.08,""seq"":1612,""ts"":1779197000915}"
"2026-05-19T13:23:20.939Z","1779197000939","remote_relay","speedl","1613","guest","operator","0.5329357753869918","0.2576515869491728","0.045801373205160395","2.9228174953575246","-1.0643335261115698","-0.07929730402973703","{""type"":""speedl"",""xd"":[0.011622439797693196,-0.021562684734002323,0,0,0,0],""a"":1,""t"":0.08,""seq"":1613,""ts"":1779197000935}"
"2026-05-19T13:23:20.958Z","1779197000958","remote_relay","speedl","1614","guest","operator","0.5329357753869918","0.2576515869491728","0.045801373205160395","2.9228174953575246","-1.0643335261115698","-0.07929730402973703","{""type"":""speedl"",""xd"":[0.011622439797693196,-0.021562684734002323,0,0,0,0],""a"":1,""t"":0.08,""seq"":1614,""ts"":1779197000954}"
"2026-05-19T13:23:20.979Z","1779197000979","remote_relay","speedl","1615","guest","operator","0.5329357753869918","0.2576515869491728","0.045801373205160395","2.9228174953575246","-1.0643335261115698","-0.07929730402973703","{""type"":""speedl"",""xd"":[0.011622439797693196,-0.021562684734002323,0,0,0,0],""a"":1,""t"":0.08,""seq"":1615,""ts"":1779197000974}"
"2026-05-19T13:23:20.998Z","1779197000998","remote_relay","speedl","1616","guest","operator","0.5329357753869918","0.2576515869491728","0.045801373205160395","2.9228174953575246","-1.0643335261115698","-0.07929730402973703","{""type"":""speedl"",""xd"":[0.011622439797693196,-0.021562684734002323,0,0,0,0],""a"":1,""t"":0.08,""seq"":1616,""ts"":1779197000994}"
"2026-05-19T13:23:21.022Z","1779197001022","remote_relay","speedl","1617","guest","operator","0.5340990247997612","0.255503608254676","0.04583640512080428","2.922931447371362","-1.0642893458476297","-0.07940507873359877","{""type"":""speedl"",""xd"":[0.011622439797693196,-0.021562684734002323,0,0,0,0],""a"":1,""t"":0.08,""seq"":1617,""ts"":1779197001014}"
"2026-05-19T13:23:21.040Z","1779197001040","remote_relay","speedl","1618","guest","operator","0.5340990247997612","0.255503608254676","0.04583640512080428","2.922931447371362","-1.0642893458476297","-0.07940507873359877","{""type"":""speedl"",""xd"":[0.011622439797693196,-0.021562684734002323,0,0,0,0],""a"":1,""t"":0.08,""seq"":1618,""ts"":1779197001035}"
"2026-05-19T13:23:21.059Z","1779197001059","remote_relay","speedl","1619","guest","operator","0.5340990247997612","0.255503608254676","0.04583640512080428","2.922931447371362","-1.0642893458476297","-0.07940507873359877","{""type"":""speedl"",""xd"":[0.011622439797693196,-0.021562684734002323,0,0,0,0],""a"":1,""t"":0.08,""seq"":1619,""ts"":1779197001055}"
"2026-05-19T13:23:21.078Z","1779197001078","remote_relay","speedl","1620","guest","operator","0.5340990247997612","0.255503608254676","0.04583640512080428","2.922931447371362","-1.0642893458476297","-0.07940507873359877","{""type"":""speedl"",""xd"":[0.011622439797693196,-0.021562684734002323,0,0,0,0],""a"":1,""t"":0.08,""seq"":1620,""ts"":1779197001074}"
"2026-05-19T13:23:21.098Z","1779197001098","remote_relay","speedl","1621","guest","operator","0.5352991857185865","0.25320924977943393","0.04580211766878381","2.9228085477045602","-1.0643829054201492","-0.07941571942960872","{""type"":""speedl"",""xd"":[0.011622439797693196,-0.021562684734002323,0,0,0,0],""a"":1,""t"":0.08,""seq"":1621,""ts"":1779197001094}"
"2026-05-19T13:23:21.121Z","1779197001121","remote_relay","speedl","1622","guest","operator","0.5352991857185865","0.25320924977943393","0.04580211766878381","2.9228085477045602","-1.0643829054201492","-0.07941571942960872","{""type"":""speedl"",""xd"":[0.011622439797693196,-0.021562684734002323,0,0,0,0],""a"":1,""t"":0.08,""seq"":1622,""ts"":1779197001115}"
"2026-05-19T13:23:21.139Z","1779197001139","remote_relay","speedl","1623","guest","operator","0.5352991857185865","0.25320924977943393","0.04580211766878381","2.9228085477045602","-1.0643829054201492","-0.07941571942960872","{""type"":""speedl"",""xd"":[0.011622439797693196,-0.021562684734002323,0,0,0,0],""a"":1,""t"":0.08,""seq"":1623,""ts"":1779197001135}"
"2026-05-19T13:23:21.159Z","1779197001159","remote_relay","speedl","1624","guest","operator","0.5352991857185865","0.25320924977943393","0.04580211766878381","2.9228085477045602","-1.0643829054201492","-0.07941571942960872","{""type"":""speedl"",""xd"":[0.011622439797693196,-0.021562684734002323,0,0,0,0],""a"":1,""t"":0.08,""seq"":1624,""ts"":1779197001154}"
"2026-05-19T13:23:21.178Z","1779197001178","remote_relay","speedl","1625","guest","operator","0.5352991857185865","0.25320924977943393","0.04580211766878381","2.9228085477045602","-1.0643829054201492","-0.07941571942960872","{""type"":""speedl"",""xd"":[0.011622439797693196,-0.021562684734002323,0,0,0,0],""a"":1,""t"":0.08,""seq"":1625,""ts"":1779197001174}"
"2026-05-19T13:23:21.200Z","1779197001200","remote_relay","speedl","1626","guest","operator","0.5363892841232762","0.25121348332597576","0.04581248843188587","2.922890920634243","-1.0643494040531878","-0.07948310195190614","{""type"":""speedl"",""xd"":[0.011622439797693196,-0.021562684734002323,0,0,0,0],""a"":1,""t"":0.08,""seq"":1626,""ts"":1779197001195}"
"2026-05-19T13:23:21.218Z","1779197001218","remote_relay","speedl","1627","guest","operator","0.5363892841232762","0.25121348332597576","0.04581248843188587","2.922890920634243","-1.0643494040531878","-0.07948310195190614","{""type"":""speedl"",""xd"":[0.011622439797693196,-0.021562684734002323,0,0,0,0],""a"":1,""t"":0.08,""seq"":1627,""ts"":1779197001214}"
"2026-05-19T13:23:21.239Z","1779197001239","remote_relay","speedl","1628","guest","operator","0.5363892841232762","0.25121348332597576","0.04581248843188587","2.922890920634243","-1.0643494040531878","-0.07948310195190614","{""type"":""speedl"",""xd"":[0.011622439797693196,-0.021562684734002323,0,0,0,0],""a"":1,""t"":0.08,""seq"":1628,""ts"":1779197001234}"
"2026-05-19T13:23:21.259Z","1779197001259","remote_relay","speedl","1629","guest","operator","0.5363892841232762","0.25121348332597576","0.04581248843188587","2.922890920634243","-1.0643494040531878","-0.07948310195190614","{""type"":""speedl"",""xd"":[0.011622439797693196,-0.021562684734002323,0,0,0,0],""a"":1,""t"":0.08,""seq"":1629,""ts"":1779197001255}"
"2026-05-19T13:23:21.279Z","1779197001279","remote_relay","speedl","1630","guest","operator","0.5374694563822635","0.24923571735966288","0.045798977025901855","2.9228714547741173","-1.0642301064854067","-0.07936551503782593","{""type"":""speedl"",""xd"":[0.011622439797693196,-0.021562684734002323,0,0,0,0],""a"":1,""t"":0.08,""seq"":1630,""ts"":1779197001275}"
"2026-05-19T13:23:21.299Z","1779197001299","remote_relay","speedl","1631","guest","operator","0.5374694563822635","0.24923571735966288","0.045798977025901855","2.9228714547741173","-1.0642301064854067","-0.07936551503782593","{""type"":""speedl"",""xd"":[0.011622439797693196,-0.021562684734002323,0,0,0,0],""a"":1,""t"":0.08,""seq"":1631,""ts"":1779197001294}"
"2026-05-19T13:23:21.318Z","1779197001318","remote_relay","speedl","1632","guest","operator","0.5374694563822635","0.24923571735966288","0.045798977025901855","2.9228714547741173","-1.0642301064854067","-0.07936551503782593","{""type"":""speedl"",""xd"":[0.011622439797693196,-0.021562684734002323,0,0,0,0],""a"":1,""t"":0.08,""seq"":1632,""ts"":1779197001314}"
"2026-05-19T13:23:21.339Z","1779197001339","remote_relay","speedl","1633","guest","operator","0.5374694563822635","0.24923571735966288","0.045798977025901855","2.9228714547741173","-1.0642301064854067","-0.07936551503782593","{""type"":""speedl"",""xd"":[0.011622439797693196,-0.021562684734002323,0,0,0,0],""a"":1,""t"":0.08,""seq"":1633,""ts"":1779197001334}"
"2026-05-19T13:23:21.359Z","1779197001359","remote_relay","speedl","1634","guest","operator","0.5374694563822635","0.24923571735966288","0.045798977025901855","2.9228714547741173","-1.0642301064854067","-0.07936551503782593","{""type"":""speedl"",""xd"":[0.011622439797693196,-0.021562684734002323,0,0,0,0],""a"":1,""t"":0.08,""seq"":1634,""ts"":1779197001355}"
"2026-05-19T13:23:21.379Z","1779197001379","remote_relay","speedl","1635","guest","operator","0.5374694563822635","0.24923571735966288","0.045798977025901855","2.9228714547741173","-1.0642301064854067","-0.07936551503782593","{""type"":""speedl"",""xd"":[0.011622439797693196,-0.021562684734002323,0,0,0,0],""a"":1,""t"":0.08,""seq"":1635,""ts"":1779197001375}"
"2026-05-19T13:23:21.398Z","1779197001398","remote_relay","speedl","1636","guest","operator","0.5374694563822635","0.24923571735966288","0.045798977025901855","2.9228714547741173","-1.0642301064854067","-0.07936551503782593","{""type"":""speedl"",""xd"":[0.011622439797693196,-0.021562684734002323,0,0,0,0],""a"":1,""t"":0.08,""seq"":1636,""ts"":1779197001394}"
"2026-05-19T13:23:21.422Z","1779197001422","remote_relay","speedl","1637","guest","operator","0.5387819701903228","0.24680994156640101","0.045821226038465945","2.9229059500886394","-1.0643721397349104","-0.07941061171313155","{""type"":""speedl"",""xd"":[0.011622439797693196,-0.021562684734002323,0,0,0,0],""a"":1,""t"":0.08,""seq"":1637,""ts"":1779197001415}"
"2026-05-19T13:23:21.439Z","1779197001439","remote_relay","speedl","1638","guest","operator","0.5387819701903228","0.24680994156640101","0.045821226038465945","2.9229059500886394","-1.0643721397349104","-0.07941061171313155","{""type"":""speedl"",""xd"":[0.011622439797693196,-0.021562684734002323,0,0,0,0],""a"":1,""t"":0.08,""seq"":1638,""ts"":1779197001434}"
"2026-05-19T13:23:21.459Z","1779197001459","remote_relay","speedl","1639","guest","operator","0.5387819701903228","0.24680994156640101","0.045821226038465945","2.9229059500886394","-1.0643721397349104","-0.07941061171313155","{""type"":""speedl"",""xd"":[0.011622439797693196,-0.021562684734002323,0,0,0,0],""a"":1,""t"":0.08,""seq"":1639,""ts"":1779197001454}"
"2026-05-19T13:23:21.479Z","1779197001479","remote_relay","speedl","1640","guest","operator","0.5387819701903228","0.24680994156640101","0.045821226038465945","2.9229059500886394","-1.0643721397349104","-0.07941061171313155","{""type"":""speedl"",""xd"":[0.011622439797693196,-0.021562684734002323,0,0,0,0],""a"":1,""t"":0.08,""seq"":1640,""ts"":1779197001475}"
"2026-05-19T13:23:21.498Z","1779197001498","remote_relay","speedl","1641","guest","operator","0.5387819701903228","0.24680994156640101","0.045821226038465945","2.9229059500886394","-1.0643721397349104","-0.07941061171313155","{""type"":""speedl"",""xd"":[0.011622439797693196,-0.021562684734002323,0,0,0,0],""a"":1,""t"":0.08,""seq"":1641,""ts"":1779197001494}"
"2026-05-19T13:23:21.519Z","1779197001519","remote_relay","speedl","1642","guest","operator","0.5400043108812054","0.24456787291725424","0.045829261724710996","2.922951205977937","-1.0642511380725534","-0.07938683641070991","{""type"":""speedl"",""xd"":[0.011622439797693196,-0.021562684734002323,0,0,0,0],""a"":1,""t"":0.08,""seq"":1642,""ts"":1779197001514}"
"2026-05-19T13:23:21.539Z","1779197001539","remote_relay","speedl","1643","guest","operator","0.5400043108812054","0.24456787291725424","0.045829261724710996","2.922951205977937","-1.0642511380725534","-0.07938683641070991","{""type"":""speedl"",""xd"":[0.011622439797693196,-0.021562684734002323,0,0,0,0],""a"":1,""t"":0.08,""seq"":1643,""ts"":1779197001534}"
"2026-05-19T13:23:21.560Z","1779197001560","remote_relay","speedl","1644","guest","operator","0.5400043108812054","0.24456787291725424","0.045829261724710996","2.922951205977937","-1.0642511380725534","-0.07938683641070991","{""type"":""speedl"",""xd"":[0.011622439797693196,-0.021562684734002323,0,0,0,0],""a"":1,""t"":0.08,""seq"":1644,""ts"":1779197001555}"
"2026-05-19T13:23:21.578Z","1779197001578","remote_relay","speedl","1645","guest","operator","0.5400043108812054","0.24456787291725424","0.045829261724710996","2.922951205977937","-1.0642511380725534","-0.07938683641070991","{""type"":""speedl"",""xd"":[0.011622439797693196,-0.021562684734002323,0,0,0,0],""a"":1,""t"":0.08,""seq"":1645,""ts"":1779197001574}"
"2026-05-19T13:23:21.598Z","1779197001598","remote_relay","speedl","1646","guest","operator","0.5400043108812054","0.24456787291725424","0.045829261724710996","2.922951205977937","-1.0642511380725534","-0.07938683641070991","{""type"":""speedl"",""xd"":[0.011622439797693196,-0.021562684734002323,0,0,0,0],""a"":1,""t"":0.08,""seq"":1646,""ts"":1779197001594}"
"2026-05-19T13:23:21.619Z","1779197001619","remote_relay","speedl","1647","guest","operator","0.541203731245157","0.2423583796028142","0.04583337601623874","2.9229225924702438","-1.0642821812260614","-0.07934512466783498","{""type"":""speedl"",""xd"":[0.011622439797693196,-0.021562684734002323,0,0,0,0],""a"":1,""t"":0.08,""seq"":1647,""ts"":1779197001614}"
"2026-05-19T13:23:21.639Z","1779197001639","remote_relay","speedl","1648","guest","operator","0.541203731245157","0.2423583796028142","0.04583337601623874","2.9229225924702438","-1.0642821812260614","-0.07934512466783498","{""type"":""speedl"",""xd"":[0.011622439797693196,-0.021562684734002323,0,0,0,0],""a"":1,""t"":0.08,""seq"":1648,""ts"":1779197001634}"
"2026-05-19T13:23:21.660Z","1779197001661","remote_relay","speedl","1649","guest","operator","0.541203731245157","0.2423583796028142","0.04583337601623874","2.9229225924702438","-1.0642821812260614","-0.07934512466783498","{""type"":""speedl"",""xd"":[0.011622439797693196,-0.021562684734002323,0,0,0,0],""a"":1,""t"":0.08,""seq"":1649,""ts"":1779197001655}"
"2026-05-19T13:23:21.679Z","1779197001679","remote_relay","speedl","1650","guest","operator","0.541203731245157","0.2423583796028142","0.04583337601623874","2.9229225924702438","-1.0642821812260614","-0.07934512466783498","{""type"":""speedl"",""xd"":[0.011622439797693196,-0.021562684734002323,0,0,0,0],""a"":1,""t"":0.08,""seq"":1650,""ts"":1779197001674}"
"2026-05-19T13:23:21.699Z","1779197001699","remote_relay","speedl","1651","guest","operator","0.541203731245157","0.2423583796028142","0.04583337601623874","2.9229225924702438","-1.0642821812260614","-0.07934512466783498","{""type"":""speedl"",""xd"":[0.011622439797693196,-0.021562684734002323,0,0,0,0],""a"":1,""t"":0.08,""seq"":1651,""ts"":1779197001694}"
"2026-05-19T13:23:21.718Z","1779197001718","remote_relay","speedl","1652","guest","operator","0.5423075662166947","0.24028443819626827","0.045817811457311314","2.9228619271092295","-1.0643686893016322","-0.07933193396203307","{""type"":""speedl"",""xd"":[0.011622439797693196,-0.021562684734002323,0,0,0,0],""a"":1,""t"":0.08,""seq"":1652,""ts"":1779197001714}"
"2026-05-19T13:23:21.740Z","1779197001740","remote_relay","speedl","1653","guest","operator","0.5423075662166947","0.24028443819626827","0.045817811457311314","2.9228619271092295","-1.0643686893016322","-0.07933193396203307","{""type"":""speedl"",""xd"":[0.011622439797693196,-0.021562684734002323,0,0,0,0],""a"":1,""t"":0.08,""seq"":1653,""ts"":1779197001735}"
"2026-05-19T13:23:21.760Z","1779197001760","remote_relay","speedl","1654","guest","operator","0.5423075662166947","0.24028443819626827","0.045817811457311314","2.9228619271092295","-1.0643686893016322","-0.07933193396203307","{""type"":""speedl"",""xd"":[0.011622439797693196,-0.021562684734002323,0,0,0,0],""a"":1,""t"":0.08,""seq"":1654,""ts"":1779197001755}"
"2026-05-19T13:23:21.778Z","1779197001778","remote_relay","speedl","1655","guest","operator","0.5423075662166947","0.24028443819626827","0.045817811457311314","2.9228619271092295","-1.0643686893016322","-0.07933193396203307","{""type"":""speedl"",""xd"":[0.011622439797693196,-0.021562684734002323,0,0,0,0],""a"":1,""t"":0.08,""seq"":1655,""ts"":1779197001774}"
"2026-05-19T13:23:21.798Z","1779197001798","remote_relay","speedl","1656","guest","operator","0.5432634032015946","0.23845665583518524","0.04581304886971885","2.9228548429752084","-1.0642788709263584","-0.07944553601838307","{""type"":""speedl"",""xd"":[0.011622439797693196,-0.021562684734002323,0,0,0,0],""a"":1,""t"":0.08,""seq"":1656,""ts"":1779197001794}"
"2026-05-19T13:23:21.819Z","1779197001819","remote_relay","speedl","1657","guest","operator","0.5432634032015946","0.23845665583518524","0.04581304886971885","2.9228548429752084","-1.0642788709263584","-0.07944553601838307","{""type"":""speedl"",""xd"":[0.011622439797693196,-0.021562684734002323,0,0,0,0],""a"":1,""t"":0.08,""seq"":1657,""ts"":1779197001814}"
"2026-05-19T13:23:21.839Z","1779197001839","remote_relay","speedl","1658","guest","operator","0.5432634032015946","0.23845665583518524","0.04581304886971885","2.9228548429752084","-1.0642788709263584","-0.07944553601838307","{""type"":""speedl"",""xd"":[0.011622439797693196,-0.021562684734002323,0,0,0,0],""a"":1,""t"":0.08,""seq"":1658,""ts"":1779197001834}"
"2026-05-19T13:23:21.860Z","1779197001860","remote_relay","speedl","1659","guest","operator","0.5432634032015946","0.23845665583518524","0.04581304886971885","2.9228548429752084","-1.0642788709263584","-0.07944553601838307","{""type"":""speedl"",""xd"":[0.011622439797693196,-0.021562684734002323,0,0,0,0],""a"":1,""t"":0.08,""seq"":1659,""ts"":1779197001855}"
"2026-05-19T13:23:21.878Z","1779197001878","remote_relay","speedl","1660","guest","operator","0.5432634032015946","0.23845665583518524","0.04581304886971885","2.9228548429752084","-1.0642788709263584","-0.07944553601838307","{""type"":""speedl"",""xd"":[0.011622439797693196,-0.021562684734002323,0,0,0,0],""a"":1,""t"":0.08,""seq"":1660,""ts"":1779197001874}"
"2026-05-19T13:23:21.900Z","1779197001900","remote_relay","speedl","1661","guest","operator","0.5445750392632244","0.2360563484868457","0.04582095696100613","2.9228597974591555","-1.0644721125366337","-0.07938615374884882","{""type"":""speedl"",""xd"":[0.011622439797693196,-0.021562684734002323,0,0,0,0],""a"":1,""t"":0.08,""seq"":1661,""ts"":1779197001895}"
"2026-05-19T13:23:21.918Z","1779197001918","remote_relay","speedl","1662","guest","operator","0.5445750392632244","0.2360563484868457","0.04582095696100613","2.9228597974591555","-1.0644721125366337","-0.07938615374884882","{""type"":""speedl"",""xd"":[0.011622439797693196,-0.021562684734002323,0,0,0,0],""a"":1,""t"":0.08,""seq"":1662,""ts"":1779197001914}"
"2026-05-19T13:23:21.939Z","1779197001939","remote_relay","speedl","1663","guest","operator","0.5445750392632244","0.2360563484868457","0.04582095696100613","2.9228597974591555","-1.0644721125366337","-0.07938615374884882","{""type"":""speedl"",""xd"":[0.011622439797693196,-0.021562684734002323,0,0,0,0],""a"":1,""t"":0.08,""seq"":1663,""ts"":1779197001934}"
"2026-05-19T13:23:21.959Z","1779197001959","remote_relay","speedl","1664","guest","operator","0.5445750392632244","0.2360563484868457","0.04582095696100613","2.9228597974591555","-1.0644721125366337","-0.07938615374884882","{""type"":""speedl"",""xd"":[0.011622439797693196,-0.021562684734002323,0,0,0,0],""a"":1,""t"":0.08,""seq"":1664,""ts"":1779197001954}"
"2026-05-19T13:23:21.978Z","1779197001978","remote_relay","speedl","1665","guest","operator","0.5445750392632244","0.2360563484868457","0.04582095696100613","2.9228597974591555","-1.0644721125366337","-0.07938615374884882","{""type"":""speedl"",""xd"":[0.011622439797693196,-0.021562684734002323,0,0,0,0],""a"":1,""t"":0.08,""seq"":1665,""ts"":1779197001974}"
"2026-05-19T13:23:21.999Z","1779197001999","remote_relay","speedl","1666","guest","operator","0.5457292240640406","0.23385244635679858","0.04576349437812377","2.922825613861626","-1.0642853268204566","-0.0794981388526249","{""type"":""speedl"",""xd"":[0.011622439797693196,-0.021562684734002323,0,0,0,0],""a"":1,""t"":0.08,""seq"":1666,""ts"":1779197001995}"
"2026-05-19T13:23:22.018Z","1779197002018","remote_relay","speedl","1667","guest","operator","0.5457292240640406","0.23385244635679858","0.04576349437812377","2.922825613861626","-1.0642853268204566","-0.0794981388526249","{""type"":""speedl"",""xd"":[0.011622439797693196,-0.021562684734002323,0,0,0,0],""a"":1,""t"":0.08,""seq"":1667,""ts"":1779197002014}"
"2026-05-19T13:23:22.040Z","1779197002040","remote_relay","speedl","1668","guest","operator","0.5457292240640406","0.23385244635679858","0.04576349437812377","2.922825613861626","-1.0642853268204566","-0.0794981388526249","{""type"":""speedl"",""xd"":[0.011622439797693196,-0.021562684734002323,0,0,0,0],""a"":1,""t"":0.08,""seq"":1668,""ts"":1779197002034}"
"2026-05-19T13:23:22.060Z","1779197002060","remote_relay","speedl","1669","guest","operator","0.5457292240640406","0.23385244635679858","0.04576349437812377","2.922825613861626","-1.0642853268204566","-0.0794981388526249","{""type"":""speedl"",""xd"":[0.011622439797693196,-0.021562684734002323,0,0,0,0],""a"":1,""t"":0.08,""seq"":1669,""ts"":1779197002056}"
"2026-05-19T13:23:22.078Z","1779197002078","remote_relay","speedl","1670","guest","operator","0.5457292240640406","0.23385244635679858","0.04576349437812377","2.922825613861626","-1.0642853268204566","-0.0794981388526249","{""type"":""speedl"",""xd"":[0.011622439797693196,-0.021562684734002323,0,0,0,0],""a"":1,""t"":0.08,""seq"":1670,""ts"":1779197002074}"
"2026-05-19T13:23:22.098Z","1779197002098","remote_relay","speedl","1671","guest","operator","0.5468975744532896","0.23184009745003625","0.04583148485612629","2.922943643406845","-1.0642954575695092","-0.07933163860333964","{""type"":""speedl"",""xd"":[0.011622439797693196,-0.021562684734002323,0,0,0,0],""a"":1,""t"":0.08,""seq"":1671,""ts"":1779197002094}"
"2026-05-19T13:23:22.118Z","1779197002118","remote_relay","speedl","1672","guest","operator","0.5468975744532896","0.23184009745003625","0.04583148485612629","2.922943643406845","-1.0642954575695092","-0.07933163860333964","{""type"":""speedl"",""xd"":[0.011622439797693196,-0.021562684734002323,0,0,0,0],""a"":1,""t"":0.08,""seq"":1672,""ts"":1779197002114}"
"2026-05-19T13:23:22.139Z","1779197002139","remote_relay","speedl","1673","guest","operator","0.5468975744532896","0.23184009745003625","0.04583148485612629","2.922943643406845","-1.0642954575695092","-0.07933163860333964","{""type"":""speedl"",""xd"":[0.011622439797693196,-0.021562684734002323,0,0,0,0],""a"":1,""t"":0.08,""seq"":1673,""ts"":1779197002134}"
"2026-05-19T13:23:22.170Z","1779197002170","remote_relay","speedl_stop","1674","guest","operator","0.5468975744532896","0.23184009745003625","0.04583148485612629","2.922943643406845","-1.0642954575695092","-0.07933163860333964","{""type"":""speedl_stop"",""seq"":1674,""ts"":1779197002156}"
"2026-05-19T13:23:22.170Z","1779197002170","remote_relay","speedl_stop","1675","guest","operator","0.5468975744532896","0.23184009745003625","0.04583148485612629","2.922943643406845","-1.0642954575695092","-0.07933163860333964","{""type"":""speedl_stop"",""seq"":1675,""ts"":1779197002156}"
"2026-05-19T13:23:22.170Z","1779197002170","remote_relay","speedl_stop","1676","guest","operator","0.5468975744532896","0.23184009745003625","0.04583148485612629","2.922943643406845","-1.0642954575695092","-0.07933163860333964","{""type"":""speedl_stop"",""seq"":1676,""ts"":1779197002158}"
"2026-05-19T13:23:23.744Z","1779197003744","remote_relay","speedl_stop","1677","guest","operator","0.5480671881823278","0.2295624728347377","0.04580073974423343","2.922925946264687","-1.0642356038169853","-0.07944274287659106","{""type"":""speedl_stop"",""seq"":1677,""ts"":1779197003744}"
"2026-05-19T13:23:23.763Z","1779197003763","remote_relay","speedl_stop","1678","guest","operator","0.5480671881823278","0.2295624728347377","0.04580073974423343","2.922925946264687","-1.0642356038169853","-0.07944274287659106","{""type"":""speedl_stop"",""seq"":1678,""ts"":1779197003763}"
"2026-05-19T13:23:23.824Z","1779197003824","remote_relay","speedl","1679","guest","operator","0.5480671881823278","0.2295624728347377","0.04580073974423343","2.922925946264687","-1.0642356038169853","-0.07944274287659106","{""type"":""speedl"",""xd"":[0.00020768467960587014,-0.0000748956641323597,0,0,0,0],""a"":1,""t"":0.08,""seq"":1679,""ts"":1779197003824}"
"2026-05-19T13:23:23.849Z","1779197003849","remote_relay","speedl","1680","guest","operator","0.5480671881823278","0.2295624728347377","0.04580073974423343","2.922925946264687","-1.0642356038169853","-0.07944274287659106","{""type"":""speedl"",""xd"":[0.002102396707341585,-0.0010363651448337774,0,0,0,0],""a"":1,""t"":0.08,""seq"":1680,""ts"":1779197003844}"
"2026-05-19T13:23:23.869Z","1779197003869","remote_relay","speedl","1681","guest","operator","0.5480671881823278","0.2295624728347377","0.04580073974423343","2.922925946264687","-1.0642356038169853","-0.07944274287659106","{""type"":""speedl"",""xd"":[0.007644588779806394,-0.003402242874802279,0,0,0,0],""a"":1,""t"":0.08,""seq"":1681,""ts"":1779197003865}"
"2026-05-19T13:23:23.888Z","1779197003888","remote_relay","speedl","1682","guest","operator","0.5480671881823278","0.2295624728347377","0.04580073974423343","2.922925946264687","-1.0642356038169853","-0.07944274287659106","{""type"":""speedl"",""xd"":[0.014922913872136666,-0.005824748643859187,0,0,0,0],""a"":1,""t"":0.08,""seq"":1682,""ts"":1779197003884}"
"2026-05-19T13:23:23.909Z","1779197003909","remote_relay","speedl","1683","guest","operator","0.5480671881823278","0.2295624728347377","0.04580073974423343","2.922925946264687","-1.0642356038169853","-0.07944274287659106","{""type"":""speedl"",""xd"":[0.025777669888878894,-0.009188190650193865,0,0,0,0],""a"":1,""t"":0.08,""seq"":1683,""ts"":1779197003904}"
"2026-05-19T13:23:23.929Z","1779197003929","remote_relay","speedl","1684","guest","operator","0.5480671881823278","0.2295624728347377","0.04580073974423343","2.922925946264687","-1.0642356038169853","-0.07944274287659106","{""type"":""speedl"",""xd"":[0.048343673161544844,-0.015403309739414967,0,0,0,0],""a"":1,""t"":0.08,""seq"":1684,""ts"":1779197003924}"
"2026-05-19T13:23:23.948Z","1779197003948","remote_relay","speedl","1685","guest","operator","0.5480671881823278","0.2295624728347377","0.04580073974423343","2.922925946264687","-1.0642356038169853","-0.07944274287659106","{""type"":""speedl"",""xd"":[0.048343673161544844,-0.017304234274637727,0,0,0,0],""a"":1,""t"":0.08,""seq"":1685,""ts"":1779197003944}"
"2026-05-19T13:23:23.968Z","1779197003968","remote_relay","speedl","1686","guest","operator","0.5480671881823278","0.2295624728347377","0.04580073974423343","2.922925946264687","-1.0642356038169853","-0.07944274287659106","{""type"":""speedl"",""xd"":[0.048343673161544844,-0.017304234274637727,0,0,0,0],""a"":1,""t"":0.08,""seq"":1686,""ts"":1779197003964}"
"2026-05-19T13:23:23.993Z","1779197003993","remote_relay","speedl","1687","guest","operator","0.5480671881823278","0.2295624728347377","0.04580073974423343","2.922925946264687","-1.0642356038169853","-0.07944274287659106","{""type"":""speedl"",""xd"":[0.05236834642507778,-0.017304234274637727,0,0,0,0],""a"":1,""t"":0.08,""seq"":1687,""ts"":1779197003984}"
"2026-05-19T13:23:24.008Z","1779197004008","remote_relay","speedl","1688","guest","operator","0.5480671881823278","0.2295624728347377","0.04580073974423343","2.922925946264687","-1.0642356038169853","-0.07944274287659106","{""type"":""speedl"",""xd"":[0.05236834642507778,-0.01935545319314695,0,0,0,0],""a"":1,""t"":0.08,""seq"":1688,""ts"":1779197004003}"
"2026-05-19T13:23:24.029Z","1779197004029","remote_relay","speedl","1689","guest","operator","0.5480671881823278","0.2295624728347377","0.04580073974423343","2.922925946264687","-1.0642356038169853","-0.07944274287659106","{""type"":""speedl"",""xd"":[0.05236834642507778,-0.01935545319314695,0,0,0,0],""a"":1,""t"":0.08,""seq"":1689,""ts"":1779197004024}"
"2026-05-19T13:23:24.047Z","1779197004047","remote_relay","speedl","1690","guest","operator","0.5480671881823278","0.2295624728347377","0.04580073974423343","2.922925946264687","-1.0642356038169853","-0.07944274287659106","{""type"":""speedl"",""xd"":[0.05236834642507778,-0.01935545319314695,0,0,0,0],""a"":1,""t"":0.08,""seq"":1690,""ts"":1779197004043}"
"2026-05-19T13:23:24.068Z","1779197004068","remote_relay","speedl","1691","guest","operator","0.5480671881823278","0.2295624728347377","0.04580073974423343","2.922925946264687","-1.0642356038169853","-0.07944274287659106","{""type"":""speedl"",""xd"":[0.05236834642507778,-0.01935545319314695,0,0,0,0],""a"":1,""t"":0.08,""seq"":1691,""ts"":1779197004064}"
"2026-05-19T13:23:24.091Z","1779197004091","remote_relay","speedl","1692","guest","operator","0.5480671881823278","0.2295624728347377","0.04580073974423343","2.922925946264687","-1.0642356038169853","-0.07944274287659106","{""type"":""speedl"",""xd"":[0.05236834642507778,-0.01935545319314695,0,0,0,0],""a"":1,""t"":0.08,""seq"":1692,""ts"":1779197004085}"
"2026-05-19T13:23:24.108Z","1779197004108","remote_relay","speedl","1693","guest","operator","0.5480671881823278","0.2295624728347377","0.04580073974423343","2.922925946264687","-1.0642356038169853","-0.07944274287659106","{""type"":""speedl"",""xd"":[0.05236834642507778,-0.01935545319314695,0,0,0,0],""a"":1,""t"":0.08,""seq"":1693,""ts"":1779197004104}"
"2026-05-19T13:23:24.129Z","1779197004129","remote_relay","speedl","1694","guest","operator","0.5480671881823278","0.2295624728347377","0.04580073974423343","2.922925946264687","-1.0642356038169853","-0.07944274287659106","{""type"":""speedl"",""xd"":[0.05236834642507778,-0.01935545319314695,0,0,0,0],""a"":1,""t"":0.08,""seq"":1694,""ts"":1779197004124}"
"2026-05-19T13:23:24.149Z","1779197004149","remote_relay","speedl","1695","guest","operator","0.5480671881823278","0.2295624728347377","0.04580073974423343","2.922925946264687","-1.0642356038169853","-0.07944274287659106","{""type"":""speedl"",""xd"":[0.05236834642507778,-0.01935545319314695,0,0,0,0],""a"":1,""t"":0.08,""seq"":1695,""ts"":1779197004144}"
"2026-05-19T13:23:24.167Z","1779197004167","remote_relay","speedl","1696","guest","operator","0.5480671881823278","0.2295624728347377","0.04580073974423343","2.922925946264687","-1.0642356038169853","-0.07944274287659106","{""type"":""speedl"",""xd"":[0.05236834642507778,-0.01935545319314695,0,0,0,0],""a"":1,""t"":0.08,""seq"":1696,""ts"":1779197004163}"
"2026-05-19T13:23:24.188Z","1779197004188","remote_relay","speedl","1697","guest","operator","0.5480671881823278","0.2295624728347377","0.04580073974423343","2.922925946264687","-1.0642356038169853","-0.07944274287659106","{""type"":""speedl"",""xd"":[0.05236834642507778,-0.01935545319314695,0,0,0,0],""a"":1,""t"":0.08,""seq"":1697,""ts"":1779197004184}"
"2026-05-19T13:23:24.208Z","1779197004208","remote_relay","speedl","1698","guest","operator","0.5480671881823278","0.2295624728347377","0.04580073974423343","2.922925946264687","-1.0642356038169853","-0.07944274287659106","{""type"":""speedl"",""xd"":[0.05236834642507778,-0.01935545319314695,0,0,0,0],""a"":1,""t"":0.08,""seq"":1698,""ts"":1779197004203}"
"2026-05-19T13:23:24.230Z","1779197004230","remote_relay","speedl","1699","guest","operator","0.5480671881823278","0.2295624728347377","0.04580073974423343","2.922925946264687","-1.0642356038169853","-0.07944274287659106","{""type"":""speedl"",""xd"":[0.05236834642507778,-0.01935545319314695,0,0,0,0],""a"":1,""t"":0.08,""seq"":1699,""ts"":1779197004225}"
"2026-05-19T13:23:24.248Z","1779197004248","remote_relay","speedl","1700","guest","operator","0.5480671881823278","0.2295624728347377","0.04580073974423343","2.922925946264687","-1.0642356038169853","-0.07944274287659106","{""type"":""speedl"",""xd"":[0.05236834642507778,-0.01935545319314695,0,0,0,0],""a"":1,""t"":0.08,""seq"":1700,""ts"":1779197004243}"
"2026-05-19T13:23:24.269Z","1779197004269","remote_relay","speedl","1701","guest","operator","0.5480671881823278","0.2295624728347377","0.04580073974423343","2.922925946264687","-1.0642356038169853","-0.07944274287659106","{""type"":""speedl"",""xd"":[0.05236834642507778,-0.01935545319314695,0,0,0,0],""a"":1,""t"":0.08,""seq"":1701,""ts"":1779197004264}"
"2026-05-19T13:23:24.287Z","1779197004287","remote_relay","speedl","1702","guest","operator","0.5480671881823278","0.2295624728347377","0.04580073974423343","2.922925946264687","-1.0642356038169853","-0.07944274287659106","{""type"":""speedl"",""xd"":[0.048343673161544844,-0.01935545319314695,0,0,0,0],""a"":1,""t"":0.08,""seq"":1702,""ts"":1779197004283}"
"2026-05-19T13:23:24.308Z","1779197004308","remote_relay","speedl","1703","guest","operator","0.5480671881823278","0.2295624728347377","0.04580073974423343","2.922925946264687","-1.0642356038169853","-0.07944274287659106","{""type"":""speedl"",""xd"":[0.04453067600370512,-0.021562684734002323,0,0,0,0],""a"":1,""t"":0.08,""seq"":1703,""ts"":1779197004303}"
"2026-05-19T13:23:24.330Z","1779197004330","remote_relay","speedl","1704","guest","operator","0.5480671881823278","0.2295624728347377","0.04580073974423343","2.922925946264687","-1.0642356038169853","-0.07944274287659106","{""type"":""speedl"",""xd"":[0.04453067600370512,-0.021562684734002323,0,0,0,0],""a"":1,""t"":0.08,""seq"":1704,""ts"":1779197004325}"
"2026-05-19T13:23:24.348Z","1779197004348","remote_relay","speedl","1705","guest","operator","0.5480671881823278","0.2295624728347377","0.04580073974423343","2.922925946264687","-1.0642356038169853","-0.07944274287659106","{""type"":""speedl"",""xd"":[0.04453067600370512,-0.021562684734002323,0,0,0,0],""a"":1,""t"":0.08,""seq"":1705,""ts"":1779197004343}"
"2026-05-19T13:23:24.368Z","1779197004368","remote_relay","speedl","1706","guest","operator","0.5480671881823278","0.2295624728347377","0.04580073974423343","2.922925946264687","-1.0642356038169853","-0.07944274287659106","{""type"":""speedl"",""xd"":[0.04453067600370512,-0.021562684734002323,0,0,0,0],""a"":1,""t"":0.08,""seq"":1706,""ts"":1779197004364}"
"2026-05-19T13:23:24.388Z","1779197004388","remote_relay","speedl","1707","guest","operator","0.5480671881823278","0.2295624728347377","0.04580073974423343","2.922925946264687","-1.0642356038169853","-0.07944274287659106","{""type"":""speedl"",""xd"":[0.04453067600370512,-0.021562684734002323,0,0,0,0],""a"":1,""t"":0.08,""seq"":1707,""ts"":1779197004384}"
"2026-05-19T13:23:24.408Z","1779197004408","remote_relay","speedl","1708","guest","operator","0.5480671881823278","0.2295624728347377","0.04580073974423343","2.922925946264687","-1.0642356038169853","-0.07944274287659106","{""type"":""speedl"",""xd"":[0.04453067600370512,-0.021562684734002323,0,0,0,0],""a"":1,""t"":0.08,""seq"":1708,""ts"":1779197004404}"
"2026-05-19T13:23:24.429Z","1779197004429","remote_relay","speedl","1709","guest","operator","0.5480671881823278","0.2295624728347377","0.04580073974423343","2.922925946264687","-1.0642356038169853","-0.07944274287659106","{""type"":""speedl"",""xd"":[0.04453067600370512,-0.021562684734002323,0,0,0,0],""a"":1,""t"":0.08,""seq"":1709,""ts"":1779197004425}"
"2026-05-19T13:23:24.448Z","1779197004448","remote_relay","speedl","1710","guest","operator","0.5480671881823278","0.2295624728347377","0.04580073974423343","2.922925946264687","-1.0642356038169853","-0.07944274287659106","{""type"":""speedl"",""xd"":[0.04453067600370512,-0.021562684734002323,0,0,0,0],""a"":1,""t"":0.08,""seq"":1710,""ts"":1779197004443}"
"2026-05-19T13:23:24.468Z","1779197004468","remote_relay","speedl","1711","guest","operator","0.5480671881823278","0.2295624728347377","0.04580073974423343","2.922925946264687","-1.0642356038169853","-0.07944274287659106","{""type"":""speedl"",""xd"":[0.04453067600370512,-0.021562684734002323,0,0,0,0],""a"":1,""t"":0.08,""seq"":1711,""ts"":1779197004464}"
"2026-05-19T13:23:24.491Z","1779197004491","remote_relay","speedl","1712","guest","operator","0.5480671881823278","0.2295624728347377","0.04580073974423343","2.922925946264687","-1.0642356038169853","-0.07944274287659106","{""type"":""speedl"",""xd"":[0.04453067600370512,-0.021562684734002323,0,0,0,0],""a"":1,""t"":0.08,""seq"":1712,""ts"":1779197004485}"
"2026-05-19T13:23:24.509Z","1779197004509","remote_relay","speedl","1713","guest","operator","0.5480671881823278","0.2295624728347377","0.04580073974423343","2.922925946264687","-1.0642356038169853","-0.07944274287659106","{""type"":""speedl"",""xd"":[0.04453067600370512,-0.021562684734002323,0,0,0,0],""a"":1,""t"":0.08,""seq"":1713,""ts"":1779197004504}"
"2026-05-19T13:23:24.530Z","1779197004530","remote_relay","speedl","1714","guest","operator","0.5480671881823278","0.2295624728347377","0.04580073974423343","2.922925946264687","-1.0642356038169853","-0.07944274287659106","{""type"":""speedl"",""xd"":[0.04453067600370512,-0.021562684734002323,0,0,0,0],""a"":1,""t"":0.08,""seq"":1714,""ts"":1779197004525}"
"2026-05-19T13:23:24.548Z","1779197004548","remote_relay","speedl","1715","guest","operator","0.5480671881823278","0.2295624728347377","0.04580073974423343","2.922925946264687","-1.0642356038169853","-0.07944274287659106","{""type"":""speedl"",""xd"":[0.04453067600370512,-0.021562684734002323,0,0,0,0],""a"":1,""t"":0.08,""seq"":1715,""ts"":1779197004544}"
"2026-05-19T13:23:24.568Z","1779197004568","remote_relay","speedl","1716","guest","operator","0.5480671881823278","0.2295624728347377","0.04580073974423343","2.922925946264687","-1.0642356038169853","-0.07944274287659106","{""type"":""speedl"",""xd"":[0.04453067600370512,-0.021562684734002323,0,0,0,0],""a"":1,""t"":0.08,""seq"":1716,""ts"":1779197004564}"
"2026-05-19T13:23:24.588Z","1779197004588","remote_relay","speedl","1717","guest","operator","0.5480671881823278","0.2295624728347377","0.04580073974423343","2.922925946264687","-1.0642356038169853","-0.07944274287659106","{""type"":""speedl"",""xd"":[0.04453067600370512,-0.021562684734002323,0,0,0,0],""a"":1,""t"":0.08,""seq"":1717,""ts"":1779197004583}"
"2026-05-19T13:23:24.609Z","1779197004609","remote_relay","speedl","1718","guest","operator","0.5480671881823278","0.2295624728347377","0.04580073974423343","2.922925946264687","-1.0642356038169853","-0.07944274287659106","{""type"":""speedl"",""xd"":[0.04453067600370512,-0.021562684734002323,0,0,0,0],""a"":1,""t"":0.08,""seq"":1718,""ts"":1779197004604}"
"2026-05-19T13:23:24.630Z","1779197004630","remote_relay","speedl","1719","guest","operator","0.5480671881823278","0.2295624728347377","0.04580073974423343","2.922925946264687","-1.0642356038169853","-0.07944274287659106","{""type"":""speedl"",""xd"":[0.04453067600370512,-0.021562684734002323,0,0,0,0],""a"":1,""t"":0.08,""seq"":1719,""ts"":1779197004625}"
"2026-05-19T13:23:24.647Z","1779197004647","remote_relay","speedl","1720","guest","operator","0.5480671881823278","0.2295624728347377","0.04580073974423343","2.922925946264687","-1.0642356038169853","-0.07944274287659106","{""type"":""speedl"",""xd"":[0.04453067600370512,-0.021562684734002323,0,0,0,0],""a"":1,""t"":0.08,""seq"":1720,""ts"":1779197004643}"
"2026-05-19T13:23:24.668Z","1779197004668","remote_relay","speedl","1721","guest","operator","0.5480671881823278","0.2295624728347377","0.04580073974423343","2.922925946264687","-1.0642356038169853","-0.07944274287659106","{""type"":""speedl"",""xd"":[0.04453067600370512,-0.021562684734002323,0,0,0,0],""a"":1,""t"":0.08,""seq"":1721,""ts"":1779197004664}"
"2026-05-19T13:23:24.688Z","1779197004688","remote_relay","speedl","1722","guest","operator","0.5480671881823278","0.2295624728347377","0.04580073974423343","2.922925946264687","-1.0642356038169853","-0.07944274287659106","{""type"":""speedl"",""xd"":[0.04453067600370512,-0.021562684734002323,0,0,0,0],""a"":1,""t"":0.08,""seq"":1722,""ts"":1779197004683}"
"2026-05-19T13:23:24.709Z","1779197004709","remote_relay","speedl","1723","guest","operator","0.5480671881823278","0.2295624728347377","0.04580073974423343","2.922925946264687","-1.0642356038169853","-0.07944274287659106","{""type"":""speedl"",""xd"":[0.04453067600370512,-0.021562684734002323,0,0,0,0],""a"":1,""t"":0.08,""seq"":1723,""ts"":1779197004704}"
"2026-05-19T13:23:24.728Z","1779197004728","remote_relay","speedl","1724","guest","operator","0.5480671881823278","0.2295624728347377","0.04580073974423343","2.922925946264687","-1.0642356038169853","-0.07944274287659106","{""type"":""speedl"",""xd"":[0.04453067600370512,-0.021562684734002323,0,0,0,0],""a"":1,""t"":0.08,""seq"":1724,""ts"":1779197004724}"
"2026-05-19T13:23:24.748Z","1779197004748","remote_relay","speedl","1725","guest","operator","0.5480671881823278","0.2295624728347377","0.04580073974423343","2.922925946264687","-1.0642356038169853","-0.07944274287659106","{""type"":""speedl"",""xd"":[0.04453067600370512,-0.021562684734002323,0,0,0,0],""a"":1,""t"":0.08,""seq"":1725,""ts"":1779197004744}"
"2026-05-19T13:23:24.768Z","1779197004768","remote_relay","speedl","1726","guest","operator","0.5480671881823278","0.2295624728347377","0.04580073974423343","2.922925946264687","-1.0642356038169853","-0.07944274287659106","{""type"":""speedl"",""xd"":[0.04453067600370512,-0.021562684734002323,0,0,0,0],""a"":1,""t"":0.08,""seq"":1726,""ts"":1779197004764}"
"2026-05-19T13:23:24.789Z","1779197004789","remote_relay","speedl","1727","guest","operator","0.5480671881823278","0.2295624728347377","0.04580073974423343","2.922925946264687","-1.0642356038169853","-0.07944274287659106","{""type"":""speedl"",""xd"":[0.04453067600370512,-0.021562684734002323,0,0,0,0],""a"":1,""t"":0.08,""seq"":1727,""ts"":1779197004785}"
"2026-05-19T13:23:24.808Z","1779197004808","remote_relay","speedl","1728","guest","operator","0.5480671881823278","0.2295624728347377","0.04580073974423343","2.922925946264687","-1.0642356038169853","-0.07944274287659106","{""type"":""speedl"",""xd"":[0.04453067600370512,-0.021562684734002323,0,0,0,0],""a"":1,""t"":0.08,""seq"":1728,""ts"":1779197004804}"
"2026-05-19T13:23:24.828Z","1779197004828","remote_relay","speedl","1729","guest","operator","0.5480671881823278","0.2295624728347377","0.04580073974423343","2.922925946264687","-1.0642356038169853","-0.07944274287659106","{""type"":""speedl"",""xd"":[0.04453067600370512,-0.021562684734002323,0,0,0,0],""a"":1,""t"":0.08,""seq"":1729,""ts"":1779197004823}"
"2026-05-19T13:23:24.848Z","1779197004848","remote_relay","speedl","1730","guest","operator","0.5480671881823278","0.2295624728347377","0.04580073974423343","2.922925946264687","-1.0642356038169853","-0.07944274287659106","{""type"":""speedl"",""xd"":[0.04453067600370512,-0.021562684734002323,0,0,0,0],""a"":1,""t"":0.08,""seq"":1730,""ts"":1779197004844}"
"2026-05-19T13:23:24.868Z","1779197004868","remote_relay","speedl","1731","guest","operator","0.5480671881823278","0.2295624728347377","0.04580073974423343","2.922925946264687","-1.0642356038169853","-0.07944274287659106","{""type"":""speedl"",""xd"":[0.04453067600370512,-0.021562684734002323,0,0,0,0],""a"":1,""t"":0.08,""seq"":1731,""ts"":1779197004864}"
"2026-05-19T13:23:24.888Z","1779197004888","remote_relay","speedl","1732","guest","operator","0.5480671881823278","0.2295624728347377","0.04580073974423343","2.922925946264687","-1.0642356038169853","-0.07944274287659106","{""type"":""speedl"",""xd"":[0.04453067600370512,-0.021562684734002323,0,0,0,0],""a"":1,""t"":0.08,""seq"":1732,""ts"":1779197004884}"
"2026-05-19T13:23:24.909Z","1779197004909","remote_relay","speedl","1733","guest","operator","0.5480671881823278","0.2295624728347377","0.04580073974423343","2.922925946264687","-1.0642356038169853","-0.07944274287659106","{""type"":""speedl"",""xd"":[0.04453067600370512,-0.021562684734002323,0,0,0,0],""a"":1,""t"":0.08,""seq"":1733,""ts"":1779197004905}"
"2026-05-19T13:23:24.928Z","1779197004928","remote_relay","speedl","1734","guest","operator","0.5480671881823278","0.2295624728347377","0.04580073974423343","2.922925946264687","-1.0642356038169853","-0.07944274287659106","{""type"":""speedl"",""xd"":[0.04453067600370512,-0.021562684734002323,0,0,0,0],""a"":1,""t"":0.08,""seq"":1734,""ts"":1779197004923}"
"2026-05-19T13:23:24.948Z","1779197004948","remote_relay","speedl","1735","guest","operator","0.5480671881823278","0.2295624728347377","0.04580073974423343","2.922925946264687","-1.0642356038169853","-0.07944274287659106","{""type"":""speedl"",""xd"":[0.04453067600370512,-0.021562684734002323,0,0,0,0],""a"":1,""t"":0.08,""seq"":1735,""ts"":1779197004944}"
"2026-05-19T13:23:24.968Z","1779197004968","remote_relay","speedl","1736","guest","operator","0.5480671881823278","0.2295624728347377","0.04580073974423343","2.922925946264687","-1.0642356038169853","-0.07944274287659106","{""type"":""speedl"",""xd"":[0.04453067600370512,-0.021562684734002323,0,0,0,0],""a"":1,""t"":0.08,""seq"":1736,""ts"":1779197004964}"
"2026-05-19T13:23:24.988Z","1779197004988","remote_relay","speedl","1737","guest","operator","0.5480671881823278","0.2295624728347377","0.04580073974423343","2.922925946264687","-1.0642356038169853","-0.07944274287659106","{""type"":""speedl"",""xd"":[0.04453067600370512,-0.021562684734002323,0,0,0,0],""a"":1,""t"":0.08,""seq"":1737,""ts"":1779197004983}"
"2026-05-19T13:23:25.009Z","1779197005009","remote_relay","speedl","1738","guest","operator","0.5480671881823278","0.2295624728347377","0.04580073974423343","2.922925946264687","-1.0642356038169853","-0.07944274287659106","{""type"":""speedl"",""xd"":[0.04453067600370512,-0.021562684734002323,0,0,0,0],""a"":1,""t"":0.08,""seq"":1738,""ts"":1779197005004}"
"2026-05-19T13:23:25.030Z","1779197005030","remote_relay","speedl","1739","guest","operator","0.5480671881823278","0.2295624728347377","0.04580073974423343","2.922925946264687","-1.0642356038169853","-0.07944274287659106","{""type"":""speedl"",""xd"":[0.04453067600370512,-0.021562684734002323,0,0,0,0],""a"":1,""t"":0.08,""seq"":1739,""ts"":1779197005025}"
"2026-05-19T13:23:25.048Z","1779197005048","remote_relay","speedl","1740","guest","operator","0.5480671881823278","0.2295624728347377","0.04580073974423343","2.922925946264687","-1.0642356038169853","-0.07944274287659106","{""type"":""speedl"",""xd"":[0.04453067600370512,-0.021562684734002323,0,0,0,0],""a"":1,""t"":0.08,""seq"":1740,""ts"":1779197005044}"
"2026-05-19T13:23:25.068Z","1779197005068","remote_relay","speedl","1741","guest","operator","0.5480671881823278","0.2295624728347377","0.04580073974423343","2.922925946264687","-1.0642356038169853","-0.07944274287659106","{""type"":""speedl"",""xd"":[0.04453067600370512,-0.021562684734002323,0,0,0,0],""a"":1,""t"":0.08,""seq"":1741,""ts"":1779197005064}"
"2026-05-19T13:23:25.088Z","1779197005088","remote_relay","speedl","1742","guest","operator","0.5480671881823278","0.2295624728347377","0.04580073974423343","2.922925946264687","-1.0642356038169853","-0.07944274287659106","{""type"":""speedl"",""xd"":[0.04453067600370512,-0.021562684734002323,0,0,0,0],""a"":1,""t"":0.08,""seq"":1742,""ts"":1779197005083}"
"2026-05-19T13:23:25.109Z","1779197005109","remote_relay","speedl","1743","guest","operator","0.5480671881823278","0.2295624728347377","0.04580073974423343","2.922925946264687","-1.0642356038169853","-0.07944274287659106","{""type"":""speedl"",""xd"":[0.04453067600370512,-0.021562684734002323,0,0,0,0],""a"":1,""t"":0.08,""seq"":1743,""ts"":1779197005103}"
"2026-05-19T13:23:25.128Z","1779197005128","remote_relay","speedl","1744","guest","operator","0.5480671881823278","0.2295624728347377","0.04580073974423343","2.922925946264687","-1.0642356038169853","-0.07944274287659106","{""type"":""speedl"",""xd"":[0.04453067600370512,-0.021562684734002323,0,0,0,0],""a"":1,""t"":0.08,""seq"":1744,""ts"":1779197005124}"
"2026-05-19T13:23:25.148Z","1779197005148","remote_relay","speedl","1745","guest","operator","0.5480671881823278","0.2295624728347377","0.04580073974423343","2.922925946264687","-1.0642356038169853","-0.07944274287659106","{""type"":""speedl"",""xd"":[0.04453067600370512,-0.021562684734002323,0,0,0,0],""a"":1,""t"":0.08,""seq"":1745,""ts"":1779197005143}"
"2026-05-19T13:23:25.168Z","1779197005168","remote_relay","speedl","1746","guest","operator","0.5480671881823278","0.2295624728347377","0.04580073974423343","2.922925946264687","-1.0642356038169853","-0.07944274287659106","{""type"":""speedl"",""xd"":[0.04453067600370512,-0.021562684734002323,0,0,0,0],""a"":1,""t"":0.08,""seq"":1746,""ts"":1779197005164}"
"2026-05-19T13:23:25.189Z","1779197005189","remote_relay","speedl","1747","guest","operator","0.5480671881823278","0.2295624728347377","0.04580073974423343","2.922925946264687","-1.0642356038169853","-0.07944274287659106","{""type"":""speedl"",""xd"":[0.04453067600370512,-0.021562684734002323,0,0,0,0],""a"":1,""t"":0.08,""seq"":1747,""ts"":1779197005184}"
"2026-05-19T13:23:25.209Z","1779197005209","remote_relay","speedl","1748","guest","operator","0.5480671881823278","0.2295624728347377","0.04580073974423343","2.922925946264687","-1.0642356038169853","-0.07944274287659106","{""type"":""speedl"",""xd"":[0.04453067600370512,-0.021562684734002323,0,0,0,0],""a"":1,""t"":0.08,""seq"":1748,""ts"":1779197005203}"
"2026-05-19T13:23:25.230Z","1779197005230","remote_relay","speedl","1749","guest","operator","0.5480671881823278","0.2295624728347377","0.04580073974423343","2.922925946264687","-1.0642356038169853","-0.07944274287659106","{""type"":""speedl"",""xd"":[0.04453067600370512,-0.021562684734002323,0,0,0,0],""a"":1,""t"":0.08,""seq"":1749,""ts"":1779197005226}"
"2026-05-19T13:23:25.248Z","1779197005248","remote_relay","speedl","1750","guest","operator","0.5480671881823278","0.2295624728347377","0.04580073974423343","2.922925946264687","-1.0642356038169853","-0.07944274287659106","{""type"":""speedl"",""xd"":[0.04453067600370512,-0.021562684734002323,0,0,0,0],""a"":1,""t"":0.08,""seq"":1750,""ts"":1779197005244}"
"2026-05-19T13:23:25.269Z","1779197005269","remote_relay","speedl","1751","guest","operator","0.5480671881823278","0.2295624728347377","0.04580073974423343","2.922925946264687","-1.0642356038169853","-0.07944274287659106","{""type"":""speedl"",""xd"":[0.04453067600370512,-0.021562684734002323,0,0,0,0],""a"":1,""t"":0.08,""seq"":1751,""ts"":1779197005264}"
"2026-05-19T13:23:25.288Z","1779197005288","remote_relay","speedl","1752","guest","operator","0.5480671881823278","0.2295624728347377","0.04580073974423343","2.922925946264687","-1.0642356038169853","-0.07944274287659106","{""type"":""speedl"",""xd"":[0.04453067600370512,-0.021562684734002323,0,0,0,0],""a"":1,""t"":0.08,""seq"":1752,""ts"":1779197005284}"
"2026-05-19T13:23:25.309Z","1779197005309","remote_relay","speedl","1753","guest","operator","0.5480671881823278","0.2295624728347377","0.04580073974423343","2.922925946264687","-1.0642356038169853","-0.07944274287659106","{""type"":""speedl"",""xd"":[0.04453067600370512,-0.021562684734002323,0,0,0,0],""a"":1,""t"":0.08,""seq"":1753,""ts"":1779197005304}"
"2026-05-19T13:23:25.330Z","1779197005330","remote_relay","speedl","1754","guest","operator","0.5480671881823278","0.2295624728347377","0.04580073974423343","2.922925946264687","-1.0642356038169853","-0.07944274287659106","{""type"":""speedl"",""xd"":[0.04453067600370512,-0.021562684734002323,0,0,0,0],""a"":1,""t"":0.08,""seq"":1754,""ts"":1779197005326}"
"2026-05-19T13:23:25.348Z","1779197005348","remote_relay","speedl","1755","guest","operator","0.5480671881823278","0.2295624728347377","0.04580073974423343","2.922925946264687","-1.0642356038169853","-0.07944274287659106","{""type"":""speedl"",""xd"":[0.04453067600370512,-0.021562684734002323,0,0,0,0],""a"":1,""t"":0.08,""seq"":1755,""ts"":1779197005343}"
"2026-05-19T13:23:25.368Z","1779197005368","remote_relay","speedl","1756","guest","operator","0.5480671881823278","0.2295624728347377","0.04580073974423343","2.922925946264687","-1.0642356038169853","-0.07944274287659106","{""type"":""speedl"",""xd"":[0.04453067600370512,-0.021562684734002323,0,0,0,0],""a"":1,""t"":0.08,""seq"":1756,""ts"":1779197005364}"
"2026-05-19T13:23:25.389Z","1779197005389","remote_relay","speedl","1757","guest","operator","0.5480671881823278","0.2295624728347377","0.04580073974423343","2.922925946264687","-1.0642356038169853","-0.07944274287659106","{""type"":""speedl"",""xd"":[0.04453067600370512,-0.021562684734002323,0,0,0,0],""a"":1,""t"":0.08,""seq"":1757,""ts"":1779197005384}"
"2026-05-19T13:23:25.409Z","1779197005409","remote_relay","speedl","1758","guest","operator","0.5480671881823278","0.2295624728347377","0.04580073974423343","2.922925946264687","-1.0642356038169853","-0.07944274287659106","{""type"":""speedl"",""xd"":[0.04453067600370512,-0.021562684734002323,0,0,0,0],""a"":1,""t"":0.08,""seq"":1758,""ts"":1779197005403}"
"2026-05-19T13:23:25.429Z","1779197005429","remote_relay","speedl","1759","guest","operator","0.5480671881823278","0.2295624728347377","0.04580073974423343","2.922925946264687","-1.0642356038169853","-0.07944274287659106","{""type"":""speedl"",""xd"":[0.04453067600370512,-0.021562684734002323,0,0,0,0],""a"":1,""t"":0.08,""seq"":1759,""ts"":1779197005424}"
"2026-05-19T13:23:25.447Z","1779197005447","remote_relay","speedl","1760","guest","operator","0.5480671881823278","0.2295624728347377","0.04580073974423343","2.922925946264687","-1.0642356038169853","-0.07944274287659106","{""type"":""speedl"",""xd"":[0.04453067600370512,-0.021562684734002323,0,0,0,0],""a"":1,""t"":0.08,""seq"":1760,""ts"":1779197005443}"
"2026-05-19T13:23:25.468Z","1779197005468","remote_relay","speedl","1761","guest","operator","0.5480671881823278","0.2295624728347377","0.04580073974423343","2.922925946264687","-1.0642356038169853","-0.07944274287659106","{""type"":""speedl"",""xd"":[0.04453067600370512,-0.021562684734002323,0,0,0,0],""a"":1,""t"":0.08,""seq"":1761,""ts"":1779197005464}"
"2026-05-19T13:23:25.488Z","1779197005488","remote_relay","speedl","1762","guest","operator","0.5480671881823278","0.2295624728347377","0.04580073974423343","2.922925946264687","-1.0642356038169853","-0.07944274287659106","{""type"":""speedl"",""xd"":[0.04453067600370512,-0.021562684734002323,0,0,0,0],""a"":1,""t"":0.08,""seq"":1762,""ts"":1779197005483}"
"2026-05-19T13:23:25.509Z","1779197005509","remote_relay","speedl","1763","guest","operator","0.5480671881823278","0.2295624728347377","0.04580073974423343","2.922925946264687","-1.0642356038169853","-0.07944274287659106","{""type"":""speedl"",""xd"":[0.04453067600370512,-0.021562684734002323,0,0,0,0],""a"":1,""t"":0.08,""seq"":1763,""ts"":1779197005504}"
"2026-05-19T13:23:25.530Z","1779197005530","remote_relay","speedl","1764","guest","operator","0.5480671881823278","0.2295624728347377","0.04580073974423343","2.922925946264687","-1.0642356038169853","-0.07944274287659106","{""type"":""speedl"",""xd"":[0.04453067600370512,-0.021562684734002323,0,0,0,0],""a"":1,""t"":0.08,""seq"":1764,""ts"":1779197005526}"
"2026-05-19T13:23:25.549Z","1779197005549","remote_relay","speedl","1765","guest","operator","0.5480671881823278","0.2295624728347377","0.04580073974423343","2.922925946264687","-1.0642356038169853","-0.07944274287659106","{""type"":""speedl"",""xd"":[0.04453067600370512,-0.021562684734002323,0,0,0,0],""a"":1,""t"":0.08,""seq"":1765,""ts"":1779197005544}"
"2026-05-19T13:23:25.568Z","1779197005568","remote_relay","speedl","1766","guest","operator","0.5480671881823278","0.2295624728347377","0.04580073974423343","2.922925946264687","-1.0642356038169853","-0.07944274287659106","{""type"":""speedl"",""xd"":[0.04453067600370512,-0.021562684734002323,0,0,0,0],""a"":1,""t"":0.08,""seq"":1766,""ts"":1779197005564}"
"2026-05-19T13:23:25.590Z","1779197005590","remote_relay","speedl","1767","guest","operator","0.5480671881823278","0.2295624728347377","0.04580073974423343","2.922925946264687","-1.0642356038169853","-0.07944274287659106","{""type"":""speedl"",""xd"":[0.04453067600370512,-0.021562684734002323,0,0,0,0],""a"":1,""t"":0.08,""seq"":1767,""ts"":1779197005584}"
"2026-05-19T13:23:25.610Z","1779197005610","remote_relay","speedl","1768","guest","operator","0.5480671881823278","0.2295624728347377","0.04580073974423343","2.922925946264687","-1.0642356038169853","-0.07944274287659106","{""type"":""speedl"",""xd"":[0.04453067600370512,-0.021562684734002323,0,0,0,0],""a"":1,""t"":0.08,""seq"":1768,""ts"":1779197005604}"
"2026-05-19T13:23:25.631Z","1779197005631","remote_relay","speedl","1769","guest","operator","0.5480671881823278","0.2295624728347377","0.04580073974423343","2.922925946264687","-1.0642356038169853","-0.07944274287659106","{""type"":""speedl"",""xd"":[0.04453067600370512,-0.021562684734002323,0,0,0,0],""a"":1,""t"":0.08,""seq"":1769,""ts"":1779197005626}"
"2026-05-19T13:23:25.648Z","1779197005648","remote_relay","speedl","1770","guest","operator","0.5480671881823278","0.2295624728347377","0.04580073974423343","2.922925946264687","-1.0642356038169853","-0.07944274287659106","{""type"":""speedl"",""xd"":[0.04453067600370512,-0.021562684734002323,0,0,0,0],""a"":1,""t"":0.08,""seq"":1770,""ts"":1779197005644}"
"2026-05-19T13:23:25.668Z","1779197005668","remote_relay","speedl","1771","guest","operator","0.5480671881823278","0.2295624728347377","0.04580073974423343","2.922925946264687","-1.0642356038169853","-0.07944274287659106","{""type"":""speedl"",""xd"":[0.04453067600370512,-0.021562684734002323,0,0,0,0],""a"":1,""t"":0.08,""seq"":1771,""ts"":1779197005664}"
"2026-05-19T13:23:25.689Z","1779197005689","remote_relay","speedl","1772","guest","operator","0.5480671881823278","0.2295624728347377","0.04580073974423343","2.922925946264687","-1.0642356038169853","-0.07944274287659106","{""type"":""speedl"",""xd"":[0.04453067600370512,-0.021562684734002323,0,0,0,0],""a"":1,""t"":0.08,""seq"":1772,""ts"":1779197005684}"
"2026-05-19T13:23:25.709Z","1779197005709","remote_relay","speedl","1773","guest","operator","0.5480671881823278","0.2295624728347377","0.04580073974423343","2.922925946264687","-1.0642356038169853","-0.07944274287659106","{""type"":""speedl"",""xd"":[0.04453067600370512,-0.021562684734002323,0,0,0,0],""a"":1,""t"":0.08,""seq"":1773,""ts"":1779197005704}"
"2026-05-19T13:23:25.731Z","1779197005731","remote_relay","speedl","1774","guest","operator","0.5480671881823278","0.2295624728347377","0.04580073974423343","2.922925946264687","-1.0642356038169853","-0.07944274287659106","{""type"":""speedl"",""xd"":[0.04453067600370512,-0.021562684734002323,0,0,0,0],""a"":1,""t"":0.08,""seq"":1774,""ts"":1779197005727}"
"2026-05-19T13:23:25.748Z","1779197005748","remote_relay","speedl","1775","guest","operator","0.5480671881823278","0.2295624728347377","0.04580073974423343","2.922925946264687","-1.0642356038169853","-0.07944274287659106","{""type"":""speedl"",""xd"":[0.04453067600370512,-0.021562684734002323,0,0,0,0],""a"":1,""t"":0.08,""seq"":1775,""ts"":1779197005744}"
"2026-05-19T13:23:25.768Z","1779197005768","remote_relay","speedl","1776","guest","operator","0.5480671881823278","0.2295624728347377","0.04580073974423343","2.922925946264687","-1.0642356038169853","-0.07944274287659106","{""type"":""speedl"",""xd"":[0.04453067600370512,-0.021562684734002323,0,0,0,0],""a"":1,""t"":0.08,""seq"":1776,""ts"":1779197005764}"
"2026-05-19T13:23:25.789Z","1779197005789","remote_relay","speedl","1777","guest","operator","0.5480671881823278","0.2295624728347377","0.04580073974423343","2.922925946264687","-1.0642356038169853","-0.07944274287659106","{""type"":""speedl"",""xd"":[0.04453067600370512,-0.021562684734002323,0,0,0,0],""a"":1,""t"":0.08,""seq"":1777,""ts"":1779197005784}"
"2026-05-19T13:23:25.809Z","1779197005809","remote_relay","speedl","1778","guest","operator","0.5480671881823278","0.2295624728347377","0.04580073974423343","2.922925946264687","-1.0642356038169853","-0.07944274287659106","{""type"":""speedl"",""xd"":[0.04453067600370512,-0.021562684734002323,0,0,0,0],""a"":1,""t"":0.08,""seq"":1778,""ts"":1779197005803}"
"2026-05-19T13:23:25.830Z","1779197005830","remote_relay","speedl","1779","guest","operator","0.5480671881823278","0.2295624728347377","0.04580073974423343","2.922925946264687","-1.0642356038169853","-0.07944274287659106","{""type"":""speedl"",""xd"":[0.04453067600370512,-0.021562684734002323,0,0,0,0],""a"":1,""t"":0.08,""seq"":1779,""ts"":1779197005826}"
"2026-05-19T13:23:25.848Z","1779197005848","remote_relay","speedl","1780","guest","operator","0.5480671881823278","0.2295624728347377","0.04580073974423343","2.922925946264687","-1.0642356038169853","-0.07944274287659106","{""type"":""speedl"",""xd"":[0.04453067600370512,-0.021562684734002323,0,0,0,0],""a"":1,""t"":0.08,""seq"":1780,""ts"":1779197005844}"
"2026-05-19T13:23:25.871Z","1779197005871","remote_relay","speedl","1781","guest","operator","0.5480671881823278","0.2295624728347377","0.04580073974423343","2.922925946264687","-1.0642356038169853","-0.07944274287659106","{""type"":""speedl"",""xd"":[0.04453067600370512,-0.021562684734002323,0,0,0,0],""a"":1,""t"":0.08,""seq"":1781,""ts"":1779197005866}"
"2026-05-19T13:23:25.888Z","1779197005888","remote_relay","speedl","1782","guest","operator","0.5480671881823278","0.2295624728347377","0.04580073974423343","2.922925946264687","-1.0642356038169853","-0.07944274287659106","{""type"":""speedl"",""xd"":[0.04453067600370512,-0.021562684734002323,0,0,0,0],""a"":1,""t"":0.08,""seq"":1782,""ts"":1779197005884}"
"2026-05-19T13:23:25.909Z","1779197005909","remote_relay","speedl","1783","guest","operator","0.5480671881823278","0.2295624728347377","0.04580073974423343","2.922925946264687","-1.0642356038169853","-0.07944274287659106","{""type"":""speedl"",""xd"":[0.04453067600370512,-0.021562684734002323,0,0,0,0],""a"":1,""t"":0.08,""seq"":1783,""ts"":1779197005904}"
"2026-05-19T13:23:25.928Z","1779197005928","remote_relay","speedl","1784","guest","operator","0.5480671881823278","0.2295624728347377","0.04580073974423343","2.922925946264687","-1.0642356038169853","-0.07944274287659106","{""type"":""speedl"",""xd"":[0.04453067600370512,-0.021562684734002323,0,0,0,0],""a"":1,""t"":0.08,""seq"":1784,""ts"":1779197005924}"
"2026-05-19T13:23:25.948Z","1779197005948","remote_relay","speedl","1785","guest","operator","0.5480671881823278","0.2295624728347377","0.04580073974423343","2.922925946264687","-1.0642356038169853","-0.07944274287659106","{""type"":""speedl"",""xd"":[0.04453067600370512,-0.021562684734002323,0,0,0,0],""a"":1,""t"":0.08,""seq"":1785,""ts"":1779197005944}"
"2026-05-19T13:23:25.968Z","1779197005968","remote_relay","speedl","1786","guest","operator","0.5480671881823278","0.2295624728347377","0.04580073974423343","2.922925946264687","-1.0642356038169853","-0.07944274287659106","{""type"":""speedl"",""xd"":[0.04453067600370512,-0.021562684734002323,0,0,0,0],""a"":1,""t"":0.08,""seq"":1786,""ts"":1779197005963}"
"2026-05-19T13:23:25.988Z","1779197005988","remote_relay","speedl","1787","guest","operator","0.5480671881823278","0.2295624728347377","0.04580073974423343","2.922925946264687","-1.0642356038169853","-0.07944274287659106","{""type"":""speedl"",""xd"":[0.04453067600370512,-0.021562684734002323,0,0,0,0],""a"":1,""t"":0.08,""seq"":1787,""ts"":1779197005984}"
"2026-05-19T13:23:26.010Z","1779197006010","remote_relay","speedl","1788","guest","operator","0.5480671881823278","0.2295624728347377","0.04580073974423343","2.922925946264687","-1.0642356038169853","-0.07944274287659106","{""type"":""speedl"",""xd"":[0.04453067600370512,-0.021562684734002323,0,0,0,0],""a"":1,""t"":0.08,""seq"":1788,""ts"":1779197006003}"
"2026-05-19T13:23:26.028Z","1779197006028","remote_relay","speedl","1789","guest","operator","0.5480671881823278","0.2295624728347377","0.04580073974423343","2.922925946264687","-1.0642356038169853","-0.07944274287659106","{""type"":""speedl"",""xd"":[0.04453067600370512,-0.021562684734002323,0,0,0,0],""a"":1,""t"":0.08,""seq"":1789,""ts"":1779197006023}"
"2026-05-19T13:23:26.048Z","1779197006048","remote_relay","speedl","1790","guest","operator","0.5480671881823278","0.2295624728347377","0.04580073974423343","2.922925946264687","-1.0642356038169853","-0.07944274287659106","{""type"":""speedl"",""xd"":[0.04453067600370512,-0.021562684734002323,0,0,0,0],""a"":1,""t"":0.08,""seq"":1790,""ts"":1779197006044}"
"2026-05-19T13:23:26.068Z","1779197006068","remote_relay","speedl","1791","guest","operator","0.5480671881823278","0.2295624728347377","0.04580073974423343","2.922925946264687","-1.0642356038169853","-0.07944274287659106","{""type"":""speedl"",""xd"":[0.04453067600370512,-0.021562684734002323,0,0,0,0],""a"":1,""t"":0.08,""seq"":1791,""ts"":1779197006063}"
"2026-05-19T13:23:26.088Z","1779197006088","remote_relay","speedl","1792","guest","operator","0.5480671881823278","0.2295624728347377","0.04580073974423343","2.922925946264687","-1.0642356038169853","-0.07944274287659106","{""type"":""speedl"",""xd"":[0.04453067600370512,-0.021562684734002323,0,0,0,0],""a"":1,""t"":0.08,""seq"":1792,""ts"":1779197006084}"
"2026-05-19T13:23:26.110Z","1779197006110","remote_relay","speedl","1793","guest","operator","0.5480671881823278","0.2295624728347377","0.04580073974423343","2.922925946264687","-1.0642356038169853","-0.07944274287659106","{""type"":""speedl"",""xd"":[0.04453067600370512,-0.021562684734002323,0,0,0,0],""a"":1,""t"":0.08,""seq"":1793,""ts"":1779197006103}"
"2026-05-19T13:23:26.129Z","1779197006129","remote_relay","speedl","1794","guest","operator","0.5480671881823278","0.2295624728347377","0.04580073974423343","2.922925946264687","-1.0642356038169853","-0.07944274287659106","{""type"":""speedl"",""xd"":[0.04453067600370512,-0.021562684734002323,0,0,0,0],""a"":1,""t"":0.08,""seq"":1794,""ts"":1779197006125}"
"2026-05-19T13:23:26.149Z","1779197006149","remote_relay","speedl","1795","guest","operator","0.5480671881823278","0.2295624728347377","0.04580073974423343","2.922925946264687","-1.0642356038169853","-0.07944274287659106","{""type"":""speedl"",""xd"":[0.04453067600370512,-0.021562684734002323,0,0,0,0],""a"":1,""t"":0.08,""seq"":1795,""ts"":1779197006144}"
"2026-05-19T13:23:26.169Z","1779197006169","remote_relay","speedl","1796","guest","operator","0.5480671881823278","0.2295624728347377","0.04580073974423343","2.922925946264687","-1.0642356038169853","-0.07944274287659106","{""type"":""speedl"",""xd"":[0.04453067600370512,-0.021562684734002323,0,0,0,0],""a"":1,""t"":0.08,""seq"":1796,""ts"":1779197006165}"
"2026-05-19T13:23:26.188Z","1779197006188","remote_relay","speedl","1797","guest","operator","0.5480671881823278","0.2295624728347377","0.04580073974423343","2.922925946264687","-1.0642356038169853","-0.07944274287659106","{""type"":""speedl"",""xd"":[0.04453067600370512,-0.021562684734002323,0,0,0,0],""a"":1,""t"":0.08,""seq"":1797,""ts"":1779197006183}"
"2026-05-19T13:23:26.210Z","1779197006210","remote_relay","speedl","1798","guest","operator","0.5480671881823278","0.2295624728347377","0.04580073974423343","2.922925946264687","-1.0642356038169853","-0.07944274287659106","{""type"":""speedl"",""xd"":[0.04453067600370512,-0.021562684734002323,0,0,0,0],""a"":1,""t"":0.08,""seq"":1798,""ts"":1779197006204}"
"2026-05-19T13:23:26.229Z","1779197006229","remote_relay","speedl","1799","guest","operator","0.5480671881823278","0.2295624728347377","0.04580073974423343","2.922925946264687","-1.0642356038169853","-0.07944274287659106","{""type"":""speedl"",""xd"":[0.04453067600370512,-0.021562684734002323,0,0,0,0],""a"":1,""t"":0.08,""seq"":1799,""ts"":1779197006224}"
"2026-05-19T13:23:26.244Z","1779197006244","remote_relay","speedl_stop","1800","guest","operator","0.5480671881823278","0.2295624728347377","0.04580073974423343","2.922925946264687","-1.0642356038169853","-0.07944274287659106","{""type"":""speedl_stop"",""seq"":1800,""ts"":1779197006242}"
"2026-05-19T13:23:26.244Z","1779197006244","remote_relay","speedl_stop","1801","guest","operator","0.5480671881823278","0.2295624728347377","0.04580073974423343","2.922925946264687","-1.0642356038169853","-0.07944274287659106","{""type"":""speedl_stop"",""seq"":1801,""ts"":1779197006242}"
"2026-05-19T13:23:26.249Z","1779197006249","remote_relay","speedl_stop","1802","guest","operator","0.5480671881823278","0.2295624728347377","0.04580073974423343","2.922925946264687","-1.0642356038169853","-0.07944274287659106","{""type"":""speedl_stop"",""seq"":1802,""ts"":1779197006244}"
"2026-05-19T13:23:26.258Z","1779197006258","remote_relay","speedl_stop","1803","guest","operator","0.5480671881823278","0.2295624728347377","0.04580073974423343","2.922925946264687","-1.0642356038169853","-0.07944274287659106","{""type"":""speedl_stop"",""seq"":1803,""ts"":1779197006250}"
"2026-05-19T13:23:39.832Z","1779197019832","remote_relay","speedl_stop","1804","guest","operator","0.5480671881823278","0.2295624728347377","0.04580073974423343","2.922925946264687","-1.0642356038169853","-0.07944274287659106","{""type"":""speedl_stop"",""seq"":1804,""ts"":1779197019832}"
"2026-05-19T13:23:39.853Z","1779197019853","remote_relay","speedl_stop","1805","guest","operator","0.5480671881823278","0.2295624728347377","0.04580073974423343","2.922925946264687","-1.0642356038169853","-0.07944274287659106","{""type"":""speedl_stop"",""seq"":1805,""ts"":1779197019853}"
"2026-05-19T13:23:39.872Z","1779197019872","remote_relay","speedl_stop","1806","guest","operator","0.5480671881823278","0.2295624728347377","0.04580073974423343","2.922925946264687","-1.0642356038169853","-0.07944274287659106","{""type"":""speedl_stop"",""seq"":1806,""ts"":1779197019872}"
"2026-05-19T13:23:40.079Z","1779197020079","remote_relay","speedl","1807","guest","operator","0.5480671881823278","0.2295624728347377","0.04580073974423343","2.922925946264687","-1.0642356038169853","-0.07944274287659106","{""type"":""speedl"",""xd"":[0,0.0003315848343738498,0,0,0,0],""a"":1,""t"":0.08,""seq"":1807,""ts"":1779197020075}"
"2026-05-19T13:23:40.097Z","1779197020097","remote_relay","speedl","1808","guest","operator","0.5480671881823278","0.2295624728347377","0.04580073974423343","2.922925946264687","-1.0642356038169853","-0.07944274287659106","{""type"":""speedl"",""xd"":[0,0.003928099882183333,0,0,0,0],""a"":1,""t"":0.08,""seq"":1808,""ts"":1779197020092}"
"2026-05-19T13:23:40.117Z","1779197020117","remote_relay","speedl","1809","guest","operator","0.5480671881823278","0.2295624728347377","0.04580073974423343","2.922925946264687","-1.0642356038169853","-0.07944274287659106","{""type"":""speedl"",""xd"":[0,0.014950891996857976,0,0,0,0],""a"":1,""t"":0.08,""seq"":1809,""ts"":1779197020113}"
"2026-05-19T13:23:40.137Z","1779197020137","remote_relay","speedl","1810","guest","operator","0.5480671881823278","0.2295624728347377","0.04580073974423343","2.922925946264687","-1.0642356038169853","-0.07944274287659106","{""type"":""speedl"",""xd"":[0,0.037568557452937454,0,0,0,0],""a"":1,""t"":0.08,""seq"":1810,""ts"":1779197020133}"
"2026-05-19T13:23:40.159Z","1779197020159","remote_relay","speedl","1811","guest","operator","0.5480671881823278","0.2295624728347377","0.04580073974423343","2.922925946264687","-1.0642356038169853","-0.07944274287659106","{""type"":""speedl"",""xd"":[0,0.06114716345260533,0,0,0,0],""a"":1,""t"":0.08,""seq"":1811,""ts"":1779197020154}"
"2026-05-19T13:23:40.180Z","1779197020180","remote_relay","speedl","1812","guest","operator","0.5480671881823278","0.2295624728347377","0.04580073974423343","2.922925946264687","-1.0642356038169853","-0.07944274287659106","{""type"":""speedl"",""xd"":[-0.0000020887993259993733,0.0870388892791169,0,0,0,0],""a"":1,""t"":0.08,""seq"":1812,""ts"":1779197020175}"
"2026-05-19T13:23:40.198Z","1779197020198","remote_relay","speedl","1813","guest","operator","0.5480671881823278","0.2295624728347377","0.04580073974423343","2.922925946264687","-1.0642356038169853","-0.07944274287659106","{""type"":""speedl"",""xd"":[-0.000011579887967682406,0.0929668955851492,0,0,0,0],""a"":1,""t"":0.08,""seq"":1813,""ts"":1779197020193}"
"2026-05-19T13:23:40.217Z","1779197020217","remote_relay","speedl","1814","guest","operator","0.5480671881823278","0.2295624728347377","0.04580073974423343","2.922925946264687","-1.0642356038169853","-0.07944274287659106","{""type"":""speedl"",""xd"":[-0.000011579887967682406,0.09915813149589754,0,0,0,0],""a"":1,""t"":0.08,""seq"":1814,""ts"":1779197020213}"
"2026-05-19T13:23:40.237Z","1779197020237","remote_relay","speedl","1815","guest","operator","0.5480671881823278","0.2295624728347377","0.04580073974423343","2.922925946264687","-1.0642356038169853","-0.07944274287659106","{""type"":""speedl"",""xd"":[-0.0000757182843258159,0.10561831525042159,0,0,0,0],""a"":1,""t"":0.08,""seq"":1815,""ts"":1779197020233}"
"2026-05-19T13:23:40.259Z","1779197020259","remote_relay","speedl","1816","guest","operator","0.5480671881823278","0.2295624728347377","0.04580073974423343","2.922925946264687","-1.0642356038169853","-0.07944274287659106","{""type"":""speedl"",""xd"":[-0.0000757182843258159,0.10561831525042159,0,0,0,0],""a"":1,""t"":0.08,""seq"":1816,""ts"":1779197020254}"
"2026-05-19T13:23:40.279Z","1779197020279","remote_relay","speedl","1817","guest","operator","0.5480671881823278","0.2295624728347377","0.04580073974423343","2.922925946264687","-1.0642356038169853","-0.07944274287659106","{""type"":""speedl"",""xd"":[-0.0000757182843258159,0.10561831525042159,0,0,0,0],""a"":1,""t"":0.08,""seq"":1817,""ts"":1779197020275}"
"2026-05-19T13:23:40.298Z","1779197020298","remote_relay","speedl","1818","guest","operator","0.5480671881823278","0.2295624728347377","0.04580073974423343","2.922925946264687","-1.0642356038169853","-0.07944274287659106","{""type"":""speedl"",""xd"":[-0.0000757182843258159,0.10561831525042159,0,0,0,0],""a"":1,""t"":0.08,""seq"":1818,""ts"":1779197020293}"
"2026-05-19T13:23:40.318Z","1779197020318","remote_relay","speedl","1819","guest","operator","0.5480671881823278","0.2295624728347377","0.04580073974423343","2.922925946264687","-1.0642356038169853","-0.07944274287659106","{""type"":""speedl"",""xd"":[-0.0000757182843258159,0.10561831525042159,0,0,0,0],""a"":1,""t"":0.08,""seq"":1819,""ts"":1779197020313}"
"2026-05-19T13:23:40.337Z","1779197020337","remote_relay","speedl","1820","guest","operator","0.5480671881823278","0.2295624728347377","0.04580073974423343","2.922925946264687","-1.0642356038169853","-0.07944274287659106","{""type"":""speedl"",""xd"":[-0.0000757182843258159,0.10561831525042159,0,0,0,0],""a"":1,""t"":0.08,""seq"":1820,""ts"":1779197020333}"
"2026-05-19T13:23:40.358Z","1779197020358","remote_relay","speedl","1821","guest","operator","0.5480671881823278","0.2295624728347377","0.04580073974423343","2.922925946264687","-1.0642356038169853","-0.07944274287659106","{""type"":""speedl"",""xd"":[-0.0000757182843258159,0.10561831525042159,0,0,0,0],""a"":1,""t"":0.08,""seq"":1821,""ts"":1779197020352}"
"2026-05-19T13:23:40.378Z","1779197020378","remote_relay","speedl","1822","guest","operator","0.5480671881823278","0.2295624728347377","0.04580073974423343","2.922925946264687","-1.0642356038169853","-0.07944274287659106","{""type"":""speedl"",""xd"":[-0.0000757182843258159,0.10561831525042159,0,0,0,0],""a"":1,""t"":0.08,""seq"":1822,""ts"":1779197020373}"
"2026-05-19T13:23:40.397Z","1779197020397","remote_relay","speedl","1823","guest","operator","0.5480671881823278","0.2295624728347377","0.04580073974423343","2.922925946264687","-1.0642356038169853","-0.07944274287659106","{""type"":""speedl"",""xd"":[-0.0000757182843258159,0.10561831525042159,0,0,0,0],""a"":1,""t"":0.08,""seq"":1823,""ts"":1779197020393}"
"2026-05-19T13:23:40.417Z","1779197020417","remote_relay","speedl","1824","guest","operator","0.5480671881823278","0.2295624728347377","0.04580073974423343","2.922925946264687","-1.0642356038169853","-0.07944274287659106","{""type"":""speedl"",""xd"":[-0.0000757182843258159,0.10561831525042159,0,0,0,0],""a"":1,""t"":0.08,""seq"":1824,""ts"":1779197020412}"
"2026-05-19T13:23:40.438Z","1779197020438","remote_relay","speedl","1825","guest","operator","0.5480671881823278","0.2295624728347377","0.04580073974423343","2.922925946264687","-1.0642356038169853","-0.07944274287659106","{""type"":""speedl"",""xd"":[-0.0000757182843258159,0.10561831525042159,0,0,0,0],""a"":1,""t"":0.08,""seq"":1825,""ts"":1779197020434}"
"2026-05-19T13:23:40.459Z","1779197020459","remote_relay","speedl","1826","guest","operator","0.5480671881823278","0.2295624728347377","0.04580073974423343","2.922925946264687","-1.0642356038169853","-0.07944274287659106","{""type"":""speedl"",""xd"":[-0.0000757182843258159,0.10561831525042159,0,0,0,0],""a"":1,""t"":0.08,""seq"":1826,""ts"":1779197020453}"
"2026-05-19T13:23:40.479Z","1779197020479","remote_relay","speedl","1827","guest","operator","0.5480671881823278","0.2295624728347377","0.04580073974423343","2.922925946264687","-1.0642356038169853","-0.07944274287659106","{""type"":""speedl"",""xd"":[-0.0000757182843258159,0.10561831525042159,0,0,0,0],""a"":1,""t"":0.08,""seq"":1827,""ts"":1779197020475}"
"2026-05-19T13:23:40.497Z","1779197020497","remote_relay","speedl","1828","guest","operator","0.5480671881823278","0.2295624728347377","0.04580073974423343","2.922925946264687","-1.0642356038169853","-0.07944274287659106","{""type"":""speedl"",""xd"":[-0.000011579887967682406,0.11235316508778116,0,0,0,0],""a"":1,""t"":0.08,""seq"":1828,""ts"":1779197020493}"
"2026-05-19T13:23:40.517Z","1779197020517","remote_relay","speedl","1829","guest","operator","0.5480671881823278","0.2295624728347377","0.04580073974423343","2.922925946264687","-1.0642356038169853","-0.07944274287659106","{""type"":""speedl"",""xd"":[-0.0000020887993259993733,0.11235316508778116,0,0,0,0],""a"":1,""t"":0.08,""seq"":1829,""ts"":1779197020512}"
"2026-05-19T13:23:40.536Z","1779197020536","remote_relay","speedl","1830","guest","operator","0.5480671881823278","0.2295624728347377","0.04580073974423343","2.922925946264687","-1.0642356038169853","-0.07944274287659106","{""type"":""speedl"",""xd"":[-2.5464962938608215e-8,0.11936839924703585,0,0,0,0],""a"":1,""t"":0.08,""seq"":1830,""ts"":1779197020532}"
"2026-05-19T13:23:40.559Z","1779197020559","remote_relay","speedl","1831","guest","operator","0.5480671881823278","0.2295624728347377","0.04580073974423343","2.922925946264687","-1.0642356038169853","-0.07944274287659106","{""type"":""speedl"",""xd"":[0,0.11936839924703585,0,0,0,0],""a"":1,""t"":0.08,""seq"":1831,""ts"":1779197020553}"
"2026-05-19T13:23:40.578Z","1779197020578","remote_relay","speedl","1832","guest","operator","0.5480671881823278","0.2295624728347377","0.04580073974423343","2.922925946264687","-1.0642356038169853","-0.07944274287659106","{""type"":""speedl"",""xd"":[0,0.11936839924703585,0,0,0,0],""a"":1,""t"":0.08,""seq"":1832,""ts"":1779197020573}"
"2026-05-19T13:23:40.597Z","1779197020597","remote_relay","speedl","1833","guest","operator","0.5480671881823278","0.2295624728347377","0.04580073974423343","2.922925946264687","-1.0642356038169853","-0.07944274287659106","{""type"":""speedl"",""xd"":[0,0.11936839924703585,0,0,0,0],""a"":1,""t"":0.08,""seq"":1833,""ts"":1779197020593}"
"2026-05-19T13:23:40.618Z","1779197020618","remote_relay","speedl","1834","guest","operator","0.5480671881823278","0.2295624728347377","0.04580073974423343","2.922925946264687","-1.0642356038169853","-0.07944274287659106","{""type"":""speedl"",""xd"":[0,0.11936839924703585,0,0,0,0],""a"":1,""t"":0.08,""seq"":1834,""ts"":1779197020614}"
"2026-05-19T13:23:40.638Z","1779197020638","remote_relay","speedl","1835","guest","operator","0.5480671881823278","0.2295624728347377","0.04580073974423343","2.922925946264687","-1.0642356038169853","-0.07944274287659106","{""type"":""speedl"",""xd"":[0,0.11936839924703585,0,0,0,0],""a"":1,""t"":0.08,""seq"":1835,""ts"":1779197020634}"
"2026-05-19T13:23:40.660Z","1779197020660","remote_relay","speedl","1836","guest","operator","0.5480671881823278","0.2295624728347377","0.04580073974423343","2.922925946264687","-1.0642356038169853","-0.07944274287659106","{""type"":""speedl"",""xd"":[0,0.11936839924703585,0,0,0,0],""a"":1,""t"":0.08,""seq"":1836,""ts"":1779197020653}"
"2026-05-19T13:23:40.676Z","1779197020677","remote_relay","speedl","1837","guest","operator","0.5480671881823278","0.2295624728347377","0.04580073974423343","2.922925946264687","-1.0642356038169853","-0.07944274287659106","{""type"":""speedl"",""xd"":[0,0.11936839924703585,0,0,0,0],""a"":1,""t"":0.08,""seq"":1837,""ts"":1779197020672}"
"2026-05-19T13:23:40.697Z","1779197020697","remote_relay","speedl","1838","guest","operator","0.5480671881823278","0.2295624728347377","0.04580073974423343","2.922925946264687","-1.0642356038169853","-0.07944274287659106","{""type"":""speedl"",""xd"":[0,0.11936839924703585,0,0,0,0],""a"":1,""t"":0.08,""seq"":1838,""ts"":1779197020692}"
"2026-05-19T13:23:40.718Z","1779197020718","remote_relay","speedl","1839","guest","operator","0.5480671881823278","0.2295624728347377","0.04580073974423343","2.922925946264687","-1.0642356038169853","-0.07944274287659106","{""type"":""speedl"",""xd"":[0,0.11936839924703585,0,0,0,0],""a"":1,""t"":0.08,""seq"":1839,""ts"":1779197020714}"
"2026-05-19T13:23:40.736Z","1779197020736","remote_relay","speedl","1840","guest","operator","0.5480671881823278","0.2295624728347377","0.04580073974423343","2.922925946264687","-1.0642356038169853","-0.07944274287659106","{""type"":""speedl"",""xd"":[0,0.11936839924703585,0,0,0,0],""a"":1,""t"":0.08,""seq"":1840,""ts"":1779197020732}"
"2026-05-19T13:23:40.759Z","1779197020759","remote_relay","speedl","1841","guest","operator","0.5480671881823278","0.2295624728347377","0.04580073974423343","2.922925946264687","-1.0642356038169853","-0.07944274287659106","{""type"":""speedl"",""xd"":[0,0.11936839924703585,0,0,0,0],""a"":1,""t"":0.08,""seq"":1841,""ts"":1779197020753}"
"2026-05-19T13:23:40.777Z","1779197020777","remote_relay","speedl","1842","guest","operator","0.5480671881823278","0.2295624728347377","0.04580073974423343","2.922925946264687","-1.0642356038169853","-0.07944274287659106","{""type"":""speedl"",""xd"":[0,0.11936839924703585,0,0,0,0],""a"":1,""t"":0.08,""seq"":1842,""ts"":1779197020772}"
"2026-05-19T13:23:40.799Z","1779197020799","remote_relay","speedl","1843","guest","operator","0.5480671881823278","0.2295624728347377","0.04580073974423343","2.922925946264687","-1.0642356038169853","-0.07944274287659106","{""type"":""speedl"",""xd"":[0,0.11936839924703585,0,0,0,0],""a"":1,""t"":0.08,""seq"":1843,""ts"":1779197020794}"
"2026-05-19T13:23:40.816Z","1779197020816","remote_relay","speedl","1844","guest","operator","0.5480671881823278","0.2295624728347377","0.04580073974423343","2.922925946264687","-1.0642356038169853","-0.07944274287659106","{""type"":""speedl"",""xd"":[0,0.12666973596724548,0,0,0,0],""a"":1,""t"":0.08,""seq"":1844,""ts"":1779197020812}"
"2026-05-19T13:23:40.837Z","1779197020837","remote_relay","speedl","1845","guest","operator","0.5480671881823278","0.2295624728347377","0.04580073974423343","2.922925946264687","-1.0642356038169853","-0.07944274287659106","{""type"":""speedl"",""xd"":[0,0.12666973596724548,0,0,0,0],""a"":1,""t"":0.08,""seq"":1845,""ts"":1779197020833}"
"2026-05-19T13:23:40.858Z","1779197020858","remote_relay","speedl","1846","guest","operator","0.5480671881823278","0.2295624728347377","0.04580073974423343","2.922925946264687","-1.0642356038169853","-0.07944274287659106","{""type"":""speedl"",""xd"":[0,0.12666973596724548,0,0,0,0],""a"":1,""t"":0.08,""seq"":1846,""ts"":1779197020852}"
"2026-05-19T13:23:40.877Z","1779197020877","remote_relay","speedl","1847","guest","operator","0.5480671881823278","0.2295624728347377","0.04580073974423343","2.922925946264687","-1.0642356038169853","-0.07944274287659106","{""type"":""speedl"",""xd"":[0,0.12666973596724548,0,0,0,0],""a"":1,""t"":0.08,""seq"":1847,""ts"":1779197020873}"
"2026-05-19T13:23:40.898Z","1779197020898","remote_relay","speedl","1848","guest","operator","0.5480671881823278","0.2295624728347377","0.04580073974423343","2.922925946264687","-1.0642356038169853","-0.07944274287659106","{""type"":""speedl"",""xd"":[0,0.12666973596724548,0,0,0,0],""a"":1,""t"":0.08,""seq"":1848,""ts"":1779197020893}"
"2026-05-19T13:23:40.916Z","1779197020916","remote_relay","speedl","1849","guest","operator","0.5480671881823278","0.2295624728347377","0.04580073974423343","2.922925946264687","-1.0642356038169853","-0.07944274287659106","{""type"":""speedl"",""xd"":[0,0.12666973596724548,0,0,0,0],""a"":1,""t"":0.08,""seq"":1849,""ts"":1779197020912}"
"2026-05-19T13:23:40.938Z","1779197020938","remote_relay","speedl","1850","guest","operator","0.5480671881823278","0.2295624728347377","0.04580073974423343","2.922925946264687","-1.0642356038169853","-0.07944274287659106","{""type"":""speedl"",""xd"":[0,0.12666973596724548,0,0,0,0],""a"":1,""t"":0.08,""seq"":1850,""ts"":1779197020933}"
"2026-05-19T13:23:40.961Z","1779197020961","remote_relay","speedl","1851","guest","operator","0.5480671881823278","0.2295624728347377","0.04580073974423343","2.922925946264687","-1.0642356038169853","-0.07944274287659106","{""type"":""speedl"",""xd"":[0,0.12666973596724548,0,0,0,0],""a"":1,""t"":0.08,""seq"":1851,""ts"":1779197020953}"
"2026-05-19T13:23:40.981Z","1779197020981","remote_relay","speedl","1852","guest","operator","0.5480671881823278","0.2295624728347377","0.04580073974423343","2.922925946264687","-1.0642356038169853","-0.07944274287659106","{""type"":""speedl"",""xd"":[0,0.14215359004676842,0,0,0,0],""a"":1,""t"":0.08,""seq"":1852,""ts"":1779197020977}"
"2026-05-19T13:23:40.998Z","1779197020998","remote_relay","speedl","1853","guest","operator","0.5480671881823278","0.2295624728347377","0.04580073974423343","2.922925946264687","-1.0642356038169853","-0.07944274287659106","{""type"":""speedl"",""xd"":[1.650737293605806e-12,0.14940329561351595,0,0,0,0],""a"":1,""t"":0.08,""seq"":1853,""ts"":1779197020994}"
"2026-05-19T13:23:41.017Z","1779197021017","remote_relay","speedl","1854","guest","operator","0.5480671881823278","0.2295624728347377","0.04580073974423343","2.922925946264687","-1.0642356038169853","-0.07944274287659106","{""type"":""speedl"",""xd"":[1.650737293605806e-12,0.14940329561351595,0,0,0,0],""a"":1,""t"":0.08,""seq"":1854,""ts"":1779197021013}"
"2026-05-19T13:23:41.036Z","1779197021036","remote_relay","speedl","1855","guest","operator","0.5480671881823278","0.2295624728347377","0.04580073974423343","2.922925946264687","-1.0642356038169853","-0.07944274287659106","{""type"":""speedl"",""xd"":[1.650737293605806e-12,0.14940329561351595,0,0,0,0],""a"":1,""t"":0.08,""seq"":1855,""ts"":1779197021032}"
"2026-05-19T13:23:41.059Z","1779197021059","remote_relay","speedl","1856","guest","operator","0.5480671881823278","0.2295624728347377","0.04580073974423343","2.922925946264687","-1.0642356038169853","-0.07944274287659106","{""type"":""speedl"",""xd"":[1.650737293605806e-12,0.14940329561351595,0,0,0,0],""a"":1,""t"":0.08,""seq"":1856,""ts"":1779197021053}"
"2026-05-19T13:23:41.077Z","1779197021077","remote_relay","speedl","1857","guest","operator","0.5480671881823278","0.2295624728347377","0.04580073974423343","2.922925946264687","-1.0642356038169853","-0.07944274287659106","{""type"":""speedl"",""xd"":[1.650737293605806e-12,0.14940329561351595,0,0,0,0],""a"":1,""t"":0.08,""seq"":1857,""ts"":1779197021073}"
"2026-05-19T13:23:41.096Z","1779197021096","remote_relay","speedl","1858","guest","operator","0.5480671881823278","0.2295624728347377","0.04580073974423343","2.922925946264687","-1.0642356038169853","-0.07944274287659106","{""type"":""speedl"",""xd"":[1.650737293605806e-12,0.14940329561351595,0,0,0,0],""a"":1,""t"":0.08,""seq"":1858,""ts"":1779197021092}"
"2026-05-19T13:23:41.116Z","1779197021116","remote_relay","speedl","1859","guest","operator","0.5480671881823278","0.2295624728347377","0.04580073974423343","2.922925946264687","-1.0642356038169853","-0.07944274287659106","{""type"":""speedl"",""xd"":[1.650737293605806e-12,0.14940329561351595,0,0,0,0],""a"":1,""t"":0.08,""seq"":1859,""ts"":1779197021112}"
"2026-05-19T13:23:41.138Z","1779197021138","remote_relay","speedl","1860","guest","operator","0.5480671881823278","0.2295624728347377","0.04580073974423343","2.922925946264687","-1.0642356038169853","-0.07944274287659106","{""type"":""speedl"",""xd"":[1.650737293605806e-12,0.14940329561351595,0,0,0,0],""a"":1,""t"":0.08,""seq"":1860,""ts"":1779197021133}"
"2026-05-19T13:23:41.161Z","1779197021161","remote_relay","speedl","1861","guest","operator","0.5480671881823278","0.2295624728347377","0.04580073974423343","2.922925946264687","-1.0642356038169853","-0.07944274287659106","{""type"":""speedl"",""xd"":[0,0.14942367440207402,0,0,0,0],""a"":1,""t"":0.08,""seq"":1861,""ts"":1779197021153}"
"2026-05-19T13:23:41.178Z","1779197021178","remote_relay","speedl","1862","guest","operator","0.5480671881823278","0.2295624728347377","0.04580073974423343","2.922925946264687","-1.0642356038169853","-0.07944274287659106","{""type"":""speedl"",""xd"":[0,0.14944302778459506,0,0,0,0],""a"":1,""t"":0.08,""seq"":1862,""ts"":1779197021172}"
"2026-05-19T13:23:41.198Z","1779197021198","remote_relay","speedl","1863","guest","operator","0.5480671881823278","0.2295624728347377","0.04580073974423343","2.922925946264687","-1.0642356038169853","-0.07944274287659106","{""type"":""speedl"",""xd"":[0,0.1497640725427658,0,0,0,0],""a"":1,""t"":0.08,""seq"":1863,""ts"":1779197021193}"
"2026-05-19T13:23:41.217Z","1779197021217","remote_relay","speedl","1864","guest","operator","0.5480671881823278","0.2295624728347377","0.04580073974423343","2.922925946264687","-1.0642356038169853","-0.07944274287659106","{""type"":""speedl"",""xd"":[0,0.1497640725427658,0,0,0,0],""a"":1,""t"":0.08,""seq"":1864,""ts"":1779197021212}"
"2026-05-19T13:23:41.237Z","1779197021237","remote_relay","speedl","1865","guest","operator","0.5480671881823278","0.2295624728347377","0.04580073974423343","2.922925946264687","-1.0642356038169853","-0.07944274287659106","{""type"":""speedl"",""xd"":[0,0.14995122254727092,0,0,0,0],""a"":1,""t"":0.08,""seq"":1865,""ts"":1779197021233}"
"2026-05-19T13:23:41.259Z","1779197021259","remote_relay","speedl","1866","guest","operator","0.5480671881823278","0.2295624728347377","0.04580073974423343","2.922925946264687","-1.0642356038169853","-0.07944274287659106","{""type"":""speedl"",""xd"":[0,0.14999869355878356,0,0,0,0],""a"":1,""t"":0.08,""seq"":1866,""ts"":1779197021253}"
"2026-05-19T13:23:41.277Z","1779197021277","remote_relay","speedl","1867","guest","operator","0.5480671881823278","0.2295624728347377","0.04580073974423343","2.922925946264687","-1.0642356038169853","-0.07944274287659106","{""type"":""speedl"",""xd"":[0,0.14999869355878356,0,0,0,0],""a"":1,""t"":0.08,""seq"":1867,""ts"":1779197021273}"
"2026-05-19T13:23:41.297Z","1779197021297","remote_relay","speedl","1868","guest","operator","0.5480671881823278","0.2295624728347377","0.04580073974423343","2.922925946264687","-1.0642356038169853","-0.07944274287659106","{""type"":""speedl"",""xd"":[0,0.14991408826022504,0,0,0,0],""a"":1,""t"":0.08,""seq"":1868,""ts"":1779197021293}"
"2026-05-19T13:23:41.317Z","1779197021317","remote_relay","speedl","1869","guest","operator","0.5480671881823278","0.2295624728347377","0.04580073974423343","2.922925946264687","-1.0642356038169853","-0.07944274287659106","{""type"":""speedl"",""xd"":[0,0.14991408826022504,0,0,0,0],""a"":1,""t"":0.08,""seq"":1869,""ts"":1779197021313}"
"2026-05-19T13:23:41.337Z","1779197021337","remote_relay","speedl","1870","guest","operator","0.5480671881823278","0.2295624728347377","0.04580073974423343","2.922925946264687","-1.0642356038169853","-0.07944274287659106","{""type"":""speedl"",""xd"":[0,0.14991408826022504,0,0,0,0],""a"":1,""t"":0.08,""seq"":1870,""ts"":1779197021333}"
"2026-05-19T13:23:41.356Z","1779197021356","remote_relay","speedl","1871","guest","operator","0.5480671881823278","0.2295624728347377","0.04580073974423343","2.922925946264687","-1.0642356038169853","-0.07944274287659106","{""type"":""speedl"",""xd"":[0,0.14991408826022504,0,0,0,0],""a"":1,""t"":0.08,""seq"":1871,""ts"":1779197021352}"
"2026-05-19T13:23:41.378Z","1779197021378","remote_relay","speedl","1872","guest","operator","0.5480671881823278","0.2295624728347377","0.04580073974423343","2.922925946264687","-1.0642356038169853","-0.07944274287659106","{""type"":""speedl"",""xd"":[0,0.14991408826022504,0,0,0,0],""a"":1,""t"":0.08,""seq"":1872,""ts"":1779197021374}"
"2026-05-19T13:23:41.399Z","1779197021399","remote_relay","speedl","1873","guest","operator","0.5480671881823278","0.2295624728347377","0.04580073974423343","2.922925946264687","-1.0642356038169853","-0.07944274287659106","{""type"":""speedl"",""xd"":[0,0.14991688638535464,0,0,0,0],""a"":1,""t"":0.08,""seq"":1873,""ts"":1779197021394}"
"2026-05-19T13:23:41.416Z","1779197021416","remote_relay","speedl","1874","guest","operator","0.5480671881823278","0.2295624728347377","0.04580073974423343","2.922925946264687","-1.0642356038169853","-0.07944274287659106","{""type"":""speedl"",""xd"":[0,0.14991688638535464,0,0,0,0],""a"":1,""t"":0.08,""seq"":1874,""ts"":1779197021412}"
"2026-05-19T13:23:41.437Z","1779197021437","remote_relay","speedl","1875","guest","operator","0.5480671881823278","0.2295624728347377","0.04580073974423343","2.922925946264687","-1.0642356038169853","-0.07944274287659106","{""type"":""speedl"",""xd"":[0,0.14991688638535464,0,0,0,0],""a"":1,""t"":0.08,""seq"":1875,""ts"":1779197021433}"
"2026-05-19T13:23:41.460Z","1779197021460","remote_relay","speedl","1876","guest","operator","0.5480671881823278","0.2295624728347377","0.04580073974423343","2.922925946264687","-1.0642356038169853","-0.07944274287659106","{""type"":""speedl"",""xd"":[0,0.14991688638535464,0,0,0,0],""a"":1,""t"":0.08,""seq"":1876,""ts"":1779197021453}"
"2026-05-19T13:23:41.480Z","1779197021480","remote_relay","speedl","1877","guest","operator","0.5480671881823278","0.2295624728347377","0.04580073974423343","2.922925946264687","-1.0642356038169853","-0.07944274287659106","{""type"":""speedl"",""xd"":[0,0.14991688638535464,0,0,0,0],""a"":1,""t"":0.08,""seq"":1877,""ts"":1779197021476}"
"2026-05-19T13:23:41.497Z","1779197021497","remote_relay","speedl","1878","guest","operator","0.5480671881823278","0.2295624728347377","0.04580073974423343","2.922925946264687","-1.0642356038169853","-0.07944274287659106","{""type"":""speedl"",""xd"":[0,0.14991688638535464,0,0,0,0],""a"":1,""t"":0.08,""seq"":1878,""ts"":1779197021492}"
"2026-05-19T13:23:41.517Z","1779197021517","remote_relay","speedl","1879","guest","operator","0.5480671881823278","0.2295624728347377","0.04580073974423343","2.922925946264687","-1.0642356038169853","-0.07944274287659106","{""type"":""speedl"",""xd"":[0,0.14991688638535464,0,0,0,0],""a"":1,""t"":0.08,""seq"":1879,""ts"":1779197021513}"
"2026-05-19T13:23:41.537Z","1779197021537","remote_relay","speedl","1880","guest","operator","0.5480671881823278","0.2295624728347377","0.04580073974423343","2.922925946264687","-1.0642356038169853","-0.07944274287659106","{""type"":""speedl"",""xd"":[0,0.14991688638535464,0,0,0,0],""a"":1,""t"":0.08,""seq"":1880,""ts"":1779197021533}"
"2026-05-19T13:23:41.560Z","1779197021560","remote_relay","speedl","1881","guest","operator","0.5480671881823278","0.2295624728347377","0.04580073974423343","2.922925946264687","-1.0642356038169853","-0.07944274287659106","{""type"":""speedl"",""xd"":[0,0.14991688638535464,0,0,0,0],""a"":1,""t"":0.08,""seq"":1881,""ts"":1779197021553}"
"2026-05-19T13:23:41.577Z","1779197021577","remote_relay","speedl","1882","guest","operator","0.5480671881823278","0.2295624728347377","0.04580073974423343","2.922925946264687","-1.0642356038169853","-0.07944274287659106","{""type"":""speedl"",""xd"":[0,0.14991688638535464,0,0,0,0],""a"":1,""t"":0.08,""seq"":1882,""ts"":1779197021572}"
"2026-05-19T13:23:41.598Z","1779197021598","remote_relay","speedl","1883","guest","operator","0.5480671881823278","0.2295624728347377","0.04580073974423343","2.922925946264687","-1.0642356038169853","-0.07944274287659106","{""type"":""speedl"",""xd"":[0,0.14991688638535464,0,0,0,0],""a"":1,""t"":0.08,""seq"":1883,""ts"":1779197021593}"
"2026-05-19T13:23:41.618Z","1779197021618","remote_relay","speedl","1884","guest","operator","0.5480671881823278","0.2295624728347377","0.04580073974423343","2.922925946264687","-1.0642356038169853","-0.07944274287659106","{""type"":""speedl"",""xd"":[0,0.14991688638535464,0,0,0,0],""a"":1,""t"":0.08,""seq"":1884,""ts"":1779197021613}"
"2026-05-19T13:23:41.637Z","1779197021637","remote_relay","speedl","1885","guest","operator","0.5480671881823278","0.2295624728347377","0.04580073974423343","2.922925946264687","-1.0642356038169853","-0.07944274287659106","{""type"":""speedl"",""xd"":[0,0.14991688638535464,0,0,0,0],""a"":1,""t"":0.08,""seq"":1885,""ts"":1779197021633}"
"2026-05-19T13:23:41.656Z","1779197021656","remote_relay","speedl","1886","guest","operator","0.5480671881823278","0.2295624728347377","0.04580073974423343","2.922925946264687","-1.0642356038169853","-0.07944274287659106","{""type"":""speedl"",""xd"":[0,0.14991688638535464,0,0,0,0],""a"":1,""t"":0.08,""seq"":1886,""ts"":1779197021652}"
"2026-05-19T13:23:41.678Z","1779197021678","remote_relay","speedl","1887","guest","operator","0.5480671881823278","0.2295624728347377","0.04580073974423343","2.922925946264687","-1.0642356038169853","-0.07944274287659106","{""type"":""speedl"",""xd"":[0,0.14991688638535464,0,0,0,0],""a"":1,""t"":0.08,""seq"":1887,""ts"":1779197021673}"
"2026-05-19T13:23:41.698Z","1779197021698","remote_relay","speedl","1888","guest","operator","0.5480671881823278","0.2295624728347377","0.04580073974423343","2.922925946264687","-1.0642356038169853","-0.07944274287659106","{""type"":""speedl"",""xd"":[0,0.14991688638535464,0,0,0,0],""a"":1,""t"":0.08,""seq"":1888,""ts"":1779197021693}"
"2026-05-19T13:23:41.717Z","1779197021717","remote_relay","speedl","1889","guest","operator","0.5480671881823278","0.2295624728347377","0.04580073974423343","2.922925946264687","-1.0642356038169853","-0.07944274287659106","{""type"":""speedl"",""xd"":[0,0.14991688638535464,0,0,0,0],""a"":1,""t"":0.08,""seq"":1889,""ts"":1779197021713}"
"2026-05-19T13:23:41.737Z","1779197021737","remote_relay","speedl","1890","guest","operator","0.5480671881823278","0.2295624728347377","0.04580073974423343","2.922925946264687","-1.0642356038169853","-0.07944274287659106","{""type"":""speedl"",""xd"":[0,0.14991688638535464,0,0,0,0],""a"":1,""t"":0.08,""seq"":1890,""ts"":1779197021733}"
"2026-05-19T13:23:41.756Z","1779197021756","remote_relay","speedl","1891","guest","operator","0.5480671881823278","0.2295624728347377","0.04580073974423343","2.922925946264687","-1.0642356038169853","-0.07944274287659106","{""type"":""speedl"",""xd"":[0,0.14991688638535464,0,0,0,0],""a"":1,""t"":0.08,""seq"":1891,""ts"":1779197021752}"
"2026-05-19T13:23:41.777Z","1779197021777","remote_relay","speedl","1892","guest","operator","0.5480671881823278","0.2295624728347377","0.04580073974423343","2.922925946264687","-1.0642356038169853","-0.07944274287659106","{""type"":""speedl"",""xd"":[0,0.14991688638535464,0,0,0,0],""a"":1,""t"":0.08,""seq"":1892,""ts"":1779197021772}"
"2026-05-19T13:23:41.797Z","1779197021797","remote_relay","speedl","1893","guest","operator","0.5480671881823278","0.2295624728347377","0.04580073974423343","2.922925946264687","-1.0642356038169853","-0.07944274287659106","{""type"":""speedl"",""xd"":[0,0.14991688638535464,0,0,0,0],""a"":1,""t"":0.08,""seq"":1893,""ts"":1779197021793}"
"2026-05-19T13:23:41.817Z","1779197021817","remote_relay","speedl","1894","guest","operator","0.5480671881823278","0.2295624728347377","0.04580073974423343","2.922925946264687","-1.0642356038169853","-0.07944274287659106","{""type"":""speedl"",""xd"":[0,0.14991688638535464,0,0,0,0],""a"":1,""t"":0.08,""seq"":1894,""ts"":1779197021812}"
"2026-05-19T13:23:41.838Z","1779197021838","remote_relay","speedl","1895","guest","operator","0.5480671881823278","0.2295624728347377","0.04580073974423343","2.922925946264687","-1.0642356038169853","-0.07944274287659106","{""type"":""speedl"",""xd"":[0,0.14991688638535464,0,0,0,0],""a"":1,""t"":0.08,""seq"":1895,""ts"":1779197021834}"
"2026-05-19T13:23:41.860Z","1779197021860","remote_relay","speedl","1896","guest","operator","0.5480671881823278","0.2295624728347377","0.04580073974423343","2.922925946264687","-1.0642356038169853","-0.07944274287659106","{""type"":""speedl"",""xd"":[0,0.14991688638535464,0,0,0,0],""a"":1,""t"":0.08,""seq"":1896,""ts"":1779197021853}"
"2026-05-19T13:23:41.877Z","1779197021877","remote_relay","speedl","1897","guest","operator","0.5480671881823278","0.2295624728347377","0.04580073974423343","2.922925946264687","-1.0642356038169853","-0.07944274287659106","{""type"":""speedl"",""xd"":[0,0.14991688638535464,0,0,0,0],""a"":1,""t"":0.08,""seq"":1897,""ts"":1779197021872}"
"2026-05-19T13:23:41.898Z","1779197021898","remote_relay","speedl","1898","guest","operator","0.5480671881823278","0.2295624728347377","0.04580073974423343","2.922925946264687","-1.0642356038169853","-0.07944274287659106","{""type"":""speedl"",""xd"":[0,0.14991688638535464,0,0,0,0],""a"":1,""t"":0.08,""seq"":1898,""ts"":1779197021894}"
"2026-05-19T13:23:41.917Z","1779197021917","remote_relay","speedl","1899","guest","operator","0.5480671881823278","0.2295624728347377","0.04580073974423343","2.922925946264687","-1.0642356038169853","-0.07944274287659106","{""type"":""speedl"",""xd"":[0,0.14991688638535464,0,0,0,0],""a"":1,""t"":0.08,""seq"":1899,""ts"":1779197021913}"
"2026-05-19T13:23:41.937Z","1779197021937","remote_relay","speedl","1900","guest","operator","0.5480671881823278","0.2295624728347377","0.04580073974423343","2.922925946264687","-1.0642356038169853","-0.07944274287659106","{""type"":""speedl"",""xd"":[0,0.14991688638535464,0,0,0,0],""a"":1,""t"":0.08,""seq"":1900,""ts"":1779197021933}"
"2026-05-19T13:23:41.956Z","1779197021956","remote_relay","speedl","1901","guest","operator","0.5480671881823278","0.2295624728347377","0.04580073974423343","2.922925946264687","-1.0642356038169853","-0.07944274287659106","{""type"":""speedl"",""xd"":[0,0.14991688638535464,0,0,0,0],""a"":1,""t"":0.08,""seq"":1901,""ts"":1779197021952}"
"2026-05-19T13:23:41.978Z","1779197021978","remote_relay","speedl","1902","guest","operator","0.5480671881823278","0.2295624728347377","0.04580073974423343","2.922925946264687","-1.0642356038169853","-0.07944274287659106","{""type"":""speedl"",""xd"":[0,0.14991688638535464,0,0,0,0],""a"":1,""t"":0.08,""seq"":1902,""ts"":1779197021974}"
"2026-05-19T13:23:41.999Z","1779197021999","remote_relay","speedl","1903","guest","operator","0.5480671881823278","0.2295624728347377","0.04580073974423343","2.922925946264687","-1.0642356038169853","-0.07944274287659106","{""type"":""speedl"",""xd"":[0,0.14991688638535464,0,0,0,0],""a"":1,""t"":0.08,""seq"":1903,""ts"":1779197021994}"
"2026-05-19T13:23:42.019Z","1779197022019","remote_relay","speedl","1904","guest","operator","0.5480671881823278","0.2295624728347377","0.04580073974423343","2.922925946264687","-1.0642356038169853","-0.07944274287659106","{""type"":""speedl"",""xd"":[0,0.14991688638535464,0,0,0,0],""a"":1,""t"":0.08,""seq"":1904,""ts"":1779197022014}"
"2026-05-19T13:23:42.036Z","1779197022036","remote_relay","speedl","1905","guest","operator","0.5480671881823278","0.2295624728347377","0.04580073974423343","2.922925946264687","-1.0642356038169853","-0.07944274287659106","{""type"":""speedl"",""xd"":[0,0.14991688638535464,0,0,0,0],""a"":1,""t"":0.08,""seq"":1905,""ts"":1779197022032}"
"2026-05-19T13:23:42.057Z","1779197022057","remote_relay","speedl","1906","guest","operator","0.5480671881823278","0.2295624728347377","0.04580073974423343","2.922925946264687","-1.0642356038169853","-0.07944274287659106","{""type"":""speedl"",""xd"":[0,0.14991688638535464,0,0,0,0],""a"":1,""t"":0.08,""seq"":1906,""ts"":1779197022053}"
"2026-05-19T13:23:42.078Z","1779197022078","remote_relay","speedl","1907","guest","operator","0.5480671881823278","0.2295624728347377","0.04580073974423343","2.922925946264687","-1.0642356038169853","-0.07944274287659106","{""type"":""speedl"",""xd"":[0,0.14991688638535464,0,0,0,0],""a"":1,""t"":0.08,""seq"":1907,""ts"":1779197022073}"
"2026-05-19T13:23:42.099Z","1779197022099","remote_relay","speedl","1908","guest","operator","0.5480671881823278","0.2295624728347377","0.04580073974423343","2.922925946264687","-1.0642356038169853","-0.07944274287659106","{""type"":""speedl"",""xd"":[0,0.14991688638535464,0,0,0,0],""a"":1,""t"":0.08,""seq"":1908,""ts"":1779197022094}"
"2026-05-19T13:23:42.117Z","1779197022117","remote_relay","speedl","1909","guest","operator","0.5480671881823278","0.2295624728347377","0.04580073974423343","2.922925946264687","-1.0642356038169853","-0.07944274287659106","{""type"":""speedl"",""xd"":[0,0.14991688638535464,0,0,0,0],""a"":1,""t"":0.08,""seq"":1909,""ts"":1779197022112}"
"2026-05-19T13:23:42.137Z","1779197022137","remote_relay","speedl","1910","guest","operator","0.5480671881823278","0.2295624728347377","0.04580073974423343","2.922925946264687","-1.0642356038169853","-0.07944274287659106","{""type"":""speedl"",""xd"":[0,0.14991688638535464,0,0,0,0],""a"":1,""t"":0.08,""seq"":1910,""ts"":1779197022132}"
"2026-05-19T13:23:42.157Z","1779197022157","remote_relay","speedl","1911","guest","operator","0.5480671881823278","0.2295624728347377","0.04580073974423343","2.922925946264687","-1.0642356038169853","-0.07944274287659106","{""type"":""speedl"",""xd"":[0,0.14991688638535464,0,0,0,0],""a"":1,""t"":0.08,""seq"":1911,""ts"":1779197022153}"
"2026-05-19T13:23:42.177Z","1779197022177","remote_relay","speedl","1912","guest","operator","0.5480671881823278","0.2295624728347377","0.04580073974423343","2.922925946264687","-1.0642356038169853","-0.07944274287659106","{""type"":""speedl"",""xd"":[0,0.14991688638535464,0,0,0,0],""a"":1,""t"":0.08,""seq"":1912,""ts"":1779197022172}"
"2026-05-19T13:23:42.199Z","1779197022199","remote_relay","speedl","1913","guest","operator","0.5480671881823278","0.2295624728347377","0.04580073974423343","2.922925946264687","-1.0642356038169853","-0.07944274287659106","{""type"":""speedl"",""xd"":[0,0.14991688638535464,0,0,0,0],""a"":1,""t"":0.08,""seq"":1913,""ts"":1779197022194}"
"2026-05-19T13:23:42.217Z","1779197022217","remote_relay","speedl","1914","guest","operator","0.5480671881823278","0.2295624728347377","0.04580073974423343","2.922925946264687","-1.0642356038169853","-0.07944274287659106","{""type"":""speedl"",""xd"":[0,0.14991688638535464,0,0,0,0],""a"":1,""t"":0.08,""seq"":1914,""ts"":1779197022213}"
"2026-05-19T13:23:42.236Z","1779197022236","remote_relay","speedl","1915","guest","operator","0.5480671881823278","0.2295624728347377","0.04580073974423343","2.922925946264687","-1.0642356038169853","-0.07944274287659106","{""type"":""speedl"",""xd"":[0,0.14991688638535464,0,0,0,0],""a"":1,""t"":0.08,""seq"":1915,""ts"":1779197022232}"
"2026-05-19T13:23:42.257Z","1779197022257","remote_relay","speedl","1916","guest","operator","0.5480671881823278","0.2295624728347377","0.04580073974423343","2.922925946264687","-1.0642356038169853","-0.07944274287659106","{""type"":""speedl"",""xd"":[0,0.14991688638535464,0,0,0,0],""a"":1,""t"":0.08,""seq"":1916,""ts"":1779197022253}"
"2026-05-19T13:23:42.277Z","1779197022277","remote_relay","speedl","1917","guest","operator","0.5480671881823278","0.2295624728347377","0.04580073974423343","2.922925946264687","-1.0642356038169853","-0.07944274287659106","{""type"":""speedl"",""xd"":[0,0.14991688638535464,0,0,0,0],""a"":1,""t"":0.08,""seq"":1917,""ts"":1779197022273}"
"2026-05-19T13:23:42.297Z","1779197022297","remote_relay","speedl","1918","guest","operator","0.5480671881823278","0.2295624728347377","0.04580073974423343","2.922925946264687","-1.0642356038169853","-0.07944274287659106","{""type"":""speedl"",""xd"":[0,0.14991688638535464,0,0,0,0],""a"":1,""t"":0.08,""seq"":1918,""ts"":1779197022292}"
"2026-05-19T13:23:42.316Z","1779197022316","remote_relay","speedl","1919","guest","operator","0.5480671881823278","0.2295624728347377","0.04580073974423343","2.922925946264687","-1.0642356038169853","-0.07944274287659106","{""type"":""speedl"",""xd"":[0,0.14991688638535464,0,0,0,0],""a"":1,""t"":0.08,""seq"":1919,""ts"":1779197022312}"
"2026-05-19T13:23:42.337Z","1779197022337","remote_relay","speedl","1920","guest","operator","0.5480671881823278","0.2295624728347377","0.04580073974423343","2.922925946264687","-1.0642356038169853","-0.07944274287659106","{""type"":""speedl"",""xd"":[0,0.14991688638535464,0,0,0,0],""a"":1,""t"":0.08,""seq"":1920,""ts"":1779197022333}"
"2026-05-19T13:23:42.360Z","1779197022360","remote_relay","speedl_stop","1922","guest","operator","0.5480671881823278","0.2295624728347377","0.04580073974423343","2.922925946264687","-1.0642356038169853","-0.07944274287659106","{""type"":""speedl_stop"",""seq"":1922,""ts"":1779197022355}"
"2026-05-19T13:23:42.360Z","1779197022360","remote_relay","speedl_stop","1923","guest","operator","0.5480671881823278","0.2295624728347377","0.04580073974423343","2.922925946264687","-1.0642356038169853","-0.07944274287659106","{""type"":""speedl_stop"",""seq"":1923,""ts"":1779197022355}"
"2026-05-19T13:23:42.360Z","1779197022360","remote_relay","speedl","1921","guest","operator","0.5480671881823278","0.2295624728347377","0.04580073974423343","2.922925946264687","-1.0642356038169853","-0.07944274287659106","{""type"":""speedl"",""xd"":[0,0.14991688638535464,0,0,0,0],""a"":1,""t"":0.08,""seq"":1921,""ts"":1779197022352}"
"2026-05-19T13:23:42.376Z","1779197022376","remote_relay","speedl_stop","1924","guest","operator","0.5480671881823278","0.2295624728347377","0.04580073974423343","2.922925946264687","-1.0642356038169853","-0.07944274287659106","{""type"":""speedl_stop"",""seq"":1924,""ts"":1779197022362}"
"2026-05-19T13:23:52.903Z","1779197032903","remote_relay","speedl_stop","1925","guest","operator","0.5480671881823278","0.2295624728347377","0.04580073974423343","2.922925946264687","-1.0642356038169853","-0.07944274287659106","{""type"":""speedl_stop"",""seq"":1925,""ts"":1779197032903}"
"2026-05-19T13:23:52.923Z","1779197032923","remote_relay","speedl_stop","1926","guest","operator","0.5480671881823278","0.2295624728347377","0.04580073974423343","2.922925946264687","-1.0642356038169853","-0.07944274287659106","{""type"":""speedl_stop"",""seq"":1926,""ts"":1779197032923}"
"2026-05-19T13:23:52.943Z","1779197032943","remote_relay","speedl_stop","1927","guest","operator","0.5480671881823278","0.2295624728347377","0.04580073974423343","2.922925946264687","-1.0642356038169853","-0.07944274287659106","{""type"":""speedl_stop"",""seq"":1927,""ts"":1779197032943}"
"2026-05-19T13:23:52.963Z","1779197032963","remote_relay","speedl_stop","1928","guest","operator","0.5480671881823278","0.2295624728347377","0.04580073974423343","2.922925946264687","-1.0642356038169853","-0.07944274287659106","{""type"":""speedl_stop"",""seq"":1928,""ts"":1779197032963}"
"2026-05-19T13:23:53.228Z","1779197033228","remote_relay","speedl","1929","guest","operator","0.5480671881823278","0.2295624728347377","0.04580073974423343","2.922925946264687","-1.0642356038169853","-0.07944274287659106","{""type"":""speedl"",""xd"":[-2.5464962938608215e-8,-0.000011345378982208192,0,0,0,0],""a"":1,""t"":0.08,""seq"":1929,""ts"":1779197033223}"
"2026-05-19T13:23:53.247Z","1779197033247","remote_relay","speedl","1930","guest","operator","0.5480671881823278","0.2295624728347377","0.04580073974423343","2.922925946264687","-1.0642356038169853","-0.07944274287659106","{""type"":""speedl"",""xd"":[-2.5464962938608215e-8,-0.00023641844517247054,0,0,0,0],""a"":1,""t"":0.08,""seq"":1930,""ts"":1779197033243}"
"2026-05-19T13:23:53.268Z","1779197033268","remote_relay","speedl","1931","guest","operator","0.5480671881823278","0.2295624728347377","0.04580073974423343","2.922925946264687","-1.0642356038169853","-0.07944274287659106","{""type"":""speedl"",""xd"":[-2.5464962938608215e-8,-0.0005416596345803425,0,0,0,0],""a"":1,""t"":0.08,""seq"":1931,""ts"":1779197033263}"
"2026-05-19T13:23:53.289Z","1779197033289","remote_relay","speedl","1932","guest","operator","0.5480671881823278","0.2295624728347377","0.04580073974423343","2.922925946264687","-1.0642356038169853","-0.07944274287659106","{""type"":""speedl"",""xd"":[-2.5464962938608215e-8,-0.0005416596345803425,0,0,0,0],""a"":1,""t"":0.08,""seq"":1932,""ts"":1779197033283}"
"2026-05-19T13:23:53.310Z","1779197033310","remote_relay","speedl","1933","guest","operator","0.5480671881823278","0.2295624728347377","0.04580073974423343","2.922925946264687","-1.0642356038169853","-0.07944274287659106","{""type"":""speedl"",""xd"":[-2.5464962938608215e-8,-0.0005416596345803425,0,0,0,0],""a"":1,""t"":0.08,""seq"":1933,""ts"":1779197033305}"
"2026-05-19T13:23:53.328Z","1779197033328","remote_relay","speedl","1934","guest","operator","0.5480671881823278","0.2295624728347377","0.04580073974423343","2.922925946264687","-1.0642356038169853","-0.07944274287659106","{""type"":""speedl"",""xd"":[-2.5464962938608215e-8,-0.0010363651448337774,0,0,0,0],""a"":1,""t"":0.08,""seq"":1934,""ts"":1779197033323}"
"2026-05-19T13:23:53.348Z","1779197033348","remote_relay","speedl","1935","guest","operator","0.5480671881823278","0.2295624728347377","0.04580073974423343","2.922925946264687","-1.0642356038169853","-0.07944274287659106","{""type"":""speedl"",""xd"":[-2.5464962938608215e-8,-0.001369062617926893,0,0,0,0],""a"":1,""t"":0.08,""seq"":1935,""ts"":1779197033344}"
"2026-05-19T13:23:53.367Z","1779197033367","remote_relay","speedl","1936","guest","operator","0.5480671881823278","0.2295624728347377","0.04580073974423343","2.922925946264687","-1.0642356038169853","-0.07944274287659106","{""type"":""speedl"",""xd"":[-2.5464962938608215e-8,-0.001369062617926893,0,0,0,0],""a"":1,""t"":0.08,""seq"":1936,""ts"":1779197033363}"
"2026-05-19T13:23:53.389Z","1779197033389","remote_relay","speedl","1937","guest","operator","0.5480671881823278","0.2295624728347377","0.04580073974423343","2.922925946264687","-1.0642356038169853","-0.07944274287659106","{""type"":""speedl"",""xd"":[-2.5464962938608215e-8,-0.001369062617926893,0,0,0,0],""a"":1,""t"":0.08,""seq"":1937,""ts"":1779197033383}"
"2026-05-19T13:23:53.407Z","1779197033407","remote_relay","speedl","1938","guest","operator","0.5480671881823278","0.2295624728347377","0.04580073974423343","2.922925946264687","-1.0642356038169853","-0.07944274287659106","{""type"":""speedl"",""xd"":[-2.5464962938608215e-8,-0.001369062617926893,0,0,0,0],""a"":1,""t"":0.08,""seq"":1938,""ts"":1779197033403}"
"2026-05-19T13:23:53.428Z","1779197033428","remote_relay","speedl","1939","guest","operator","0.5480671881823278","0.2295624728347377","0.04580073974423343","2.922925946264687","-1.0642356038169853","-0.07944274287659106","{""type"":""speedl"",""xd"":[-2.5464962938608215e-8,-0.001369062617926893,0,0,0,0],""a"":1,""t"":0.08,""seq"":1939,""ts"":1779197033424}"
"2026-05-19T13:23:53.447Z","1779197033447","remote_relay","speedl","1940","guest","operator","0.5480671881823278","0.2295624728347377","0.04580073974423343","2.922925946264687","-1.0642356038169853","-0.07944274287659106","{""type"":""speedl"",""xd"":[-2.5464962938608215e-8,-0.001369062617926893,0,0,0,0],""a"":1,""t"":0.08,""seq"":1940,""ts"":1779197033443}"
"2026-05-19T13:23:53.467Z","1779197033467","remote_relay","speedl","1941","guest","operator","0.5480671881823278","0.2295624728347377","0.04580073974423343","2.922925946264687","-1.0642356038169853","-0.07944274287659106","{""type"":""speedl"",""xd"":[-2.5464962938608215e-8,-0.0022337381953445525,0,0,0,0],""a"":1,""t"":0.08,""seq"":1941,""ts"":1779197033463}"
"2026-05-19T13:23:53.491Z","1779197033491","remote_relay","speedl","1942","guest","operator","0.5480671881823278","0.2295624728347377","0.04580073974423343","2.922925946264687","-1.0642356038169853","-0.07944274287659106","{""type"":""speedl"",""xd"":[0,-0.002777152777788543,0,0,0,0],""a"":1,""t"":0.08,""seq"":1942,""ts"":1779197033483}"
"2026-05-19T13:23:53.511Z","1779197033511","remote_relay","speedl","1943","guest","operator","0.5480671881823278","0.2295624728347377","0.04580073974423343","2.922925946264687","-1.0642356038169853","-0.07944274287659106","{""type"":""speedl"",""xd"":[0,-0.0041147267254454814,0,0,0,0],""a"":1,""t"":0.08,""seq"":1943,""ts"":1779197033505}"
"2026-05-19T13:23:53.529Z","1779197033529","remote_relay","speedl","1944","guest","operator","0.5480671881823278","0.2295624728347377","0.04580073974423343","2.922925946264687","-1.0642356038169853","-0.07944274287659106","{""type"":""speedl"",""xd"":[0,-0.0041147267254454814,0,0,0,0],""a"":1,""t"":0.08,""seq"":1944,""ts"":1779197033524}"
"2026-05-19T13:23:53.548Z","1779197033548","remote_relay","speedl","1945","guest","operator","0.5480671881823278","0.2295624728347377","0.04580073974423343","2.922925946264687","-1.0642356038169853","-0.07944274287659106","{""type"":""speedl"",""xd"":[0,-0.0041147267254454814,0,0,0,0],""a"":1,""t"":0.08,""seq"":1945,""ts"":1779197033544}"
"2026-05-19T13:23:53.568Z","1779197033568","remote_relay","speedl","1946","guest","operator","0.5480671881823278","0.2295624728347377","0.04580073974423343","2.922925946264687","-1.0642356038169853","-0.07944274287659106","{""type"":""speedl"",""xd"":[0,-0.0041147267254454814,0,0,0,0],""a"":1,""t"":0.08,""seq"":1946,""ts"":1779197033563}"
"2026-05-19T13:23:53.589Z","1779197033589","remote_relay","speedl","1947","guest","operator","0.5480671881823278","0.2295624728347377","0.04580073974423343","2.922925946264687","-1.0642356038169853","-0.07944274287659106","{""type"":""speedl"",""xd"":[0,-0.0041147267254454814,0,0,0,0],""a"":1,""t"":0.08,""seq"":1947,""ts"":1779197033584}"
"2026-05-19T13:23:53.607Z","1779197033607","remote_relay","speedl","1948","guest","operator","0.5480671881823278","0.2295624728347377","0.04580073974423343","2.922925946264687","-1.0642356038169853","-0.07944274287659106","{""type"":""speedl"",""xd"":[0,-0.0041147267254454814,0,0,0,0],""a"":1,""t"":0.08,""seq"":1948,""ts"":1779197033603}"
"2026-05-19T13:23:53.627Z","1779197033627","remote_relay","speedl","1949","guest","operator","0.5480671881823278","0.2295624728347377","0.04580073974423343","2.922925946264687","-1.0642356038169853","-0.07944274287659106","{""type"":""speedl"",""xd"":[0,-0.0041147267254454814,0,0,0,0],""a"":1,""t"":0.08,""seq"":1949,""ts"":1779197033623}"
"2026-05-19T13:23:53.648Z","1779197033648","remote_relay","speedl","1950","guest","operator","0.5480671881823278","0.2295624728347377","0.04580073974423343","2.922925946264687","-1.0642356038169853","-0.07944274287659106","{""type"":""speedl"",""xd"":[0,-0.0041147267254454814,0,0,0,0],""a"":1,""t"":0.08,""seq"":1950,""ts"":1779197033644}"
"2026-05-19T13:23:53.668Z","1779197033668","remote_relay","speedl","1951","guest","operator","0.5480671881823278","0.2295624728347377","0.04580073974423343","2.922925946264687","-1.0642356038169853","-0.07944274287659106","{""type"":""speedl"",""xd"":[0,-0.0041147267254454814,0,0,0,0],""a"":1,""t"":0.08,""seq"":1951,""ts"":1779197033663}"
"2026-05-19T13:23:53.689Z","1779197033689","remote_relay","speedl","1952","guest","operator","0.5480671881823278","0.2295624728347377","0.04580073974423343","2.922925946264687","-1.0642356038169853","-0.07944274287659106","{""type"":""speedl"",""xd"":[0,-0.0041147267254454814,0,0,0,0],""a"":1,""t"":0.08,""seq"":1952,""ts"":1779197033683}"
"2026-05-19T13:23:53.710Z","1779197033710","remote_relay","speedl","1953","guest","operator","0.5480671881823278","0.2295624728347377","0.04580073974423343","2.922925946264687","-1.0642356038169853","-0.07944274287659106","{""type"":""speedl"",""xd"":[0,-0.0041147267254454814,0,0,0,0],""a"":1,""t"":0.08,""seq"":1953,""ts"":1779197033706}"
"2026-05-19T13:23:53.728Z","1779197033728","remote_relay","speedl","1954","guest","operator","0.5480671881823278","0.2295624728347377","0.04580073974423343","2.922925946264687","-1.0642356038169853","-0.07944274287659106","{""type"":""speedl"",""xd"":[0,-0.0041147267254454814,0,0,0,0],""a"":1,""t"":0.08,""seq"":1954,""ts"":1779197033723}"
"2026-05-19T13:23:53.748Z","1779197033748","remote_relay","speedl","1955","guest","operator","0.5480671881823278","0.2295624728347377","0.04580073974423343","2.922925946264687","-1.0642356038169853","-0.07944274287659106","{""type"":""speedl"",""xd"":[0,-0.0041147267254454814,0,0,0,0],""a"":1,""t"":0.08,""seq"":1955,""ts"":1779197033743}"
"2026-05-19T13:23:53.768Z","1779197033768","remote_relay","speedl","1956","guest","operator","0.5480671881823278","0.2295624728347377","0.04580073974423343","2.922925946264687","-1.0642356038169853","-0.07944274287659106","{""type"":""speedl"",""xd"":[0,-0.0041147267254454814,0,0,0,0],""a"":1,""t"":0.08,""seq"":1956,""ts"":1779197033763}"
"2026-05-19T13:23:53.789Z","1779197033789","remote_relay","speedl","1957","guest","operator","0.5480671881823278","0.2295624728347377","0.04580073974423343","2.922925946264687","-1.0642356038169853","-0.07944274287659106","{""type"":""speedl"",""xd"":[0,-0.0041147267254454814,0,0,0,0],""a"":1,""t"":0.08,""seq"":1957,""ts"":1779197033784}"
"2026-05-19T13:23:53.809Z","1779197033809","remote_relay","speedl","1958","guest","operator","0.5480671881823278","0.2295624728347377","0.04580073974423343","2.922925946264687","-1.0642356038169853","-0.07944274287659106","{""type"":""speedl"",""xd"":[0,-0.0041147267254454814,0,0,0,0],""a"":1,""t"":0.08,""seq"":1958,""ts"":1779197033804}"
"2026-05-19T13:23:53.827Z","1779197033827","remote_relay","speedl","1959","guest","operator","0.5480671881823278","0.2295624728347377","0.04580073974423343","2.922925946264687","-1.0642356038169853","-0.07944274287659106","{""type"":""speedl"",""xd"":[0,-0.0041147267254454814,0,0,0,0],""a"":1,""t"":0.08,""seq"":1959,""ts"":1779197033823}"
"2026-05-19T13:23:53.848Z","1779197033848","remote_relay","speedl","1960","guest","operator","0.5480671881823278","0.2295624728347377","0.04580073974423343","2.922925946264687","-1.0642356038169853","-0.07944274287659106","{""type"":""speedl"",""xd"":[0,-0.0041147267254454814,0,0,0,0],""a"":1,""t"":0.08,""seq"":1960,""ts"":1779197033844}"
"2026-05-19T13:23:53.868Z","1779197033868","remote_relay","speedl","1961","guest","operator","0.5480671881823278","0.2295624728347377","0.04580073974423343","2.922925946264687","-1.0642356038169853","-0.07944274287659106","{""type"":""speedl"",""xd"":[0,-0.0041147267254454814,0,0,0,0],""a"":1,""t"":0.08,""seq"":1961,""ts"":1779197033864}"
"2026-05-19T13:23:53.888Z","1779197033888","remote_relay","speedl","1962","guest","operator","0.5480671881823278","0.2295624728347377","0.04580073974423343","2.922925946264687","-1.0642356038169853","-0.07944274287659106","{""type"":""speedl"",""xd"":[0,-0.0041147267254454814,0,0,0,0],""a"":1,""t"":0.08,""seq"":1962,""ts"":1779197033883}"
"2026-05-19T13:23:53.910Z","1779197033910","remote_relay","speedl","1963","guest","operator","0.5480671881823278","0.2295624728347377","0.04580073974423343","2.922925946264687","-1.0642356038169853","-0.07944274287659106","{""type"":""speedl"",""xd"":[0,-0.0041147267254454814,0,0,0,0],""a"":1,""t"":0.08,""seq"":1963,""ts"":1779197033906}"
"2026-05-19T13:23:53.927Z","1779197033927","remote_relay","speedl","1964","guest","operator","0.5480671881823278","0.2295624728347377","0.04580073974423343","2.922925946264687","-1.0642356038169853","-0.07944274287659106","{""type"":""speedl"",""xd"":[0,-0.0041147267254454814,0,0,0,0],""a"":1,""t"":0.08,""seq"":1964,""ts"":1779197033923}"
"2026-05-19T13:23:53.949Z","1779197033949","remote_relay","speedl","1965","guest","operator","0.5480671881823278","0.2295624728347377","0.04580073974423343","2.922925946264687","-1.0642356038169853","-0.07944274287659106","{""type"":""speedl"",""xd"":[0,-0.0041147267254454814,0,0,0,0],""a"":1,""t"":0.08,""seq"":1965,""ts"":1779197033943}"
"2026-05-19T13:23:53.968Z","1779197033968","remote_relay","speedl","1966","guest","operator","0.5480671881823278","0.2295624728347377","0.04580073974423343","2.922925946264687","-1.0642356038169853","-0.07944274287659106","{""type"":""speedl"",""xd"":[0,-0.0041147267254454814,0,0,0,0],""a"":1,""t"":0.08,""seq"":1966,""ts"":1779197033963}"
"2026-05-19T13:23:53.989Z","1779197033989","remote_relay","speedl","1967","guest","operator","0.5480671881823278","0.2295624728347377","0.04580073974423343","2.922925946264687","-1.0642356038169853","-0.07944274287659106","{""type"":""speedl"",""xd"":[0,-0.0041147267254454814,0,0,0,0],""a"":1,""t"":0.08,""seq"":1967,""ts"":1779197033983}"
"2026-05-19T13:23:54.011Z","1779197034011","remote_relay","speedl","1968","guest","operator","0.5480671881823278","0.2295624728347377","0.04580073974423343","2.922925946264687","-1.0642356038169853","-0.07944274287659106","{""type"":""speedl"",""xd"":[0,-0.0041147267254454814,0,0,0,0],""a"":1,""t"":0.08,""seq"":1968,""ts"":1779197034007}"
"2026-05-19T13:23:54.028Z","1779197034028","remote_relay","speedl","1969","guest","operator","0.5480671881823278","0.2295624728347377","0.04580073974423343","2.922925946264687","-1.0642356038169853","-0.07944274287659106","{""type"":""speedl"",""xd"":[0,-0.0041147267254454814,0,0,0,0],""a"":1,""t"":0.08,""seq"":1969,""ts"":1779197034023}"
"2026-05-19T13:23:54.048Z","1779197034048","remote_relay","speedl","1970","guest","operator","0.5480671881823278","0.2295624728347377","0.04580073974423343","2.922925946264687","-1.0642356038169853","-0.07944274287659106","{""type"":""speedl"",""xd"":[0,-0.0041147267254454814,0,0,0,0],""a"":1,""t"":0.08,""seq"":1970,""ts"":1779197034043}"
"2026-05-19T13:23:54.069Z","1779197034069","remote_relay","speedl","1971","guest","operator","0.5480671881823278","0.2295624728347377","0.04580073974423343","2.922925946264687","-1.0642356038169853","-0.07944274287659106","{""type"":""speedl"",""xd"":[0,-0.0041147267254454814,0,0,0,0],""a"":1,""t"":0.08,""seq"":1971,""ts"":1779197034064}"
"2026-05-19T13:23:54.090Z","1779197034090","remote_relay","speedl","1972","guest","operator","0.5480671881823278","0.2295624728347377","0.04580073974423343","2.922925946264687","-1.0642356038169853","-0.07944274287659106","{""type"":""speedl"",""xd"":[0,-0.0041147267254454814,0,0,0,0],""a"":1,""t"":0.08,""seq"":1972,""ts"":1779197034083}"
"2026-05-19T13:23:54.107Z","1779197034107","remote_relay","speedl","1973","guest","operator","0.5480671881823278","0.2295624728347377","0.04580073974423343","2.922925946264687","-1.0642356038169853","-0.07944274287659106","{""type"":""speedl"",""xd"":[0,-0.0041147267254454814,0,0,0,0],""a"":1,""t"":0.08,""seq"":1973,""ts"":1779197034103}"
"2026-05-19T13:23:54.127Z","1779197034127","remote_relay","speedl","1974","guest","operator","0.5480671881823278","0.2295624728347377","0.04580073974423343","2.922925946264687","-1.0642356038169853","-0.07944274287659106","{""type"":""speedl"",""xd"":[0,-0.0041147267254454814,0,0,0,0],""a"":1,""t"":0.08,""seq"":1974,""ts"":1779197034123}"
"2026-05-19T13:23:54.147Z","1779197034147","remote_relay","speedl","1975","guest","operator","0.5480671881823278","0.2295624728347377","0.04580073974423343","2.922925946264687","-1.0642356038169853","-0.07944274287659106","{""type"":""speedl"",""xd"":[0,-0.0041147267254454814,0,0,0,0],""a"":1,""t"":0.08,""seq"":1975,""ts"":1779197034143}"
"2026-05-19T13:23:54.168Z","1779197034168","remote_relay","speedl","1976","guest","operator","0.5480671881823278","0.2295624728347377","0.04580073974423343","2.922925946264687","-1.0642356038169853","-0.07944274287659106","{""type"":""speedl"",""xd"":[0,-0.0041147267254454814,0,0,0,0],""a"":1,""t"":0.08,""seq"":1976,""ts"":1779197034164}"
"2026-05-19T13:23:54.189Z","1779197034189","remote_relay","speedl","1977","guest","operator","0.5480671881823278","0.2295624728347377","0.04580073974423343","2.922925946264687","-1.0642356038169853","-0.07944274287659106","{""type"":""speedl"",""xd"":[0,-0.0041147267254454814,0,0,0,0],""a"":1,""t"":0.08,""seq"":1977,""ts"":1779197034184}"
"2026-05-19T13:23:54.208Z","1779197034208","remote_relay","speedl","1978","guest","operator","0.5480671881823278","0.2295624728347377","0.04580073974423343","2.922925946264687","-1.0642356038169853","-0.07944274287659106","{""type"":""speedl"",""xd"":[0,-0.0041147267254454814,0,0,0,0],""a"":1,""t"":0.08,""seq"":1978,""ts"":1779197034203}"
"2026-05-19T13:23:54.228Z","1779197034228","remote_relay","speedl","1979","guest","operator","0.5480671881823278","0.2295624728347377","0.04580073974423343","2.922925946264687","-1.0642356038169853","-0.07944274287659106","{""type"":""speedl"",""xd"":[0,-0.0041147267254454814,0,0,0,0],""a"":1,""t"":0.08,""seq"":1979,""ts"":1779197034223}"
"2026-05-19T13:23:54.248Z","1779197034248","remote_relay","speedl","1980","guest","operator","0.5480671881823278","0.2295624728347377","0.04580073974423343","2.922925946264687","-1.0642356038169853","-0.07944274287659106","{""type"":""speedl"",""xd"":[0,-0.0041147267254454814,0,0,0,0],""a"":1,""t"":0.08,""seq"":1980,""ts"":1779197034243}"
"2026-05-19T13:23:54.267Z","1779197034267","remote_relay","speedl","1981","guest","operator","0.5480671881823278","0.2295624728347377","0.04580073974423343","2.922925946264687","-1.0642356038169853","-0.07944274287659106","{""type"":""speedl"",""xd"":[0,-0.0041147267254454814,0,0,0,0],""a"":1,""t"":0.08,""seq"":1981,""ts"":1779197034263}"
"2026-05-19T13:23:54.290Z","1779197034290","remote_relay","speedl","1982","guest","operator","0.5480671881823278","0.2295624728347377","0.04580073974423343","2.922925946264687","-1.0642356038169853","-0.07944274287659106","{""type"":""speedl"",""xd"":[0,-0.0041147267254454814,0,0,0,0],""a"":1,""t"":0.08,""seq"":1982,""ts"":1779197034283}"
"2026-05-19T13:23:54.308Z","1779197034308","remote_relay","speedl","1983","guest","operator","0.5480671881823278","0.2295624728347377","0.04580073974423343","2.922925946264687","-1.0642356038169853","-0.07944274287659106","{""type"":""speedl"",""xd"":[0,-0.0041147267254454814,0,0,0,0],""a"":1,""t"":0.08,""seq"":1983,""ts"":1779197034304}"
"2026-05-19T13:23:54.328Z","1779197034328","remote_relay","speedl","1984","guest","operator","0.5480671881823278","0.2295624728347377","0.04580073974423343","2.922925946264687","-1.0642356038169853","-0.07944274287659106","{""type"":""speedl"",""xd"":[0,-0.0041147267254454814,0,0,0,0],""a"":1,""t"":0.08,""seq"":1984,""ts"":1779197034323}"
"2026-05-19T13:23:54.349Z","1779197034349","remote_relay","speedl","1985","guest","operator","0.5480671881823278","0.2295624728347377","0.04580073974423343","2.922925946264687","-1.0642356038169853","-0.07944274287659106","{""type"":""speedl"",""xd"":[0,-0.0041147267254454814,0,0,0,0],""a"":1,""t"":0.08,""seq"":1985,""ts"":1779197034344}"
"2026-05-19T13:23:54.367Z","1779197034367","remote_relay","speedl","1986","guest","operator","0.5480671881823278","0.2295624728347377","0.04580073974423343","2.922925946264687","-1.0642356038169853","-0.07944274287659106","{""type"":""speedl"",""xd"":[0,-0.0041147267254454814,0,0,0,0],""a"":1,""t"":0.08,""seq"":1986,""ts"":1779197034363}"
"2026-05-19T13:23:54.390Z","1779197034390","remote_relay","speedl","1987","guest","operator","0.5480671881823278","0.2295624728347377","0.04580073974423343","2.922925946264687","-1.0642356038169853","-0.07944274287659106","{""type"":""speedl"",""xd"":[0,-0.0041147267254454814,0,0,0,0],""a"":1,""t"":0.08,""seq"":1987,""ts"":1779197034383}"
"2026-05-19T13:23:54.411Z","1779197034411","remote_relay","speedl","1988","guest","operator","0.5480671881823278","0.2295624728347377","0.04580073974423343","2.922925946264687","-1.0642356038169853","-0.07944274287659106","{""type"":""speedl"",""xd"":[0,-0.0041147267254454814,0,0,0,0],""a"":1,""t"":0.08,""seq"":1988,""ts"":1779197034406}"
"2026-05-19T13:23:54.427Z","1779197034427","remote_relay","speedl","1989","guest","operator","0.5480671881823278","0.2295624728347377","0.04580073974423343","2.922925946264687","-1.0642356038169853","-0.07944274287659106","{""type"":""speedl"",""xd"":[0,-0.0041147267254454814,0,0,0,0],""a"":1,""t"":0.08,""seq"":1989,""ts"":1779197034423}"
"2026-05-19T13:23:54.447Z","1779197034447","remote_relay","speedl","1990","guest","operator","0.5480671881823278","0.2295624728347377","0.04580073974423343","2.922925946264687","-1.0642356038169853","-0.07944274287659106","{""type"":""speedl"",""xd"":[0,-0.0041147267254454814,0,0,0,0],""a"":1,""t"":0.08,""seq"":1990,""ts"":1779197034443}"
"2026-05-19T13:23:54.469Z","1779197034469","remote_relay","speedl","1991","guest","operator","0.5480671881823278","0.2295624728347377","0.04580073974423343","2.922925946264687","-1.0642356038169853","-0.07944274287659106","{""type"":""speedl"",""xd"":[0,-0.0041147267254454814,0,0,0,0],""a"":1,""t"":0.08,""seq"":1991,""ts"":1779197034464}"
"2026-05-19T13:23:54.489Z","1779197034489","remote_relay","speedl","1992","guest","operator","0.5480671881823278","0.2295624728347377","0.04580073974423343","2.922925946264687","-1.0642356038169853","-0.07944274287659106","{""type"":""speedl"",""xd"":[0,-0.0041147267254454814,0,0,0,0],""a"":1,""t"":0.08,""seq"":1992,""ts"":1779197034483}"
"2026-05-19T13:23:54.508Z","1779197034508","remote_relay","speedl","1993","guest","operator","0.5480671881823278","0.2295624728347377","0.04580073974423343","2.922925946264687","-1.0642356038169853","-0.07944274287659106","{""type"":""speedl"",""xd"":[0,-0.0041147267254454814,0,0,0,0],""a"":1,""t"":0.08,""seq"":1993,""ts"":1779197034503}"
"2026-05-19T13:23:54.528Z","1779197034528","remote_relay","speedl","1994","guest","operator","0.5480671881823278","0.2295624728347377","0.04580073974423343","2.922925946264687","-1.0642356038169853","-0.07944274287659106","{""type"":""speedl"",""xd"":[0,-0.0041147267254454814,0,0,0,0],""a"":1,""t"":0.08,""seq"":1994,""ts"":1779197034524}"
"2026-05-19T13:23:54.548Z","1779197034548","remote_relay","speedl","1995","guest","operator","0.5480671881823278","0.2295624728347377","0.04580073974423343","2.922925946264687","-1.0642356038169853","-0.07944274287659106","{""type"":""speedl"",""xd"":[0,-0.0041147267254454814,0,0,0,0],""a"":1,""t"":0.08,""seq"":1995,""ts"":1779197034543}"
"2026-05-19T13:23:54.567Z","1779197034567","remote_relay","speedl","1996","guest","operator","0.5480671881823278","0.2295624728347377","0.04580073974423343","2.922925946264687","-1.0642356038169853","-0.07944274287659106","{""type"":""speedl"",""xd"":[0,-0.0041147267254454814,0,0,0,0],""a"":1,""t"":0.08,""seq"":1996,""ts"":1779197034563}"
"2026-05-19T13:23:54.590Z","1779197034590","remote_relay","speedl","1997","guest","operator","0.5480671881823278","0.2295624728347377","0.04580073974423343","2.922925946264687","-1.0642356038169853","-0.07944274287659106","{""type"":""speedl"",""xd"":[0,-0.0041147267254454814,0,0,0,0],""a"":1,""t"":0.08,""seq"":1997,""ts"":1779197034583}"
"2026-05-19T13:23:54.608Z","1779197034608","remote_relay","speedl","1998","guest","operator","0.5480671881823278","0.2295624728347377","0.04580073974423343","2.922925946264687","-1.0642356038169853","-0.07944274287659106","{""type"":""speedl"",""xd"":[0,-0.0041147267254454814,0,0,0,0],""a"":1,""t"":0.08,""seq"":1998,""ts"":1779197034603}"
"2026-05-19T13:23:54.627Z","1779197034627","remote_relay","speedl","1999","guest","operator","0.5480671881823278","0.2295624728347377","0.04580073974423343","2.922925946264687","-1.0642356038169853","-0.07944274287659106","{""type"":""speedl"",""xd"":[0,-0.0041147267254454814,0,0,0,0],""a"":1,""t"":0.08,""seq"":1999,""ts"":1779197034623}"
"2026-05-19T13:23:54.648Z","1779197034648","remote_relay","speedl","2000","guest","operator","0.5480671881823278","0.2295624728347377","0.04580073974423343","2.922925946264687","-1.0642356038169853","-0.07944274287659106","{""type"":""speedl"",""xd"":[0,-0.0041147267254454814,0,0,0,0],""a"":1,""t"":0.08,""seq"":2000,""ts"":1779197034643}"
"2026-05-19T13:23:54.667Z","1779197034667","remote_relay","speedl","2001","guest","operator","0.5480671881823278","0.2295624728347377","0.04580073974423343","2.922925946264687","-1.0642356038169853","-0.07944274287659106","{""type"":""speedl"",""xd"":[0,-0.0041147267254454814,0,0,0,0],""a"":1,""t"":0.08,""seq"":2001,""ts"":1779197034663}"
"2026-05-19T13:23:54.687Z","1779197034687","remote_relay","speedl","2002","guest","operator","0.5480671881823278","0.2295624728347377","0.04580073974423343","2.922925946264687","-1.0642356038169853","-0.07944274287659106","{""type"":""speedl"",""xd"":[0,-0.0041147267254454814,0,0,0,0],""a"":1,""t"":0.08,""seq"":2002,""ts"":1779197034683}"
"2026-05-19T13:23:54.708Z","1779197034708","remote_relay","speedl","2003","guest","operator","0.5480671881823278","0.2295624728347377","0.04580073974423343","2.922925946264687","-1.0642356038169853","-0.07944274287659106","{""type"":""speedl"",""xd"":[0,-0.0041147267254454814,0,0,0,0],""a"":1,""t"":0.08,""seq"":2003,""ts"":1779197034703}"
"2026-05-19T13:23:54.727Z","1779197034727","remote_relay","speedl","2004","guest","operator","0.5480671881823278","0.2295624728347377","0.04580073974423343","2.922925946264687","-1.0642356038169853","-0.07944274287659106","{""type"":""speedl"",""xd"":[0,-0.0041147267254454814,0,0,0,0],""a"":1,""t"":0.08,""seq"":2004,""ts"":1779197034723}"
"2026-05-19T13:23:54.747Z","1779197034747","remote_relay","speedl","2005","guest","operator","0.5480671881823278","0.2295624728347377","0.04580073974423343","2.922925946264687","-1.0642356038169853","-0.07944274287659106","{""type"":""speedl"",""xd"":[0,-0.0041147267254454814,0,0,0,0],""a"":1,""t"":0.08,""seq"":2005,""ts"":1779197034743}"
"2026-05-19T13:23:54.768Z","1779197034768","remote_relay","speedl","2006","guest","operator","0.5480671881823278","0.2295624728347377","0.04580073974423343","2.922925946264687","-1.0642356038169853","-0.07944274287659106","{""type"":""speedl"",""xd"":[0,-0.0041147267254454814,0,0,0,0],""a"":1,""t"":0.08,""seq"":2006,""ts"":1779197034763}"
"2026-05-19T13:23:54.787Z","1779197034787","remote_relay","speedl","2007","guest","operator","0.5480671881823278","0.2295624728347377","0.04580073974423343","2.922925946264687","-1.0642356038169853","-0.07944274287659106","{""type"":""speedl"",""xd"":[0,-0.0041147267254454814,0,0,0,0],""a"":1,""t"":0.08,""seq"":2007,""ts"":1779197034783}"
"2026-05-19T13:23:54.808Z","1779197034808","remote_relay","speedl","2008","guest","operator","0.5480671881823278","0.2295624728347377","0.04580073974423343","2.922925946264687","-1.0642356038169853","-0.07944274287659106","{""type"":""speedl"",""xd"":[0,-0.0041147267254454814,0,0,0,0],""a"":1,""t"":0.08,""seq"":2008,""ts"":1779197034804}"
"2026-05-19T13:23:54.828Z","1779197034828","remote_relay","speedl","2009","guest","operator","0.5480671881823278","0.2295624728347377","0.04580073974423343","2.922925946264687","-1.0642356038169853","-0.07944274287659106","{""type"":""speedl"",""xd"":[0,-0.0041147267254454814,0,0,0,0],""a"":1,""t"":0.08,""seq"":2009,""ts"":1779197034823}"
"2026-05-19T13:23:54.847Z","1779197034847","remote_relay","speedl","2010","guest","operator","0.5480671881823278","0.2295624728347377","0.04580073974423343","2.922925946264687","-1.0642356038169853","-0.07944274287659106","{""type"":""speedl"",""xd"":[0,-0.0041147267254454814,0,0,0,0],""a"":1,""t"":0.08,""seq"":2010,""ts"":1779197034843}"
"2026-05-19T13:23:54.868Z","1779197034868","remote_relay","speedl","2011","guest","operator","0.5480671881823278","0.2295624728347377","0.04580073974423343","2.922925946264687","-1.0642356038169853","-0.07944274287659106","{""type"":""speedl"",""xd"":[0,-0.0041147267254454814,0,0,0,0],""a"":1,""t"":0.08,""seq"":2011,""ts"":1779197034864}"
"2026-05-19T13:23:54.887Z","1779197034887","remote_relay","speedl","2012","guest","operator","0.5480671881823278","0.2295624728347377","0.04580073974423343","2.922925946264687","-1.0642356038169853","-0.07944274287659106","{""type"":""speedl"",""xd"":[0,-0.0041147267254454814,0,0,0,0],""a"":1,""t"":0.08,""seq"":2012,""ts"":1779197034883}"
"2026-05-19T13:23:54.908Z","1779197034908","remote_relay","speedl","2013","guest","operator","0.5480671881823278","0.2295624728347377","0.04580073974423343","2.922925946264687","-1.0642356038169853","-0.07944274287659106","{""type"":""speedl"",""xd"":[0,-0.0041147267254454814,0,0,0,0],""a"":1,""t"":0.08,""seq"":2013,""ts"":1779197034904}"
"2026-05-19T13:23:54.928Z","1779197034928","remote_relay","speedl","2014","guest","operator","0.5480671881823278","0.2295624728347377","0.04580073974423343","2.922925946264687","-1.0642356038169853","-0.07944274287659106","{""type"":""speedl"",""xd"":[0,-0.0041147267254454814,0,0,0,0],""a"":1,""t"":0.08,""seq"":2014,""ts"":1779197034924}"
"2026-05-19T13:23:54.947Z","1779197034947","remote_relay","speedl","2015","guest","operator","0.5480671881823278","0.2295624728347377","0.04580073974423343","2.922925946264687","-1.0642356038169853","-0.07944274287659106","{""type"":""speedl"",""xd"":[0,-0.0041147267254454814,0,0,0,0],""a"":1,""t"":0.08,""seq"":2015,""ts"":1779197034943}"
"2026-05-19T13:23:54.967Z","1779197034967","remote_relay","speedl","2016","guest","operator","0.5480671881823278","0.2295624728347377","0.04580073974423343","2.922925946264687","-1.0642356038169853","-0.07944274287659106","{""type"":""speedl"",""xd"":[0,-0.0041147267254454814,0,0,0,0],""a"":1,""t"":0.08,""seq"":2016,""ts"":1779197034963}"
"2026-05-19T13:23:54.987Z","1779197034987","remote_relay","speedl","2017","guest","operator","0.5480671881823278","0.2295624728347377","0.04580073974423343","2.922925946264687","-1.0642356038169853","-0.07944274287659106","{""type"":""speedl"",""xd"":[0,-0.0041147267254454814,0,0,0,0],""a"":1,""t"":0.08,""seq"":2017,""ts"":1779197034983}"
"2026-05-19T13:23:55.007Z","1779197035007","remote_relay","speedl","2018","guest","operator","0.5480671881823278","0.2295624728347377","0.04580073974423343","2.922925946264687","-1.0642356038169853","-0.07944274287659106","{""type"":""speedl"",""xd"":[0,-0.0041147267254454814,0,0,0,0],""a"":1,""t"":0.08,""seq"":2018,""ts"":1779197035003}"
"2026-05-19T13:23:55.029Z","1779197035029","remote_relay","speedl","2019","guest","operator","0.5480671881823278","0.2295624728347377","0.04580073974423343","2.922925946264687","-1.0642356038169853","-0.07944274287659106","{""type"":""speedl"",""xd"":[0,-0.0041147267254454814,0,0,0,0],""a"":1,""t"":0.08,""seq"":2019,""ts"":1779197035024}"
"2026-05-19T13:23:55.048Z","1779197035048","remote_relay","speedl","2020","guest","operator","0.5480671881823278","0.2295624728347377","0.04580073974423343","2.922925946264687","-1.0642356038169853","-0.07944274287659106","{""type"":""speedl"",""xd"":[0,-0.0041147267254454814,0,0,0,0],""a"":1,""t"":0.08,""seq"":2020,""ts"":1779197035044}"
"2026-05-19T13:23:55.068Z","1779197035068","remote_relay","speedl","2021","guest","operator","0.5480671881823278","0.2295624728347377","0.04580073974423343","2.922925946264687","-1.0642356038169853","-0.07944274287659106","{""type"":""speedl"",""xd"":[0,-0.0041147267254454814,0,0,0,0],""a"":1,""t"":0.08,""seq"":2021,""ts"":1779197035064}"
"2026-05-19T13:23:55.087Z","1779197035087","remote_relay","speedl","2022","guest","operator","0.6438297190504362","0.4395657036566052","0.045837491416488046","2.9228717840445912","-1.0642948606676035","-0.07928431005584392","{""type"":""speedl"",""xd"":[0,-0.0041147267254454814,0,0,0,0],""a"":1,""t"":0.08,""seq"":2022,""ts"":1779197035083}"
"2026-05-19T13:23:55.108Z","1779197035108","remote_relay","speedl","2023","guest","operator","0.6438297190504362","0.4395657036566052","0.045837491416488046","2.9228717840445912","-1.0642948606676035","-0.07928431005584392","{""type"":""speedl"",""xd"":[0,-0.0041147267254454814,0,0,0,0],""a"":1,""t"":0.08,""seq"":2023,""ts"":1779197035103}"
"2026-05-19T13:23:55.128Z","1779197035128","remote_relay","speedl","2024","guest","operator","0.6438297190504362","0.4395657036566052","0.045837491416488046","2.9228717840445912","-1.0642948606676035","-0.07928431005584392","{""type"":""speedl"",""xd"":[0,-0.0041147267254454814,0,0,0,0],""a"":1,""t"":0.08,""seq"":2024,""ts"":1779197035123}"
"2026-05-19T13:23:55.148Z","1779197035148","remote_relay","speedl","2025","guest","operator","0.6438297190504362","0.4395657036566052","0.045837491416488046","2.9228717840445912","-1.0642948606676035","-0.07928431005584392","{""type"":""speedl"",""xd"":[0,-0.0041147267254454814,0,0,0,0],""a"":1,""t"":0.08,""seq"":2025,""ts"":1779197035144}"
"2026-05-19T13:23:55.168Z","1779197035168","remote_relay","speedl","2026","guest","operator","0.6438029871689862","0.43919891998778826","0.04581347137878458","2.9229219820935555","-1.0642429322538343","-0.07948493758162777","{""type"":""speedl"",""xd"":[0,-0.0041147267254454814,0,0,0,0],""a"":1,""t"":0.08,""seq"":2026,""ts"":1779197035163}"
"2026-05-19T13:23:55.187Z","1779197035187","remote_relay","speedl","2027","guest","operator","0.6438029871689862","0.43919891998778826","0.04581347137878458","2.9229219820935555","-1.0642429322538343","-0.07948493758162777","{""type"":""speedl"",""xd"":[0,-0.0041147267254454814,0,0,0,0],""a"":1,""t"":0.08,""seq"":2027,""ts"":1779197035183}"
"2026-05-19T13:23:55.208Z","1779197035208","remote_relay","speedl","2028","guest","operator","0.6438029871689862","0.43919891998778826","0.04581347137878458","2.9229219820935555","-1.0642429322538343","-0.07948493758162777","{""type"":""speedl"",""xd"":[0,-0.0041147267254454814,0,0,0,0],""a"":1,""t"":0.08,""seq"":2028,""ts"":1779197035203}"
"2026-05-19T13:23:55.229Z","1779197035229","remote_relay","speedl","2029","guest","operator","0.6438029871689862","0.43919891998778826","0.04581347137878458","2.9229219820935555","-1.0642429322538343","-0.07948493758162777","{""type"":""speedl"",""xd"":[0,-0.0041147267254454814,0,0,0,0],""a"":1,""t"":0.08,""seq"":2029,""ts"":1779197035224}"
"2026-05-19T13:23:55.248Z","1779197035248","remote_relay","speedl","2030","guest","operator","0.6438029871689862","0.43919891998778826","0.04581347137878458","2.9229219820935555","-1.0642429322538343","-0.07948493758162777","{""type"":""speedl"",""xd"":[0,-0.0041147267254454814,0,0,0,0],""a"":1,""t"":0.08,""seq"":2030,""ts"":1779197035243}"
"2026-05-19T13:23:55.267Z","1779197035267","remote_relay","speedl","2031","guest","operator","0.6438327910844506","0.43878693218433024","0.04582404678671931","2.9229341826429964","-1.0642981299686072","-0.0793902811854993","{""type"":""speedl"",""xd"":[0,-0.0041147267254454814,0,0,0,0],""a"":1,""t"":0.08,""seq"":2031,""ts"":1779197035263}"
"2026-05-19T13:23:55.287Z","1779197035287","remote_relay","speedl","2032","guest","operator","0.6438327910844506","0.43878693218433024","0.04582404678671931","2.9229341826429964","-1.0642981299686072","-0.0793902811854993","{""type"":""speedl"",""xd"":[0,-0.0041147267254454814,0,0,0,0],""a"":1,""t"":0.08,""seq"":2032,""ts"":1779197035283}"
"2026-05-19T13:23:55.308Z","1779197035308","remote_relay","speedl","2033","guest","operator","0.6438327910844506","0.43878693218433024","0.04582404678671931","2.9229341826429964","-1.0642981299686072","-0.0793902811854993","{""type"":""speedl"",""xd"":[0,-0.0041147267254454814,0,0,0,0],""a"":1,""t"":0.08,""seq"":2033,""ts"":1779197035303}"
"2026-05-19T13:23:55.329Z","1779197035329","remote_relay","speedl","2034","guest","operator","0.6438327910844506","0.43878693218433024","0.04582404678671931","2.9229341826429964","-1.0642981299686072","-0.0793902811854993","{""type"":""speedl"",""xd"":[0,-0.0041147267254454814,0,0,0,0],""a"":1,""t"":0.08,""seq"":2034,""ts"":1779197035324}"
"2026-05-19T13:23:55.348Z","1779197035348","remote_relay","speedl","2035","guest","operator","0.6438327910844506","0.43878693218433024","0.04582404678671931","2.9229341826429964","-1.0642981299686072","-0.0793902811854993","{""type"":""speedl"",""xd"":[0,-0.0041147267254454814,0,0,0,0],""a"":1,""t"":0.08,""seq"":2035,""ts"":1779197035344}"
"2026-05-19T13:23:55.368Z","1779197035368","remote_relay","speedl","2036","guest","operator","0.6438327910844506","0.43878693218433024","0.04582404678671931","2.9229341826429964","-1.0642981299686072","-0.0793902811854993","{""type"":""speedl"",""xd"":[0,-0.0041147267254454814,0,0,0,0],""a"":1,""t"":0.08,""seq"":2036,""ts"":1779197035363}"
"2026-05-19T13:23:55.387Z","1779197035387","remote_relay","speedl","2037","guest","operator","0.6438352446214994","0.4383812305503818","0.04579364768497646","2.922910167519401","-1.064267417886764","-0.07938932755593751","{""type"":""speedl"",""xd"":[0,-0.0041147267254454814,0,0,0,0],""a"":1,""t"":0.08,""seq"":2037,""ts"":1779197035383}"
"2026-05-19T13:23:55.409Z","1779197035409","remote_relay","speedl","2038","guest","operator","0.6438352446214994","0.4383812305503818","0.04579364768497646","2.922910167519401","-1.064267417886764","-0.07938932755593751","{""type"":""speedl"",""xd"":[0,-0.0041147267254454814,0,0,0,0],""a"":1,""t"":0.08,""seq"":2038,""ts"":1779197035404}"
"2026-05-19T13:23:55.428Z","1779197035428","remote_relay","speedl","2039","guest","operator","0.6438352446214994","0.4383812305503818","0.04579364768497646","2.922910167519401","-1.064267417886764","-0.07938932755593751","{""type"":""speedl"",""xd"":[0,-0.0041147267254454814,0,0,0,0],""a"":1,""t"":0.08,""seq"":2039,""ts"":1779197035424}"
"2026-05-19T13:23:55.447Z","1779197035447","remote_relay","speedl","2040","guest","operator","0.6438352446214994","0.4383812305503818","0.04579364768497646","2.922910167519401","-1.064267417886764","-0.07938932755593751","{""type"":""speedl"",""xd"":[0,-0.0041147267254454814,0,0,0,0],""a"":1,""t"":0.08,""seq"":2040,""ts"":1779197035443}"
"2026-05-19T13:23:55.467Z","1779197035467","remote_relay","speedl","2041","guest","operator","0.6438240939946834","0.43802732211289946","0.045811859418317835","2.9229015004430146","-1.0642986100174272","-0.07943613089135618","{""type"":""speedl"",""xd"":[0,-0.0041147267254454814,0,0,0,0],""a"":1,""t"":0.08,""seq"":2041,""ts"":1779197035463}"
"2026-05-19T13:23:55.488Z","1779197035488","remote_relay","speedl","2042","guest","operator","0.6438240939946834","0.43802732211289946","0.045811859418317835","2.9229015004430146","-1.0642986100174272","-0.07943613089135618","{""type"":""speedl"",""xd"":[0,-0.0041147267254454814,0,0,0,0],""a"":1,""t"":0.08,""seq"":2042,""ts"":1779197035483}"
"2026-05-19T13:23:55.508Z","1779197035508","remote_relay","speedl","2043","guest","operator","0.6438240939946834","0.43802732211289946","0.045811859418317835","2.9229015004430146","-1.0642986100174272","-0.07943613089135618","{""type"":""speedl"",""xd"":[0,-0.0041147267254454814,0,0,0,0],""a"":1,""t"":0.08,""seq"":2043,""ts"":1779197035503}"
"2026-05-19T13:23:55.529Z","1779197035529","remote_relay","speedl","2044","guest","operator","0.6438240939946834","0.43802732211289946","0.045811859418317835","2.9229015004430146","-1.0642986100174272","-0.07943613089135618","{""type"":""speedl"",""xd"":[0,-0.0041147267254454814,0,0,0,0],""a"":1,""t"":0.08,""seq"":2044,""ts"":1779197035524}"
"2026-05-19T13:23:55.547Z","1779197035547","remote_relay","speedl","2045","guest","operator","0.6438406320458512","0.437600508957283","0.04581033555821057","2.9228556494439983","-1.064319508698887","-0.07936980116770193","{""type"":""speedl"",""xd"":[0,-0.0041147267254454814,0,0,0,0],""a"":1,""t"":0.08,""seq"":2045,""ts"":1779197035543}"
"2026-05-19T13:23:55.568Z","1779197035568","remote_relay","speedl","2046","guest","operator","0.6438406320458512","0.437600508957283","0.04581033555821057","2.9228556494439983","-1.064319508698887","-0.07936980116770193","{""type"":""speedl"",""xd"":[0,-0.0041147267254454814,0,0,0,0],""a"":1,""t"":0.08,""seq"":2046,""ts"":1779197035563}"
"2026-05-19T13:23:55.588Z","1779197035588","remote_relay","speedl","2047","guest","operator","0.6438406320458512","0.437600508957283","0.04581033555821057","2.9228556494439983","-1.064319508698887","-0.07936980116770193","{""type"":""speedl"",""xd"":[0,-0.0041147267254454814,0,0,0,0],""a"":1,""t"":0.08,""seq"":2047,""ts"":1779197035583}"
"2026-05-19T13:23:55.607Z","1779197035607","remote_relay","speedl","2048","guest","operator","0.6438406320458512","0.437600508957283","0.04581033555821057","2.9228556494439983","-1.064319508698887","-0.07936980116770193","{""type"":""speedl"",""xd"":[0,-0.0041147267254454814,0,0,0,0],""a"":1,""t"":0.08,""seq"":2048,""ts"":1779197035603}"
"2026-05-19T13:23:55.629Z","1779197035629","remote_relay","speedl","2049","guest","operator","0.6438406320458512","0.437600508957283","0.04581033555821057","2.9228556494439983","-1.064319508698887","-0.07936980116770193","{""type"":""speedl"",""xd"":[0,-0.0041147267254454814,0,0,0,0],""a"":1,""t"":0.08,""seq"":2049,""ts"":1779197035625}"
"2026-05-19T13:23:55.647Z","1779197035647","remote_relay","speedl","2050","guest","operator","0.6438406320458512","0.437600508957283","0.04581033555821057","2.9228556494439983","-1.064319508698887","-0.07936980116770193","{""type"":""speedl"",""xd"":[0,-0.0041147267254454814,0,0,0,0],""a"":1,""t"":0.08,""seq"":2050,""ts"":1779197035643}"
"2026-05-19T13:23:55.667Z","1779197035667","remote_relay","speedl","2051","guest","operator","0.6438102069028724","0.43716065189362335","0.045776174204862824","2.922785186432736","-1.0642823706462674","-0.07946030508276637","{""type"":""speedl"",""xd"":[0,-0.0041147267254454814,0,0,0,0],""a"":1,""t"":0.08,""seq"":2051,""ts"":1779197035663}"
"2026-05-19T13:23:55.688Z","1779197035688","remote_relay","speedl","2052","guest","operator","0.6438102069028724","0.43716065189362335","0.045776174204862824","2.922785186432736","-1.0642823706462674","-0.07946030508276637","{""type"":""speedl"",""xd"":[0,-0.0041147267254454814,0,0,0,0],""a"":1,""t"":0.08,""seq"":2052,""ts"":1779197035683}"
"2026-05-19T13:23:55.708Z","1779197035708","remote_relay","speedl","2053","guest","operator","0.6438102069028724","0.43716065189362335","0.045776174204862824","2.922785186432736","-1.0642823706462674","-0.07946030508276637","{""type"":""speedl"",""xd"":[0,-0.0041147267254454814,0,0,0,0],""a"":1,""t"":0.08,""seq"":2053,""ts"":1779197035704}"
"2026-05-19T13:23:55.727Z","1779197035727","remote_relay","speedl","2054","guest","operator","0.6438102069028724","0.43716065189362335","0.045776174204862824","2.922785186432736","-1.0642823706462674","-0.07946030508276637","{""type"":""speedl"",""xd"":[0,-0.0041147267254454814,0,0,0,0],""a"":1,""t"":0.08,""seq"":2054,""ts"":1779197035723}"
"2026-05-19T13:23:55.748Z","1779197035748","remote_relay","speedl","2055","guest","operator","0.6438330100876456","0.43682234579781476","0.04583849253720493","2.9229156159463927","-1.064265601269423","-0.07929196331451409","{""type"":""speedl"",""xd"":[0,-0.0041147267254454814,0,0,0,0],""a"":1,""t"":0.08,""seq"":2055,""ts"":1779197035743}"
"2026-05-19T13:23:55.767Z","1779197035767","remote_relay","speedl","2056","guest","operator","0.6438330100876456","0.43682234579781476","0.04583849253720493","2.9229156159463927","-1.064265601269423","-0.07929196331451409","{""type"":""speedl"",""xd"":[0,-0.0041147267254454814,0,0,0,0],""a"":1,""t"":0.08,""seq"":2056,""ts"":1779197035763}"
"2026-05-19T13:23:55.788Z","1779197035788","remote_relay","speedl","2057","guest","operator","0.6438330100876456","0.43682234579781476","0.04583849253720493","2.9229156159463927","-1.064265601269423","-0.07929196331451409","{""type"":""speedl"",""xd"":[0,-0.0041147267254454814,0,0,0,0],""a"":1,""t"":0.08,""seq"":2057,""ts"":1779197035783}"
"2026-05-19T13:23:55.808Z","1779197035808","remote_relay","speedl","2058","guest","operator","0.6438330100876456","0.43682234579781476","0.04583849253720493","2.9229156159463927","-1.064265601269423","-0.07929196331451409","{""type"":""speedl"",""xd"":[0,-0.0041147267254454814,0,0,0,0],""a"":1,""t"":0.08,""seq"":2058,""ts"":1779197035804}"
"2026-05-19T13:23:55.829Z","1779197035829","remote_relay","speedl","2059","guest","operator","0.6438330100876456","0.43682234579781476","0.04583849253720493","2.9229156159463927","-1.064265601269423","-0.07929196331451409","{""type"":""speedl"",""xd"":[0,-0.0041147267254454814,0,0,0,0],""a"":1,""t"":0.08,""seq"":2059,""ts"":1779197035825}"
"2026-05-19T13:23:55.847Z","1779197035847","remote_relay","speedl","2060","guest","operator","0.6438155029359941","0.43644334521719164","0.0457868924002236","2.922833028286603","-1.0642266578372155","-0.07936705498580268","{""type"":""speedl"",""xd"":[0,-0.0041147267254454814,0,0,0,0],""a"":1,""t"":0.08,""seq"":2060,""ts"":1779197035843}"
"2026-05-19T13:23:55.867Z","1779197035867","remote_relay","speedl","2061","guest","operator","0.6438155029359941","0.43644334521719164","0.0457868924002236","2.922833028286603","-1.0642266578372155","-0.07936705498580268","{""type"":""speedl"",""xd"":[0,-0.0041147267254454814,0,0,0,0],""a"":1,""t"":0.08,""seq"":2061,""ts"":1779197035863}"
"2026-05-19T13:23:55.887Z","1779197035887","remote_relay","speedl","2062","guest","operator","0.6438155029359941","0.43644334521719164","0.0457868924002236","2.922833028286603","-1.0642266578372155","-0.07936705498580268","{""type"":""speedl"",""xd"":[0,-0.0041147267254454814,0,0,0,0],""a"":1,""t"":0.08,""seq"":2062,""ts"":1779197035883}"
"2026-05-19T13:23:55.908Z","1779197035908","remote_relay","speedl","2063","guest","operator","0.6438155029359941","0.43644334521719164","0.0457868924002236","2.922833028286603","-1.0642266578372155","-0.07936705498580268","{""type"":""speedl"",""xd"":[0,-0.0041147267254454814,0,0,0,0],""a"":1,""t"":0.08,""seq"":2063,""ts"":1779197035903}"
"2026-05-19T13:23:55.930Z","1779197035930","remote_relay","speedl","2064","guest","operator","0.6438155029359941","0.43644334521719164","0.0457868924002236","2.922833028286603","-1.0642266578372155","-0.07936705498580268","{""type"":""speedl"",""xd"":[0,-0.0041147267254454814,0,0,0,0],""a"":1,""t"":0.08,""seq"":2064,""ts"":1779197035924}"
"2026-05-19T13:23:55.947Z","1779197035947","remote_relay","speedl","2065","guest","operator","0.6438155029359941","0.43644334521719164","0.0457868924002236","2.922833028286603","-1.0642266578372155","-0.07936705498580268","{""type"":""speedl"",""xd"":[0,-0.0041147267254454814,0,0,0,0],""a"":1,""t"":0.08,""seq"":2065,""ts"":1779197035943}"
"2026-05-19T13:23:55.969Z","1779197035969","remote_relay","speedl","2066","guest","operator","0.6438245293086085","0.43597689680962615","0.045798926506407545","2.922885661956857","-1.0642952512082957","-0.07947030285736015","{""type"":""speedl"",""xd"":[0,-0.0041147267254454814,0,0,0,0],""a"":1,""t"":0.08,""seq"":2066,""ts"":1779197035964}"
"2026-05-19T13:23:55.988Z","1779197035988","remote_relay","speedl","2067","guest","operator","0.6438245293086085","0.43597689680962615","0.045798926506407545","2.922885661956857","-1.0642952512082957","-0.07947030285736015","{""type"":""speedl"",""xd"":[0,-0.0041147267254454814,0,0,0,0],""a"":1,""t"":0.08,""seq"":2067,""ts"":1779197035983}"
"2026-05-19T13:23:56.007Z","1779197036007","remote_relay","speedl","2068","guest","operator","0.6438245293086085","0.43597689680962615","0.045798926506407545","2.922885661956857","-1.0642952512082957","-0.07947030285736015","{""type"":""speedl"",""xd"":[0,-0.0041147267254454814,0,0,0,0],""a"":1,""t"":0.08,""seq"":2068,""ts"":1779197036003}"
"2026-05-19T13:23:56.030Z","1779197036030","remote_relay","speedl","2069","guest","operator","0.6438245293086085","0.43597689680962615","0.045798926506407545","2.922885661956857","-1.0642952512082957","-0.07947030285736015","{""type"":""speedl"",""xd"":[0,-0.0041147267254454814,0,0,0,0],""a"":1,""t"":0.08,""seq"":2069,""ts"":1779197036025}"
"2026-05-19T13:23:56.048Z","1779197036048","remote_relay","speedl","2070","guest","operator","0.6438245293086085","0.43597689680962615","0.045798926506407545","2.922885661956857","-1.0642952512082957","-0.07947030285736015","{""type"":""speedl"",""xd"":[0,-0.0041147267254454814,0,0,0,0],""a"":1,""t"":0.08,""seq"":2070,""ts"":1779197036044}"
"2026-05-19T13:23:56.067Z","1779197036067","remote_relay","speedl","2071","guest","operator","0.6438245293086085","0.43597689680962615","0.045798926506407545","2.922885661956857","-1.0642952512082957","-0.07947030285736015","{""type"":""speedl"",""xd"":[0,-0.0041147267254454814,0,0,0,0],""a"":1,""t"":0.08,""seq"":2071,""ts"":1779197036063}"
"2026-05-19T13:23:56.088Z","1779197036088","remote_relay","speedl","2072","guest","operator","0.6438266535239269","0.43552941192494954","0.045801100465844624","2.922938513578726","-1.0642461871316675","-0.07936962081886688","{""type"":""speedl"",""xd"":[0,-0.0049203225687778724,0,0,0,0],""a"":1,""t"":0.08,""seq"":2072,""ts"":1779197036083}"
"2026-05-19T13:23:56.108Z","1779197036108","remote_relay","speedl","2073","guest","operator","0.6438266535239269","0.43552941192494954","0.045801100465844624","2.922938513578726","-1.0642461871316675","-0.07936962081886688","{""type"":""speedl"",""xd"":[0,-0.005824748643859187,0,0,0,0],""a"":1,""t"":0.08,""seq"":2073,""ts"":1779197036103}"
"2026-05-19T13:23:56.129Z","1779197036129","remote_relay","speedl","2074","guest","operator","0.6438266535239269","0.43552941192494954","0.045801100465844624","2.922938513578726","-1.0642461871316675","-0.07936962081886688","{""type"":""speedl"",""xd"":[0,-0.005824748643859187,0,0,0,0],""a"":1,""t"":0.08,""seq"":2074,""ts"":1779197036124}"
"2026-05-19T13:23:56.147Z","1779197036147","remote_relay","speedl","2075","guest","operator","0.6438266535239269","0.43552941192494954","0.045801100465844624","2.922938513578726","-1.0642461871316675","-0.07936962081886688","{""type"":""speedl"",""xd"":[0,-0.005824748643859187,0,0,0,0],""a"":1,""t"":0.08,""seq"":2075,""ts"":1779197036143}"
"2026-05-19T13:23:56.168Z","1779197036168","remote_relay","speedl","2076","guest","operator","0.643811711473046","0.4349920989614668","0.045805758359747234","2.922841645539296","-1.06426540671096","-0.07945073608092129","{""type"":""speedl"",""xd"":[0,-0.005824748643859187,0,0,0,0],""a"":1,""t"":0.08,""seq"":2076,""ts"":1779197036164}"
"2026-05-19T13:23:56.188Z","1779197036188","remote_relay","speedl","2077","guest","operator","0.643811711473046","0.4349920989614668","0.045805758359747234","2.922841645539296","-1.06426540671096","-0.07945073608092129","{""type"":""speedl"",""xd"":[0,-0.005824748643859187,0,0,0,0],""a"":1,""t"":0.08,""seq"":2077,""ts"":1779197036184}"
"2026-05-19T13:23:56.208Z","1779197036208","remote_relay","speedl","2078","guest","operator","0.643811711473046","0.4349920989614668","0.045805758359747234","2.922841645539296","-1.06426540671096","-0.07945073608092129","{""type"":""speedl"",""xd"":[0,-0.005824748643859187,0,0,0,0],""a"":1,""t"":0.08,""seq"":2078,""ts"":1779197036203}"
"2026-05-19T13:23:56.229Z","1779197036229","remote_relay","speedl","2079","guest","operator","0.643811711473046","0.4349920989614668","0.045805758359747234","2.922841645539296","-1.06426540671096","-0.07945073608092129","{""type"":""speedl"",""xd"":[0,-0.005824748643859187,0,0,0,0],""a"":1,""t"":0.08,""seq"":2079,""ts"":1779197036225}"
"2026-05-19T13:23:56.247Z","1779197036247","remote_relay","speedl","2080","guest","operator","0.643811711473046","0.4349920989614668","0.045805758359747234","2.922841645539296","-1.06426540671096","-0.07945073608092129","{""type"":""speedl"",""xd"":[0,-0.005824748643859187,0,0,0,0],""a"":1,""t"":0.08,""seq"":2080,""ts"":1779197036243}"
"2026-05-19T13:23:56.267Z","1779197036268","remote_relay","speedl","2081","guest","operator","0.6438025198804651","0.4344215530115489","0.04579500037693551","2.9227741067303374","-1.0643300806053797","-0.07942787262819782","{""type"":""speedl"",""xd"":[0,-0.005824748643859187,0,0,0,0],""a"":1,""t"":0.08,""seq"":2081,""ts"":1779197036263}"
"2026-05-19T13:23:56.288Z","1779197036288","remote_relay","speedl","2082","guest","operator","0.6438025198804651","0.4344215530115489","0.04579500037693551","2.9227741067303374","-1.0643300806053797","-0.07942787262819782","{""type"":""speedl"",""xd"":[0,-0.005824748643859187,0,0,0,0],""a"":1,""t"":0.08,""seq"":2082,""ts"":1779197036284}"
"2026-05-19T13:23:56.309Z","1779197036309","remote_relay","speedl","2083","guest","operator","0.6438025198804651","0.4344215530115489","0.04579500037693551","2.9227741067303374","-1.0643300806053797","-0.07942787262819782","{""type"":""speedl"",""xd"":[0,-0.005824748643859187,0,0,0,0],""a"":1,""t"":0.08,""seq"":2083,""ts"":1779197036303}"
"2026-05-19T13:23:56.329Z","1779197036329","remote_relay","speedl","2084","guest","operator","0.6438025198804651","0.4344215530115489","0.04579500037693551","2.9227741067303374","-1.0643300806053797","-0.07942787262819782","{""type"":""speedl"",""xd"":[0,-0.005824748643859187,0,0,0,0],""a"":1,""t"":0.08,""seq"":2084,""ts"":1779197036325}"
"2026-05-19T13:23:56.348Z","1779197036348","remote_relay","speedl","2085","guest","operator","0.6438025198804651","0.4344215530115489","0.04579500037693551","2.9227741067303374","-1.0643300806053797","-0.07942787262819782","{""type"":""speedl"",""xd"":[0,-0.005824748643859187,0,0,0,0],""a"":1,""t"":0.08,""seq"":2085,""ts"":1779197036343}"
"2026-05-19T13:23:56.368Z","1779197036368","remote_relay","speedl","2086","guest","operator","0.6437905128328869","0.43380366550930743","0.04573136488913351","2.9226765975393216","-1.064336934920039","-0.0795683223281338","{""type"":""speedl"",""xd"":[0,-0.005824748643859187,0,0,0,0],""a"":1,""t"":0.08,""seq"":2086,""ts"":1779197036363}"
"2026-05-19T13:23:56.388Z","1779197036388","remote_relay","speedl","2087","guest","operator","0.6437905128328869","0.43380366550930743","0.04573136488913351","2.9226765975393216","-1.064336934920039","-0.0795683223281338","{""type"":""speedl"",""xd"":[0,-0.005824748643859187,0,0,0,0],""a"":1,""t"":0.08,""seq"":2087,""ts"":1779197036383}"
"2026-05-19T13:23:56.409Z","1779197036409","remote_relay","speedl","2088","guest","operator","0.6437905128328869","0.43380366550930743","0.04573136488913351","2.9226765975393216","-1.064336934920039","-0.0795683223281338","{""type"":""speedl"",""xd"":[0,-0.005824748643859187,0,0,0,0],""a"":1,""t"":0.08,""seq"":2088,""ts"":1779197036403}"
"2026-05-19T13:23:56.430Z","1779197036430","remote_relay","speedl","2089","guest","operator","0.6437905128328869","0.43380366550930743","0.04573136488913351","2.9226765975393216","-1.064336934920039","-0.0795683223281338","{""type"":""speedl"",""xd"":[0,-0.005824748643859187,0,0,0,0],""a"":1,""t"":0.08,""seq"":2089,""ts"":1779197036425}"
"2026-05-19T13:23:56.447Z","1779197036447","remote_relay","speedl","2090","guest","operator","0.6437905128328869","0.43380366550930743","0.04573136488913351","2.9226765975393216","-1.064336934920039","-0.0795683223281338","{""type"":""speedl"",""xd"":[0,-0.005824748643859187,0,0,0,0],""a"":1,""t"":0.08,""seq"":2090,""ts"":1779197036443}"
"2026-05-19T13:23:56.467Z","1779197036467","remote_relay","speedl","2091","guest","operator","0.6438095371297576","0.43323661622913956","0.0458050563079663","2.9227975399188346","-1.0643031476445908","-0.07941379469021997","{""type"":""speedl"",""xd"":[0,-0.005824748643859187,0,0,0,0],""a"":1,""t"":0.08,""seq"":2091,""ts"":1779197036463}"
"2026-05-19T13:23:56.487Z","1779197036487","remote_relay","speedl","2092","guest","operator","0.6438095371297576","0.43323661622913956","0.0458050563079663","2.9227975399188346","-1.0643031476445908","-0.07941379469021997","{""type"":""speedl"",""xd"":[0,-0.005824748643859187,0,0,0,0],""a"":1,""t"":0.08,""seq"":2092,""ts"":1779197036483}"
"2026-05-19T13:23:56.508Z","1779197036508","remote_relay","speedl","2093","guest","operator","0.6438095371297576","0.43323661622913956","0.0458050563079663","2.9227975399188346","-1.0643031476445908","-0.07941379469021997","{""type"":""speedl"",""xd"":[0,-0.005824748643859187,0,0,0,0],""a"":1,""t"":0.08,""seq"":2093,""ts"":1779197036503}"
"2026-05-19T13:23:56.531Z","1779197036531","remote_relay","speedl","2094","guest","operator","0.6438095371297576","0.43323661622913956","0.0458050563079663","2.9227975399188346","-1.0643031476445908","-0.07941379469021997","{""type"":""speedl"",""xd"":[0,-0.005824748643859187,0,0,0,0],""a"":1,""t"":0.08,""seq"":2094,""ts"":1779197036526}"
"2026-05-19T13:23:56.547Z","1779197036547","remote_relay","speedl","2095","guest","operator","0.643782348351336","0.43270503026677243","0.045762822533671144","2.9227957037599914","-1.0642717261244872","-0.0795608704748688","{""type"":""speedl"",""xd"":[0,-0.005824748643859187,0,0,0,0],""a"":1,""t"":0.08,""seq"":2095,""ts"":1779197036543}"
"2026-05-19T13:23:56.568Z","1779197036568","remote_relay","speedl","2096","guest","operator","0.643782348351336","0.43270503026677243","0.045762822533671144","2.9227957037599914","-1.0642717261244872","-0.0795608704748688","{""type"":""speedl"",""xd"":[0,-0.005824748643859187,0,0,0,0],""a"":1,""t"":0.08,""seq"":2096,""ts"":1779197036563}"
"2026-05-19T13:23:56.588Z","1779197036588","remote_relay","speedl","2097","guest","operator","0.643782348351336","0.43270503026677243","0.045762822533671144","2.9227957037599914","-1.0642717261244872","-0.0795608704748688","{""type"":""speedl"",""xd"":[0,-0.005824748643859187,0,0,0,0],""a"":1,""t"":0.08,""seq"":2097,""ts"":1779197036583}"
"2026-05-19T13:23:56.609Z","1779197036609","remote_relay","speedl","2098","guest","operator","0.643782348351336","0.43270503026677243","0.045762822533671144","2.9227957037599914","-1.0642717261244872","-0.0795608704748688","{""type"":""speedl"",""xd"":[0,-0.005824748643859187,0,0,0,0],""a"":1,""t"":0.08,""seq"":2098,""ts"":1779197036603}"
"2026-05-19T13:23:56.631Z","1779197036631","remote_relay","speedl","2099","guest","operator","0.643782348351336","0.43270503026677243","0.045762822533671144","2.9227957037599914","-1.0642717261244872","-0.0795608704748688","{""type"":""speedl"",""xd"":[0,-0.005824748643859187,0,0,0,0],""a"":1,""t"":0.08,""seq"":2099,""ts"":1779197036625}"
"2026-05-19T13:23:56.649Z","1779197036649","remote_relay","speedl","2100","guest","operator","0.643782348351336","0.43270503026677243","0.045762822533671144","2.9227957037599914","-1.0642717261244872","-0.0795608704748688","{""type"":""speedl"",""xd"":[0,-0.005824748643859187,0,0,0,0],""a"":1,""t"":0.08,""seq"":2100,""ts"":1779197036644}"
"2026-05-19T13:23:56.667Z","1779197036667","remote_relay","speedl","2101","guest","operator","0.6437861656681072","0.43207698356209545","0.045764153229933074","2.922743075370129","-1.0642370060967996","-0.0794209793309559","{""type"":""speedl"",""xd"":[0,-0.00795296444550745,0,0,0,0],""a"":1,""t"":0.08,""seq"":2101,""ts"":1779197036663}"
"2026-05-19T13:23:56.687Z","1779197036687","remote_relay","speedl","2102","guest","operator","0.6437861656681072","0.43207698356209545","0.045764153229933074","2.922743075370129","-1.0642370060967996","-0.0794209793309559","{""type"":""speedl"",""xd"":[0,-0.00795296444550745,0,0,0,0],""a"":1,""t"":0.08,""seq"":2102,""ts"":1779197036683}"
"2026-05-19T13:23:56.709Z","1779197036709","remote_relay","speedl","2103","guest","operator","0.6437861656681072","0.43207698356209545","0.045764153229933074","2.922743075370129","-1.0642370060967996","-0.0794209793309559","{""type"":""speedl"",""xd"":[0,-0.009188190650193865,0,0,0,0],""a"":1,""t"":0.08,""seq"":2103,""ts"":1779197036703}"
"2026-05-19T13:23:56.728Z","1779197036728","remote_relay","speedl","2104","guest","operator","0.6437861656681072","0.43207698356209545","0.045764153229933074","2.922743075370129","-1.0642370060967996","-0.0794209793309559","{""type"":""speedl"",""xd"":[0,-0.009188190650193865,0,0,0,0],""a"":1,""t"":0.08,""seq"":2104,""ts"":1779197036723}"
"2026-05-19T13:23:56.747Z","1779197036747","remote_relay","speedl","2105","guest","operator","0.6437861656681072","0.43207698356209545","0.045764153229933074","2.922743075370129","-1.0642370060967996","-0.0794209793309559","{""type"":""speedl"",""xd"":[0,-0.009188190650193865,0,0,0,0],""a"":1,""t"":0.08,""seq"":2105,""ts"":1779197036743}"
"2026-05-19T13:23:56.769Z","1779197036769","remote_relay","speedl","2106","guest","operator","0.6438678428842586","0.43131538714898415","0.04583895262920451","2.9228833305222373","-1.0644124841531395","-0.07936439984717016","{""type"":""speedl"",""xd"":[0,-0.009188190650193865,0,0,0,0],""a"":1,""t"":0.08,""seq"":2106,""ts"":1779197036764}"
"2026-05-19T13:23:56.789Z","1779197036789","remote_relay","speedl","2107","guest","operator","0.6438678428842586","0.43131538714898415","0.04583895262920451","2.9228833305222373","-1.0644124841531395","-0.07936439984717016","{""type"":""speedl"",""xd"":[0,-0.009188190650193865,0,0,0,0],""a"":1,""t"":0.08,""seq"":2107,""ts"":1779197036783}"
"2026-05-19T13:23:56.810Z","1779197036810","remote_relay","speedl","2108","guest","operator","0.6438678428842586","0.43131538714898415","0.04583895262920451","2.9228833305222373","-1.0644124841531395","-0.07936439984717016","{""type"":""speedl"",""xd"":[0,-0.009188190650193865,0,0,0,0],""a"":1,""t"":0.08,""seq"":2108,""ts"":1779197036803}"
"2026-05-19T13:23:56.830Z","1779197036830","remote_relay","speedl","2109","guest","operator","0.6438678428842586","0.43131538714898415","0.04583895262920451","2.9228833305222373","-1.0644124841531395","-0.07936439984717016","{""type"":""speedl"",""xd"":[0,-0.009188190650193865,0,0,0,0],""a"":1,""t"":0.08,""seq"":2109,""ts"":1779197036825}"
"2026-05-19T13:23:56.847Z","1779197036847","remote_relay","speedl","2110","guest","operator","0.6438678428842586","0.43131538714898415","0.04583895262920451","2.9228833305222373","-1.0644124841531395","-0.07936439984717016","{""type"":""speedl"",""xd"":[0,-0.009188190650193865,0,0,0,0],""a"":1,""t"":0.08,""seq"":2110,""ts"":1779197036843}"
"2026-05-19T13:23:56.868Z","1779197036868","remote_relay","speedl","2111","guest","operator","0.6438393336253677","0.4303919327592705","0.045780698912632756","2.9228004135861068","-1.0643539343461845","-0.07946983416731963","{""type"":""speedl"",""xd"":[0,-0.009188190650193865,0,0,0,0],""a"":1,""t"":0.08,""seq"":2111,""ts"":1779197036863}"
"2026-05-19T13:23:56.888Z","1779197036888","remote_relay","speedl","2112","guest","operator","0.6438393336253677","0.4303919327592705","0.045780698912632756","2.9228004135861068","-1.0643539343461845","-0.07946983416731963","{""type"":""speedl"",""xd"":[0,-0.009188190650193865,0,0,0,0],""a"":1,""t"":0.08,""seq"":2112,""ts"":1779197036883}"
"2026-05-19T13:23:56.909Z","1779197036909","remote_relay","speedl","2113","guest","operator","0.6438393336253677","0.4303919327592705","0.045780698912632756","2.9228004135861068","-1.0643539343461845","-0.07946983416731963","{""type"":""speedl"",""xd"":[0,-0.009188190650193865,0,0,0,0],""a"":1,""t"":0.08,""seq"":2113,""ts"":1779197036903}"
"2026-05-19T13:23:56.927Z","1779197036927","remote_relay","speedl","2114","guest","operator","0.6438393336253677","0.4303919327592705","0.045780698912632756","2.9228004135861068","-1.0643539343461845","-0.07946983416731963","{""type"":""speedl"",""xd"":[0,-0.009188190650193865,0,0,0,0],""a"":1,""t"":0.08,""seq"":2114,""ts"":1779197036923}"
"2026-05-19T13:23:56.948Z","1779197036948","remote_relay","speedl","2115","guest","operator","0.6438393336253677","0.4303919327592705","0.045780698912632756","2.9228004135861068","-1.0643539343461845","-0.07946983416731963","{""type"":""speedl"",""xd"":[0,-0.010545120042868098,0,0,0,0],""a"":1,""t"":0.08,""seq"":2115,""ts"":1779197036943}"
"2026-05-19T13:23:56.968Z","1779197036968","remote_relay","speedl","2116","guest","operator","0.6437882139765071","0.4295527660394243","0.0458026702130562","2.922829850727196","-1.0642857121677403","-0.0795338397924077","{""type"":""speedl"",""xd"":[0,-0.01202947086258988,0,0,0,0],""a"":1,""t"":0.08,""seq"":2116,""ts"":1779197036964}"
"2026-05-19T13:23:56.987Z","1779197036987","remote_relay","speedl","2117","guest","operator","0.6437882139765071","0.4295527660394243","0.0458026702130562","2.922829850727196","-1.0642857121677403","-0.0795338397924077","{""type"":""speedl"",""xd"":[0,-0.01202947086258988,0,0,0,0],""a"":1,""t"":0.08,""seq"":2117,""ts"":1779197036983}"
"2026-05-19T13:23:57.010Z","1779197037010","remote_relay","speedl","2118","guest","operator","0.6437882139765071","0.4295527660394243","0.0458026702130562","2.922829850727196","-1.0642857121677403","-0.0795338397924077","{""type"":""speedl"",""xd"":[0,-0.01202947086258988,0,0,0,0],""a"":1,""t"":0.08,""seq"":2118,""ts"":1779197037004}"
"2026-05-19T13:23:57.028Z","1779197037028","remote_relay","speedl","2119","guest","operator","0.6437882139765071","0.4295527660394243","0.0458026702130562","2.922829850727196","-1.0642857121677403","-0.0795338397924077","{""type"":""speedl"",""xd"":[0,-0.013646961348418932,0,0,0,0],""a"":1,""t"":0.08,""seq"":2119,""ts"":1779197037024}"
"2026-05-19T13:23:57.048Z","1779197037048","remote_relay","speedl","2120","guest","operator","0.6437882139765071","0.4295527660394243","0.0458026702130562","2.922829850727196","-1.0642857121677403","-0.0795338397924077","{""type"":""speedl"",""xd"":[0,-0.013646961348418932,0,0,0,0],""a"":1,""t"":0.08,""seq"":2120,""ts"":1779197037043}"
"2026-05-19T13:23:57.067Z","1779197037067","remote_relay","speedl","2121","guest","operator","0.6438729656820069","0.4284301903946887","0.04585689870854187","2.9228628198867375","-1.0644991021244798","-0.07939079179918364","{""type"":""speedl"",""xd"":[0,-0.013646961348418932,0,0,0,0],""a"":1,""t"":0.08,""seq"":2121,""ts"":1779197037063}"
"2026-05-19T13:23:57.089Z","1779197037089","remote_relay","speedl","2122","guest","operator","0.6438729656820069","0.4284301903946887","0.04585689870854187","2.9228628198867375","-1.0644991021244798","-0.07939079179918364","{""type"":""speedl"",""xd"":[0,-0.013646961348418932,0,0,0,0],""a"":1,""t"":0.08,""seq"":2122,""ts"":1779197037084}"
"2026-05-19T13:23:57.111Z","1779197037111","remote_relay","speedl","2123","guest","operator","0.6438729656820069","0.4284301903946887","0.04585689870854187","2.9228628198867375","-1.0644991021244798","-0.07939079179918364","{""type"":""speedl"",""xd"":[0,-0.013646961348418932,0,0,0,0],""a"":1,""t"":0.08,""seq"":2123,""ts"":1779197037104}"
"2026-05-19T13:23:57.128Z","1779197037128","remote_relay","speedl","2124","guest","operator","0.6438729656820069","0.4284301903946887","0.04585689870854187","2.9228628198867375","-1.0644991021244798","-0.07939079179918364","{""type"":""speedl"",""xd"":[0,-0.015403309739414967,0,0,0,0],""a"":1,""t"":0.08,""seq"":2124,""ts"":1779197037123}"
"2026-05-19T13:23:57.147Z","1779197037147","remote_relay","speedl","2125","guest","operator","0.6438582796489108","0.427372857116138","0.04591450202989006","2.923011983952583","-1.0643547458579976","-0.07933551163745743","{""type"":""speedl"",""xd"":[0,-0.017304234274637727,0,0,0,0],""a"":1,""t"":0.08,""seq"":2125,""ts"":1779197037143}"
"2026-05-19T13:23:57.167Z","1779197037167","remote_relay","speedl","2126","guest","operator","0.6438582796489108","0.427372857116138","0.04591450202989006","2.923011983952583","-1.0643547458579976","-0.07933551163745743","{""type"":""speedl"",""xd"":[0,-0.017304234274637727,0,0,0,0],""a"":1,""t"":0.08,""seq"":2126,""ts"":1779197037163}"
"2026-05-19T13:23:57.188Z","1779197037188","remote_relay","speedl","2127","guest","operator","0.6438582796489108","0.427372857116138","0.04591450202989006","2.923011983952583","-1.0643547458579976","-0.07933551163745743","{""type"":""speedl"",""xd"":[0,-0.017304234274637727,0,0,0,0],""a"":1,""t"":0.08,""seq"":2127,""ts"":1779197037183}"
"2026-05-19T13:23:57.210Z","1779197037210","remote_relay","speedl","2128","guest","operator","0.6438582796489108","0.427372857116138","0.04591450202989006","2.923011983952583","-1.0643547458579976","-0.07933551163745743","{""type"":""speedl"",""xd"":[0,-0.017304234274637727,0,0,0,0],""a"":1,""t"":0.08,""seq"":2128,""ts"":1779197037203}"
"2026-05-19T13:23:57.227Z","1779197037227","remote_relay","speedl","2129","guest","operator","0.6438582796489108","0.427372857116138","0.04591450202989006","2.923011983952583","-1.0643547458579976","-0.07933551163745743","{""type"":""speedl"",""xd"":[0,-0.017304234274637727,0,0,0,0],""a"":1,""t"":0.08,""seq"":2129,""ts"":1779197037223}"
"2026-05-19T13:23:57.247Z","1779197037247","remote_relay","speedl","2130","guest","operator","0.6438582796489108","0.427372857116138","0.04591450202989006","2.923011983952583","-1.0643547458579976","-0.07933551163745743","{""type"":""speedl"",""xd"":[0,-0.017304234274637727,0,0,0,0],""a"":1,""t"":0.08,""seq"":2130,""ts"":1779197037243}"
"2026-05-19T13:23:57.268Z","1779197037268","remote_relay","speedl","2131","guest","operator","0.6438532623557864","0.425718062185946","0.04582951128853205","2.9228906336170897","-1.064401064944763","-0.07947191591096908","{""type"":""speedl"",""xd"":[0,-0.017304234274637727,0,0,0,0],""a"":1,""t"":0.08,""seq"":2131,""ts"":1779197037263}"
"2026-05-19T13:23:57.288Z","1779197037288","remote_relay","speedl","2132","guest","operator","0.6438532623557864","0.425718062185946","0.04582951128853205","2.9228906336170897","-1.064401064944763","-0.07947191591096908","{""type"":""speedl"",""xd"":[0,-0.017304234274637727,0,0,0,0],""a"":1,""t"":0.08,""seq"":2132,""ts"":1779197037283}"
"2026-05-19T13:23:57.309Z","1779197037309","remote_relay","speedl","2133","guest","operator","0.6438532623557864","0.425718062185946","0.04582951128853205","2.9228906336170897","-1.064401064944763","-0.07947191591096908","{""type"":""speedl"",""xd"":[0,-0.017304234274637727,0,0,0,0],""a"":1,""t"":0.08,""seq"":2133,""ts"":1779197037303}"
"2026-05-19T13:23:57.330Z","1779197037330","remote_relay","speedl","2134","guest","operator","0.6438532623557864","0.425718062185946","0.04582951128853205","2.9228906336170897","-1.064401064944763","-0.07947191591096908","{""type"":""speedl"",""xd"":[0,-0.017304234274637727,0,0,0,0],""a"":1,""t"":0.08,""seq"":2134,""ts"":1779197037326}"
"2026-05-19T13:23:57.347Z","1779197037347","remote_relay","speedl","2135","guest","operator","0.6438280691845711","0.42404914474533856","0.04580354957845578","2.9228215882170985","-1.0643533090288169","-0.07939238708801227","{""type"":""speedl"",""xd"":[0,-0.017304234274637727,0,0,0,0],""a"":1,""t"":0.08,""seq"":2135,""ts"":1779197037343}"
"2026-05-19T13:23:57.368Z","1779197037368","remote_relay","speedl","2136","guest","operator","0.6438280691845711","0.42404914474533856","0.04580354957845578","2.9228215882170985","-1.0643533090288169","-0.07939238708801227","{""type"":""speedl"",""xd"":[0,-0.017304234274637727,0,0,0,0],""a"":1,""t"":0.08,""seq"":2136,""ts"":1779197037363}"
"2026-05-19T13:23:57.388Z","1779197037388","remote_relay","speedl","2137","guest","operator","0.6438280691845711","0.42404914474533856","0.04580354957845578","2.9228215882170985","-1.0643533090288169","-0.07939238708801227","{""type"":""speedl"",""xd"":[0,-0.017304234274637727,0,0,0,0],""a"":1,""t"":0.08,""seq"":2137,""ts"":1779197037384}"
"2026-05-19T13:23:57.409Z","1779197037409","remote_relay","speedl","2138","guest","operator","0.6438280691845711","0.42404914474533856","0.04580354957845578","2.9228215882170985","-1.0643533090288169","-0.07939238708801227","{""type"":""speedl"",""xd"":[0,-0.017304234274637727,0,0,0,0],""a"":1,""t"":0.08,""seq"":2138,""ts"":1779197037403}"
"2026-05-19T13:23:57.427Z","1779197037427","remote_relay","speedl","2139","guest","operator","0.6438280691845711","0.42404914474533856","0.04580354957845578","2.9228215882170985","-1.0643533090288169","-0.07939238708801227","{""type"":""speedl"",""xd"":[0,-0.017304234274637727,0,0,0,0],""a"":1,""t"":0.08,""seq"":2139,""ts"":1779197037423}"
"2026-05-19T13:23:57.449Z","1779197037449","remote_relay","speedl","2140","guest","operator","0.6438176004351799","0.42231888405807494","0.045810262355165166","2.922836079594865","-1.0642968163573663","-0.0794566201645586","{""type"":""speedl"",""xd"":[0,-0.017304234274637727,0,0,0,0],""a"":1,""t"":0.08,""seq"":2140,""ts"":1779197037444}"
"2026-05-19T13:23:57.467Z","1779197037467","remote_relay","speedl","2141","guest","operator","0.6438176004351799","0.42231888405807494","0.045810262355165166","2.922836079594865","-1.0642968163573663","-0.0794566201645586","{""type"":""speedl"",""xd"":[0,-0.017304234274637727,0,0,0,0],""a"":1,""t"":0.08,""seq"":2141,""ts"":1779197037463}"
"2026-05-19T13:23:57.489Z","1779197037489","remote_relay","speedl","2142","guest","operator","0.6438176004351799","0.42231888405807494","0.045810262355165166","2.922836079594865","-1.0642968163573663","-0.0794566201645586","{""type"":""speedl"",""xd"":[0,-0.017304234274637727,0,0,0,0],""a"":1,""t"":0.08,""seq"":2142,""ts"":1779197037484}"
"2026-05-19T13:23:57.509Z","1779197037509","remote_relay","speedl","2143","guest","operator","0.6438176004351799","0.42231888405807494","0.045810262355165166","2.922836079594865","-1.0642968163573663","-0.0794566201645586","{""type"":""speedl"",""xd"":[0,-0.017304234274637727,0,0,0,0],""a"":1,""t"":0.08,""seq"":2143,""ts"":1779197037503}"
"2026-05-19T13:23:57.528Z","1779197037528","remote_relay","speedl","2144","guest","operator","0.6438176004351799","0.42231888405807494","0.045810262355165166","2.922836079594865","-1.0642968163573663","-0.0794566201645586","{""type"":""speedl"",""xd"":[0,-0.017304234274637727,0,0,0,0],""a"":1,""t"":0.08,""seq"":2144,""ts"":1779197037523}"
"2026-05-19T13:23:57.548Z","1779197037548","remote_relay","speedl","2145","guest","operator","0.6438226278560474","0.4204953608147094","0.045787160416747796","2.9227809213365026","-1.0643329319850063","-0.0794183552984529","{""type"":""speedl"",""xd"":[0,-0.017304234274637727,0,0,0,0],""a"":1,""t"":0.08,""seq"":2145,""ts"":1779197037543}"
"2026-05-19T13:23:57.568Z","1779197037568","remote_relay","speedl","2146","guest","operator","0.6438226278560474","0.4204953608147094","0.045787160416747796","2.9227809213365026","-1.0643329319850063","-0.0794183552984529","{""type"":""speedl"",""xd"":[0,-0.017304234274637727,0,0,0,0],""a"":1,""t"":0.08,""seq"":2146,""ts"":1779197037563}"
"2026-05-19T13:23:57.588Z","1779197037588","remote_relay","speedl","2147","guest","operator","0.6438226278560474","0.4204953608147094","0.045787160416747796","2.9227809213365026","-1.0643329319850063","-0.0794183552984529","{""type"":""speedl"",""xd"":[0,-0.017304234274637727,0,0,0,0],""a"":1,""t"":0.08,""seq"":2147,""ts"":1779197037583}"
"2026-05-19T13:23:57.610Z","1779197037610","remote_relay","speedl","2148","guest","operator","0.6438226278560474","0.4204953608147094","0.045787160416747796","2.9227809213365026","-1.0643329319850063","-0.0794183552984529","{""type"":""speedl"",""xd"":[0,-0.017304234274637727,0,0,0,0],""a"":1,""t"":0.08,""seq"":2148,""ts"":1779197037603}"
"2026-05-19T13:23:57.627Z","1779197037627","remote_relay","speedl","2149","guest","operator","0.6438226278560474","0.4204953608147094","0.045787160416747796","2.9227809213365026","-1.0643329319850063","-0.0794183552984529","{""type"":""speedl"",""xd"":[0,-0.017304234274637727,0,0,0,0],""a"":1,""t"":0.08,""seq"":2149,""ts"":1779197037623}"
"2026-05-19T13:23:57.647Z","1779197037647","remote_relay","speedl","2150","guest","operator","0.6438034452160697","0.41873207364587456","0.04573175736095822","2.9227067627280943","-1.0642825938655418","-0.0794725549742499","{""type"":""speedl"",""xd"":[0,-0.017304234274637727,0,0,0,0],""a"":1,""t"":0.08,""seq"":2150,""ts"":1779197037643}"
"2026-05-19T13:23:57.667Z","1779197037667","remote_relay","speedl","2151","guest","operator","0.6438034452160697","0.41873207364587456","0.04573175736095822","2.9227067627280943","-1.0642825938655418","-0.0794725549742499","{""type"":""speedl"",""xd"":[0,-0.017304234274637727,0,0,0,0],""a"":1,""t"":0.08,""seq"":2151,""ts"":1779197037663}"
"2026-05-19T13:23:57.687Z","1779197037687","remote_relay","speedl","2152","guest","operator","0.6438034452160697","0.41873207364587456","0.04573175736095822","2.9227067627280943","-1.0642825938655418","-0.0794725549742499","{""type"":""speedl"",""xd"":[0,-0.017304234274637727,0,0,0,0],""a"":1,""t"":0.08,""seq"":2152,""ts"":1779197037683}"
"2026-05-19T13:23:57.710Z","1779197037710","remote_relay","speedl","2153","guest","operator","0.6438034452160697","0.41873207364587456","0.04573175736095822","2.9227067627280943","-1.0642825938655418","-0.0794725549742499","{""type"":""speedl"",""xd"":[0,-0.017304234274637727,0,0,0,0],""a"":1,""t"":0.08,""seq"":2153,""ts"":1779197037703}"
"2026-05-19T13:23:57.727Z","1779197037727","remote_relay","speedl","2154","guest","operator","0.6438034452160697","0.41873207364587456","0.04573175736095822","2.9227067627280943","-1.0642825938655418","-0.0794725549742499","{""type"":""speedl"",""xd"":[0,-0.017304234274637727,0,0,0,0],""a"":1,""t"":0.08,""seq"":2154,""ts"":1779197037723}"
"2026-05-19T13:23:57.747Z","1779197037747","remote_relay","speedl","2155","guest","operator","0.6438161141036426","0.4171297560022275","0.045803126003966965","2.922845606896867","-1.0642705278894011","-0.07942076002063725","{""type"":""speedl"",""xd"":[0,-0.017304234274637727,0,0,0,0],""a"":1,""t"":0.08,""seq"":2155,""ts"":1779197037743}"
"2026-05-19T13:23:57.767Z","1779197037767","remote_relay","speedl","2156","guest","operator","0.6438161141036426","0.4171297560022275","0.045803126003966965","2.922845606896867","-1.0642705278894011","-0.07942076002063725","{""type"":""speedl"",""xd"":[0,-0.017304234274637727,0,0,0,0],""a"":1,""t"":0.08,""seq"":2156,""ts"":1779197037763}"
"2026-05-19T13:23:57.787Z","1779197037787","remote_relay","speedl","2157","guest","operator","0.6438161141036426","0.4171297560022275","0.045803126003966965","2.922845606896867","-1.0642705278894011","-0.07942076002063725","{""type"":""speedl"",""xd"":[0,-0.017304234274637727,0,0,0,0],""a"":1,""t"":0.08,""seq"":2157,""ts"":1779197037783}"
"2026-05-19T13:23:57.810Z","1779197037810","remote_relay","speedl","2158","guest","operator","0.6438161141036426","0.4171297560022275","0.045803126003966965","2.922845606896867","-1.0642705278894011","-0.07942076002063725","{""type"":""speedl"",""xd"":[0,-0.017304234274637727,0,0,0,0],""a"":1,""t"":0.08,""seq"":2158,""ts"":1779197037803}"
"2026-05-19T13:23:57.827Z","1779197037827","remote_relay","speedl","2159","guest","operator","0.6438161141036426","0.4171297560022275","0.045803126003966965","2.922845606896867","-1.0642705278894011","-0.07942076002063725","{""type"":""speedl"",""xd"":[0,-0.017304234274637727,0,0,0,0],""a"":1,""t"":0.08,""seq"":2159,""ts"":1779197037823}"
"2026-05-19T13:23:57.848Z","1779197037848","remote_relay","speedl","2160","guest","operator","0.6438166515483286","0.41539550017381444","0.04580836830233914","2.9228380418466857","-1.0643135745000765","-0.07951359697348863","{""type"":""speedl"",""xd"":[0,-0.017304234274637727,0,0,0,0],""a"":1,""t"":0.08,""seq"":2160,""ts"":1779197037844}"
"2026-05-19T13:23:57.868Z","1779197037868","remote_relay","speedl","2161","guest","operator","0.6438166515483286","0.41539550017381444","0.04580836830233914","2.9228380418466857","-1.0643135745000765","-0.07951359697348863","{""type"":""speedl"",""xd"":[0,-0.017304234274637727,0,0,0,0],""a"":1,""t"":0.08,""seq"":2161,""ts"":1779197037863}"
"2026-05-19T13:23:57.887Z","1779197037887","remote_relay","speedl","2162","guest","operator","0.6438166515483286","0.41539550017381444","0.04580836830233914","2.9228380418466857","-1.0643135745000765","-0.07951359697348863","{""type"":""speedl"",""xd"":[0,-0.017304234274637727,0,0,0,0],""a"":1,""t"":0.08,""seq"":2162,""ts"":1779197037883}"
"2026-05-19T13:23:57.910Z","1779197037910","remote_relay","speedl","2163","guest","operator","0.6438166515483286","0.41539550017381444","0.04580836830233914","2.9228380418466857","-1.0643135745000765","-0.07951359697348863","{""type"":""speedl"",""xd"":[0,-0.017304234274637727,0,0,0,0],""a"":1,""t"":0.08,""seq"":2163,""ts"":1779197037903}"
"2026-05-19T13:23:57.927Z","1779197037927","remote_relay","speedl","2164","guest","operator","0.6438166515483286","0.41539550017381444","0.04580836830233914","2.9228380418466857","-1.0643135745000765","-0.07951359697348863","{""type"":""speedl"",""xd"":[0,-0.017304234274637727,0,0,0,0],""a"":1,""t"":0.08,""seq"":2164,""ts"":1779197037923}"
"2026-05-19T13:23:57.947Z","1779197037947","remote_relay","speedl","2165","guest","operator","0.6438910094228865","0.41369958667957457","0.04587941290089134","2.922987441428314","-1.0643756243890798","-0.07925193168446061","{""type"":""speedl"",""xd"":[0,-0.017304234274637727,0,0,0,0],""a"":1,""t"":0.08,""seq"":2165,""ts"":1779197037943}"
"2026-05-19T13:23:57.967Z","1779197037967","remote_relay","speedl","2166","guest","operator","0.6438910094228865","0.41369958667957457","0.04587941290089134","2.922987441428314","-1.0643756243890798","-0.07925193168446061","{""type"":""speedl"",""xd"":[0,-0.017304234274637727,0,0,0,0],""a"":1,""t"":0.08,""seq"":2166,""ts"":1779197037963}"
"2026-05-19T13:23:57.988Z","1779197037988","remote_relay","speedl","2167","guest","operator","0.6438910094228865","0.41369958667957457","0.04587941290089134","2.922987441428314","-1.0643756243890798","-0.07925193168446061","{""type"":""speedl"",""xd"":[0,-0.017304234274637727,0,0,0,0],""a"":1,""t"":0.08,""seq"":2167,""ts"":1779197037983}"
"2026-05-19T13:23:58.007Z","1779197038007","remote_relay","speedl","2168","guest","operator","0.6438910094228865","0.41369958667957457","0.04587941290089134","2.922987441428314","-1.0643756243890798","-0.07925193168446061","{""type"":""speedl"",""xd"":[0,-0.017304234274637727,0,0,0,0],""a"":1,""t"":0.08,""seq"":2168,""ts"":1779197038003}"
"2026-05-19T13:23:58.027Z","1779197038027","remote_relay","speedl","2169","guest","operator","0.6438910094228865","0.41369958667957457","0.04587941290089134","2.922987441428314","-1.0643756243890798","-0.07925193168446061","{""type"":""speedl"",""xd"":[0,-0.017304234274637727,0,0,0,0],""a"":1,""t"":0.08,""seq"":2169,""ts"":1779197038023}"
"2026-05-19T13:23:58.049Z","1779197038049","remote_relay","speedl","2170","guest","operator","0.6438624201212726","0.41197593173562264","0.04588792660288943","2.9229777774903267","-1.0642913322339245","-0.07923362380567611","{""type"":""speedl"",""xd"":[0,-0.017304234274637727,0,0,0,0],""a"":1,""t"":0.08,""seq"":2170,""ts"":1779197038044}"
"2026-05-19T13:23:58.068Z","1779197038068","remote_relay","speedl","2171","guest","operator","0.6438624201212726","0.41197593173562264","0.04588792660288943","2.9229777774903267","-1.0642913322339245","-0.07923362380567611","{""type"":""speedl"",""xd"":[0,-0.017304234274637727,0,0,0,0],""a"":1,""t"":0.08,""seq"":2171,""ts"":1779197038064}"
"2026-05-19T13:23:58.087Z","1779197038087","remote_relay","speedl","2172","guest","operator","0.6438624201212726","0.41197593173562264","0.04588792660288943","2.9229777774903267","-1.0642913322339245","-0.07923362380567611","{""type"":""speedl"",""xd"":[0,-0.017304234274637727,0,0,0,0],""a"":1,""t"":0.08,""seq"":2172,""ts"":1779197038083}"
"2026-05-19T13:23:58.111Z","1779197038111","remote_relay","speedl","2173","guest","operator","0.6438624201212726","0.41197593173562264","0.04588792660288943","2.9229777774903267","-1.0642913322339245","-0.07923362380567611","{""type"":""speedl"",""xd"":[0,-0.017304234274637727,0,0,0,0],""a"":1,""t"":0.08,""seq"":2173,""ts"":1779197038104}"
"2026-05-19T13:23:58.127Z","1779197038127","remote_relay","speedl","2174","guest","operator","0.6438624201212726","0.41197593173562264","0.04588792660288943","2.9229777774903267","-1.0642913322339245","-0.07923362380567611","{""type"":""speedl"",""xd"":[0,-0.017304234274637727,0,0,0,0],""a"":1,""t"":0.08,""seq"":2174,""ts"":1779197038123}"
"2026-05-19T13:23:58.148Z","1779197038148","remote_relay","speedl","2175","guest","operator","0.6438624201212726","0.41197593173562264","0.04588792660288943","2.9229777774903267","-1.0642913322339245","-0.07923362380567611","{""type"":""speedl"",""xd"":[0,-0.017304234274637727,0,0,0,0],""a"":1,""t"":0.08,""seq"":2175,""ts"":1779197038144}"
"2026-05-19T13:23:58.167Z","1779197038167","remote_relay","speedl","2176","guest","operator","0.6438236933331284","0.4101967822021983","0.045802380532396963","2.9229135472444097","-1.0642864175569178","-0.07948355678335936","{""type"":""speedl"",""xd"":[0,-0.017304234274637727,0,0,0,0],""a"":1,""t"":0.08,""seq"":2176,""ts"":1779197038163}"
"2026-05-19T13:23:58.189Z","1779197038189","remote_relay","speedl","2177","guest","operator","0.6438236933331284","0.4101967822021983","0.045802380532396963","2.9229135472444097","-1.0642864175569178","-0.07948355678335936","{""type"":""speedl"",""xd"":[0,-0.017304234274637727,0,0,0,0],""a"":1,""t"":0.08,""seq"":2177,""ts"":1779197038185}"
"2026-05-19T13:23:58.210Z","1779197038210","remote_relay","speedl","2178","guest","operator","0.6438236933331284","0.4101967822021983","0.045802380532396963","2.9229135472444097","-1.0642864175569178","-0.07948355678335936","{""type"":""speedl"",""xd"":[0,-0.017304234274637727,0,0,0,0],""a"":1,""t"":0.08,""seq"":2178,""ts"":1779197038203}"
"2026-05-19T13:23:58.228Z","1779197038228","remote_relay","speedl","2179","guest","operator","0.6438062047077346","0.40884094344558003","0.04580948725341999","2.9229014445606065","-1.0642713039167082","-0.07942101952475837","{""type"":""speedl"",""xd"":[0,-0.017304234274637727,0,0,0,0],""a"":1,""t"":0.08,""seq"":2179,""ts"":1779197038223}"
"2026-05-19T13:23:58.248Z","1779197038248","remote_relay","speedl","2180","guest","operator","0.6438062047077346","0.40884094344558003","0.04580948725341999","2.9229014445606065","-1.0642713039167082","-0.07942101952475837","{""type"":""speedl"",""xd"":[0,-0.017304234274637727,0,0,0,0],""a"":1,""t"":0.08,""seq"":2180,""ts"":1779197038243}"
"2026-05-19T13:23:58.267Z","1779197038267","remote_relay","speedl","2181","guest","operator","0.6438062047077346","0.40884094344558003","0.04580948725341999","2.9229014445606065","-1.0642713039167082","-0.07942101952475837","{""type"":""speedl"",""xd"":[0,-0.017304234274637727,0,0,0,0],""a"":1,""t"":0.08,""seq"":2181,""ts"":1779197038263}"
"2026-05-19T13:23:58.288Z","1779197038288","remote_relay","speedl","2182","guest","operator","0.6438062047077346","0.40884094344558003","0.04580948725341999","2.9229014445606065","-1.0642713039167082","-0.07942101952475837","{""type"":""speedl"",""xd"":[0,-0.017304234274637727,0,0,0,0],""a"":1,""t"":0.08,""seq"":2182,""ts"":1779197038284}"
"2026-05-19T13:23:58.308Z","1779197038308","remote_relay","speedl","2183","guest","operator","0.6438062047077346","0.40884094344558003","0.04580948725341999","2.9229014445606065","-1.0642713039167082","-0.07942101952475837","{""type"":""speedl"",""xd"":[0,-0.017304234274637727,0,0,0,0],""a"":1,""t"":0.08,""seq"":2183,""ts"":1779197038303}"
"2026-05-19T13:23:58.328Z","1779197038328","remote_relay","speedl","2184","guest","operator","0.6438062047077346","0.40884094344558003","0.04580948725341999","2.9229014445606065","-1.0642713039167082","-0.07942101952475837","{""type"":""speedl"",""xd"":[0,-0.017304234274637727,0,0,0,0],""a"":1,""t"":0.08,""seq"":2184,""ts"":1779197038323}"
"2026-05-19T13:23:58.349Z","1779197038349","remote_relay","speedl","2185","guest","operator","0.6437546829225821","0.40702728262312","0.045716501241203134","2.92270403918564","-1.0642127774014458","-0.07956253293939791","{""type"":""speedl"",""xd"":[0,-0.017304234274637727,0,0,0,0],""a"":1,""t"":0.08,""seq"":2185,""ts"":1779197038344}"
"2026-05-19T13:23:58.368Z","1779197038368","remote_relay","speedl","2186","guest","operator","0.6437546829225821","0.40702728262312","0.045716501241203134","2.92270403918564","-1.0642127774014458","-0.07956253293939791","{""type"":""speedl"",""xd"":[0,-0.017304234274637727,0,0,0,0],""a"":1,""t"":0.08,""seq"":2186,""ts"":1779197038363}"
"2026-05-19T13:23:58.388Z","1779197038388","remote_relay","speedl","2187","guest","operator","0.6437546829225821","0.40702728262312","0.045716501241203134","2.92270403918564","-1.0642127774014458","-0.07956253293939791","{""type"":""speedl"",""xd"":[0,-0.017304234274637727,0,0,0,0],""a"":1,""t"":0.08,""seq"":2187,""ts"":1779197038384}"
"2026-05-19T13:23:58.407Z","1779197038407","remote_relay","speedl","2188","guest","operator","0.6437546829225821","0.40702728262312","0.045716501241203134","2.92270403918564","-1.0642127774014458","-0.07956253293939791","{""type"":""speedl"",""xd"":[0,-0.017304234274637727,0,0,0,0],""a"":1,""t"":0.08,""seq"":2188,""ts"":1779197038403}"
"2026-05-19T13:23:58.427Z","1779197038427","remote_relay","speedl","2189","guest","operator","0.6437692787937633","0.40527755046744535","0.045757593425192616","2.9228194090811797","-1.0642149811169648","-0.07953781897858675","{""type"":""speedl"",""xd"":[0,-0.017304234274637727,0,0,0,0],""a"":1,""t"":0.08,""seq"":2189,""ts"":1779197038423}"
"2026-05-19T13:23:58.447Z","1779197038447","remote_relay","speedl","2190","guest","operator","0.6437692787937633","0.40527755046744535","0.045757593425192616","2.9228194090811797","-1.0642149811169648","-0.07953781897858675","{""type"":""speedl"",""xd"":[0,-0.017304234274637727,0,0,0,0],""a"":1,""t"":0.08,""seq"":2190,""ts"":1779197038443}"
"2026-05-19T13:23:58.467Z","1779197038467","remote_relay","speedl","2191","guest","operator","0.6437692787937633","0.40527755046744535","0.045757593425192616","2.9228194090811797","-1.0642149811169648","-0.07953781897858675","{""type"":""speedl"",""xd"":[0,-0.017304234274637727,0,0,0,0],""a"":1,""t"":0.08,""seq"":2191,""ts"":1779197038463}"
"2026-05-19T13:23:58.487Z","1779197038487","remote_relay","speedl","2192","guest","operator","0.6437692787937633","0.40527755046744535","0.045757593425192616","2.9228194090811797","-1.0642149811169648","-0.07953781897858675","{""type"":""speedl"",""xd"":[0,-0.017304234274637727,0,0,0,0],""a"":1,""t"":0.08,""seq"":2192,""ts"":1779197038483}"
"2026-05-19T13:23:58.507Z","1779197038507","remote_relay","speedl","2193","guest","operator","0.6437692787937633","0.40527755046744535","0.045757593425192616","2.9228194090811797","-1.0642149811169648","-0.07953781897858675","{""type"":""speedl"",""xd"":[0,-0.017304234274637727,0,0,0,0],""a"":1,""t"":0.08,""seq"":2193,""ts"":1779197038503}"
"2026-05-19T13:23:58.527Z","1779197038527","remote_relay","speedl","2194","guest","operator","0.6437692787937633","0.40527755046744535","0.045757593425192616","2.9228194090811797","-1.0642149811169648","-0.07953781897858675","{""type"":""speedl"",""xd"":[0,-0.017304234274637727,0,0,0,0],""a"":1,""t"":0.08,""seq"":2194,""ts"":1779197038523}"
"2026-05-19T13:23:58.548Z","1779197038548","remote_relay","speedl","2195","guest","operator","0.6437945227444986","0.40357751247675366","0.04572271550133636","2.922692046496448","-1.0642851128334556","-0.07953957250255322","{""type"":""speedl"",""xd"":[0,-0.017304234274637727,0,0,0,0],""a"":1,""t"":0.08,""seq"":2195,""ts"":1779197038544}"
"2026-05-19T13:23:58.568Z","1779197038568","remote_relay","speedl","2196","guest","operator","0.6437945227444986","0.40357751247675366","0.04572271550133636","2.922692046496448","-1.0642851128334556","-0.07953957250255322","{""type"":""speedl"",""xd"":[0,-0.017304234274637727,0,0,0,0],""a"":1,""t"":0.08,""seq"":2196,""ts"":1779197038563}"
"2026-05-19T13:23:58.590Z","1779197038590","remote_relay","speedl","2197","guest","operator","0.6437945227444986","0.40357751247675366","0.04572271550133636","2.922692046496448","-1.0642851128334556","-0.07953957250255322","{""type"":""speedl"",""xd"":[0,-0.017304234274637727,0,0,0,0],""a"":1,""t"":0.08,""seq"":2197,""ts"":1779197038585}"
"2026-05-19T13:23:58.615Z","1779197038615","remote_relay","speedl","2198","guest","operator","0.6437945227444986","0.40357751247675366","0.04572271550133636","2.922692046496448","-1.0642851128334556","-0.07953957250255322","{""type"":""speedl"",""xd"":[0,-0.017304234274637727,0,0,0,0],""a"":1,""t"":0.08,""seq"":2198,""ts"":1779197038610}"
"2026-05-19T13:23:58.628Z","1779197038628","remote_relay","speedl","2199","guest","operator","0.6438304301477371","0.40186608236371824","0.045793101401097464","2.9229099333123965","-1.064263282827844","-0.07939754148753544","{""type"":""speedl"",""xd"":[0,-0.017304234274637727,0,0,0,0],""a"":1,""t"":0.08,""seq"":2199,""ts"":1779197038623}"
"2026-05-19T13:23:58.649Z","1779197038649","remote_relay","speedl","2200","guest","operator","0.6438304301477371","0.40186608236371824","0.045793101401097464","2.9229099333123965","-1.064263282827844","-0.07939754148753544","{""type"":""speedl"",""xd"":[0,-0.017304234274637727,0,0,0,0],""a"":1,""t"":0.08,""seq"":2200,""ts"":1779197038644}"
"2026-05-19T13:23:58.667Z","1779197038667","remote_relay","speedl","2201","guest","operator","0.6438304301477371","0.40186608236371824","0.045793101401097464","2.9229099333123965","-1.064263282827844","-0.07939754148753544","{""type"":""speedl"",""xd"":[0,-0.017304234274637727,0,0,0,0],""a"":1,""t"":0.08,""seq"":2201,""ts"":1779197038663}"
"2026-05-19T13:23:58.688Z","1779197038688","remote_relay","speedl","2202","guest","operator","0.6438304301477371","0.40186608236371824","0.045793101401097464","2.9229099333123965","-1.064263282827844","-0.07939754148753544","{""type"":""speedl"",""xd"":[0,-0.017304234274637727,0,0,0,0],""a"":1,""t"":0.08,""seq"":2202,""ts"":1779197038684}"
"2026-05-19T13:23:58.707Z","1779197038707","remote_relay","speedl","2203","guest","operator","0.6438304301477371","0.40186608236371824","0.045793101401097464","2.9229099333123965","-1.064263282827844","-0.07939754148753544","{""type"":""speedl"",""xd"":[0,-0.017304234274637727,0,0,0,0],""a"":1,""t"":0.08,""seq"":2203,""ts"":1779197038703}"
"2026-05-19T13:23:58.728Z","1779197038728","remote_relay","speedl","2204","guest","operator","0.6439021356872587","0.4001839680393425","0.045911172390754346","2.923082259118061","-1.0644187974448331","-0.07929740951908289","{""type"":""speedl"",""xd"":[0,-0.017304234274637727,0,0,0,0],""a"":1,""t"":0.08,""seq"":2204,""ts"":1779197038723}"
"2026-05-19T13:23:58.749Z","1779197038749","remote_relay","speedl","2205","guest","operator","0.6439021356872587","0.4001839680393425","0.045911172390754346","2.923082259118061","-1.0644187974448331","-0.07929740951908289","{""type"":""speedl"",""xd"":[0,-0.017304234274637727,0,0,0,0],""a"":1,""t"":0.08,""seq"":2205,""ts"":1779197038744}"
"2026-05-19T13:23:58.767Z","1779197038767","remote_relay","speedl","2206","guest","operator","0.6439021356872587","0.4001839680393425","0.045911172390754346","2.923082259118061","-1.0644187974448331","-0.07929740951908289","{""type"":""speedl"",""xd"":[0,-0.017304234274637727,0,0,0,0],""a"":1,""t"":0.08,""seq"":2206,""ts"":1779197038763}"
"2026-05-19T13:23:58.790Z","1779197038790","remote_relay","speedl","2207","guest","operator","0.6439021356872587","0.4001839680393425","0.045911172390754346","2.923082259118061","-1.0644187974448331","-0.07929740951908289","{""type"":""speedl"",""xd"":[0,-0.017304234274637727,0,0,0,0],""a"":1,""t"":0.08,""seq"":2207,""ts"":1779197038786}"
"2026-05-19T13:23:58.808Z","1779197038808","remote_relay","speedl","2208","guest","operator","0.6439021356872587","0.4001839680393425","0.045911172390754346","2.923082259118061","-1.0644187974448331","-0.07929740951908289","{""type"":""speedl"",""xd"":[0,-0.017304234274637727,0,0,0,0],""a"":1,""t"":0.08,""seq"":2208,""ts"":1779197038803}"
"2026-05-19T13:23:58.828Z","1779197038828","remote_relay","speedl","2209","guest","operator","0.643859798074822","0.3983842126111413","0.04582236964254352","2.9228855839965195","-1.0643722275602483","-0.07937582140017424","{""type"":""speedl"",""xd"":[0,-0.017304234274637727,0,0,0,0],""a"":1,""t"":0.08,""seq"":2209,""ts"":1779197038823}"
"2026-05-19T13:23:58.850Z","1779197038850","remote_relay","speedl","2210","guest","operator","0.643859798074822","0.3983842126111413","0.04582236964254352","2.9228855839965195","-1.0643722275602483","-0.07937582140017424","{""type"":""speedl"",""xd"":[0,-0.017304234274637727,0,0,0,0],""a"":1,""t"":0.08,""seq"":2210,""ts"":1779197038845}"
"2026-05-19T13:23:58.867Z","1779197038867","remote_relay","speedl","2211","guest","operator","0.643859798074822","0.3983842126111413","0.04582236964254352","2.9228855839965195","-1.0643722275602483","-0.07937582140017424","{""type"":""speedl"",""xd"":[0,-0.017304234274637727,0,0,0,0],""a"":1,""t"":0.08,""seq"":2211,""ts"":1779197038863}"
"2026-05-19T13:23:58.887Z","1779197038887","remote_relay","speedl","2212","guest","operator","0.643859798074822","0.3983842126111413","0.04582236964254352","2.9228855839965195","-1.0643722275602483","-0.07937582140017424","{""type"":""speedl"",""xd"":[0,-0.017304234274637727,0,0,0,0],""a"":1,""t"":0.08,""seq"":2212,""ts"":1779197038883}"
"2026-05-19T13:23:58.907Z","1779197038907","remote_relay","speedl","2213","guest","operator","0.643859798074822","0.3983842126111413","0.04582236964254352","2.9228855839965195","-1.0643722275602483","-0.07937582140017424","{""type"":""speedl"",""xd"":[0,-0.017304234274637727,0,0,0,0],""a"":1,""t"":0.08,""seq"":2213,""ts"":1779197038903}"
"2026-05-19T13:23:58.928Z","1779197038928","remote_relay","speedl","2214","guest","operator","0.6438537277159085","0.3967271468984744","0.04581297852764801","2.922882589309955","-1.0644206976042874","-0.07950494734344826","{""type"":""speedl"",""xd"":[0,-0.017304234274637727,0,0,0,0],""a"":1,""t"":0.08,""seq"":2214,""ts"":1779197038923}"
"2026-05-19T13:23:58.947Z","1779197038947","remote_relay","speedl","2215","guest","operator","0.6438537277159085","0.3967271468984744","0.04581297852764801","2.922882589309955","-1.0644206976042874","-0.07950494734344826","{""type"":""speedl"",""xd"":[0,-0.017304234274637727,0,0,0,0],""a"":1,""t"":0.08,""seq"":2215,""ts"":1779197038943}"
"2026-05-19T13:23:58.967Z","1779197038967","remote_relay","speedl","2216","guest","operator","0.6438537277159085","0.3967271468984744","0.04581297852764801","2.922882589309955","-1.0644206976042874","-0.07950494734344826","{""type"":""speedl"",""xd"":[0,-0.017304234274637727,0,0,0,0],""a"":1,""t"":0.08,""seq"":2216,""ts"":1779197038963}"
"2026-05-19T13:23:58.988Z","1779197038988","remote_relay","speedl","2217","guest","operator","0.6437833955543778","0.39528570643966504","0.04579667045456021","2.92280198594725","-1.064268793168075","-0.07949923002375622","{""type"":""speedl"",""xd"":[0,-0.017304234274637727,0,0,0,0],""a"":1,""t"":0.08,""seq"":2217,""ts"":1779197038983}"
"2026-05-19T13:23:59.008Z","1779197039008","remote_relay","speedl","2218","guest","operator","0.6437833955543778","0.39528570643966504","0.04579667045456021","2.92280198594725","-1.064268793168075","-0.07949923002375622","{""type"":""speedl"",""xd"":[0,-0.017304234274637727,0,0,0,0],""a"":1,""t"":0.08,""seq"":2218,""ts"":1779197039003}"
"2026-05-19T13:23:59.029Z","1779197039029","remote_relay","speedl","2219","guest","operator","0.6437833955543778","0.39528570643966504","0.04579667045456021","2.92280198594725","-1.064268793168075","-0.07949923002375622","{""type"":""speedl"",""xd"":[0,-0.017304234274637727,0,0,0,0],""a"":1,""t"":0.08,""seq"":2219,""ts"":1779197039024}"
"2026-05-19T13:23:59.049Z","1779197039049","remote_relay","speedl","2220","guest","operator","0.6437833955543778","0.39528570643966504","0.04579667045456021","2.92280198594725","-1.064268793168075","-0.07949923002375622","{""type"":""speedl"",""xd"":[0,-0.017304234274637727,0,0,0,0],""a"":1,""t"":0.08,""seq"":2220,""ts"":1779197039044}"
"2026-05-19T13:23:59.067Z","1779197039067","remote_relay","speedl","2221","guest","operator","0.6437833955543778","0.39528570643966504","0.04579667045456021","2.92280198594725","-1.064268793168075","-0.07949923002375622","{""type"":""speedl"",""xd"":[0,-0.017304234274637727,0,0,0,0],""a"":1,""t"":0.08,""seq"":2221,""ts"":1779197039063}"
"2026-05-19T13:23:59.087Z","1779197039087","remote_relay","speedl","2222","guest","operator","0.6437833955543778","0.39528570643966504","0.04579667045456021","2.92280198594725","-1.064268793168075","-0.07949923002375622","{""type"":""speedl"",""xd"":[0,-0.017304234274637727,0,0,0,0],""a"":1,""t"":0.08,""seq"":2222,""ts"":1779197039083}"
"2026-05-19T13:23:59.109Z","1779197039109","remote_relay","speedl","2223","guest","operator","0.6437833955543778","0.39528570643966504","0.04579667045456021","2.92280198594725","-1.064268793168075","-0.07949923002375622","{""type"":""speedl"",""xd"":[0,-0.017304234274637727,0,0,0,0],""a"":1,""t"":0.08,""seq"":2223,""ts"":1779197039104}"
"2026-05-19T13:23:59.129Z","1779197039129","remote_relay","speedl","2224","guest","operator","0.6437897287125975","0.39334645200997354","0.04571449964440902","2.9227227118116583","-1.0642525004551002","-0.07953015557319466","{""type"":""speedl"",""xd"":[0,-0.017304234274637727,0,0,0,0],""a"":1,""t"":0.08,""seq"":2224,""ts"":1779197039124}"
"2026-05-19T13:23:59.149Z","1779197039149","remote_relay","speedl","2225","guest","operator","0.6437897287125975","0.39334645200997354","0.04571449964440902","2.9227227118116583","-1.0642525004551002","-0.07953015557319466","{""type"":""speedl"",""xd"":[0,-0.017304234274637727,0,0,0,0],""a"":1,""t"":0.08,""seq"":2225,""ts"":1779197039144}"
"2026-05-19T13:23:59.167Z","1779197039167","remote_relay","speedl","2226","guest","operator","0.6437897287125975","0.39334645200997354","0.04571449964440902","2.9227227118116583","-1.0642525004551002","-0.07953015557319466","{""type"":""speedl"",""xd"":[0,-0.017304234274637727,0,0,0,0],""a"":1,""t"":0.08,""seq"":2226,""ts"":1779197039163}"
"2026-05-19T13:23:59.187Z","1779197039187","remote_relay","speedl","2227","guest","operator","0.6437897287125975","0.39334645200997354","0.04571449964440902","2.9227227118116583","-1.0642525004551002","-0.07953015557319466","{""type"":""speedl"",""xd"":[0,-0.017304234274637727,0,0,0,0],""a"":1,""t"":0.08,""seq"":2227,""ts"":1779197039183}"
"2026-05-19T13:23:59.208Z","1779197039208","remote_relay","speedl","2228","guest","operator","0.6437897287125975","0.39334645200997354","0.04571449964440902","2.9227227118116583","-1.0642525004551002","-0.07953015557319466","{""type"":""speedl"",""xd"":[0,-0.017304234274637727,0,0,0,0],""a"":1,""t"":0.08,""seq"":2228,""ts"":1779197039203}"
"2026-05-19T13:23:59.228Z","1779197039228","remote_relay","speedl","2229","guest","operator","0.6437983334655885","0.391470339202117","0.04578559397400617","2.9228041121931496","-1.0643054068217237","-0.07948703848090685","{""type"":""speedl"",""xd"":[0,-0.017304234274637727,0,0,0,0],""a"":1,""t"":0.08,""seq"":2229,""ts"":1779197039223}"
"2026-05-19T13:23:59.249Z","1779197039249","remote_relay","speedl","2230","guest","operator","0.6437983334655885","0.391470339202117","0.04578559397400617","2.9228041121931496","-1.0643054068217237","-0.07948703848090685","{""type"":""speedl"",""xd"":[0,-0.017304234274637727,0,0,0,0],""a"":1,""t"":0.08,""seq"":2230,""ts"":1779197039245}"
"2026-05-19T13:23:59.267Z","1779197039267","remote_relay","speedl","2231","guest","operator","0.6437983334655885","0.391470339202117","0.04578559397400617","2.9228041121931496","-1.0643054068217237","-0.07948703848090685","{""type"":""speedl"",""xd"":[0,-0.017304234274637727,0,0,0,0],""a"":1,""t"":0.08,""seq"":2231,""ts"":1779197039263}"
"2026-05-19T13:23:59.288Z","1779197039288","remote_relay","speedl","2232","guest","operator","0.6437983334655885","0.391470339202117","0.04578559397400617","2.9228041121931496","-1.0643054068217237","-0.07948703848090685","{""type"":""speedl"",""xd"":[0,-0.017304234274637727,0,0,0,0],""a"":1,""t"":0.08,""seq"":2232,""ts"":1779197039283}"
"2026-05-19T13:23:59.308Z","1779197039308","remote_relay","speedl","2233","guest","operator","0.6437983334655885","0.391470339202117","0.04578559397400617","2.9228041121931496","-1.0643054068217237","-0.07948703848090685","{""type"":""speedl"",""xd"":[0,-0.017304234274637727,0,0,0,0],""a"":1,""t"":0.08,""seq"":2233,""ts"":1779197039303}"
"2026-05-19T13:23:59.328Z","1779197039328","remote_relay","speedl","2234","guest","operator","0.643785977980237","0.3896837808182721","0.045754020330135786","2.9227157207569365","-1.0642788309652744","-0.07957798938604035","{""type"":""speedl"",""xd"":[0,-0.017304234274637727,0,0,0,0],""a"":1,""t"":0.08,""seq"":2234,""ts"":1779197039323}"
"2026-05-19T13:23:59.350Z","1779197039350","remote_relay","speedl","2235","guest","operator","0.643785977980237","0.3896837808182721","0.045754020330135786","2.9227157207569365","-1.0642788309652744","-0.07957798938604035","{""type"":""speedl"",""xd"":[0,-0.017304234274637727,0,0,0,0],""a"":1,""t"":0.08,""seq"":2235,""ts"":1779197039346}"
"2026-05-19T13:23:59.368Z","1779197039368","remote_relay","speedl","2236","guest","operator","0.643785977980237","0.3896837808182721","0.045754020330135786","2.9227157207569365","-1.0642788309652744","-0.07957798938604035","{""type"":""speedl"",""xd"":[0,-0.017304234274637727,0,0,0,0],""a"":1,""t"":0.08,""seq"":2236,""ts"":1779197039363}"
"2026-05-19T13:23:59.387Z","1779197039387","remote_relay","speedl","2237","guest","operator","0.643785977980237","0.3896837808182721","0.045754020330135786","2.9227157207569365","-1.0642788309652744","-0.07957798938604035","{""type"":""speedl"",""xd"":[0,-0.017304234274637727,0,0,0,0],""a"":1,""t"":0.08,""seq"":2237,""ts"":1779197039383}"
"2026-05-19T13:23:59.408Z","1779197039408","remote_relay","speedl","2238","guest","operator","0.643785977980237","0.3896837808182721","0.045754020330135786","2.9227157207569365","-1.0642788309652744","-0.07957798938604035","{""type"":""speedl"",""xd"":[0,-0.017304234274637727,0,0,0,0],""a"":1,""t"":0.08,""seq"":2238,""ts"":1779197039404}"
"2026-05-19T13:23:59.429Z","1779197039429","remote_relay","speedl","2239","guest","operator","0.6438303933413513","0.3880944996030396","0.045808880944899266","2.9228585305637687","-1.0643216813204721","-0.07941281156816357","{""type"":""speedl"",""xd"":[0,-0.017304234274637727,0,0,0,0],""a"":1,""t"":0.08,""seq"":2239,""ts"":1779197039423}"
"2026-05-19T13:23:59.450Z","1779197039450","remote_relay","speedl","2240","guest","operator","0.6438303933413513","0.3880944996030396","0.045808880944899266","2.9228585305637687","-1.0643216813204721","-0.07941281156816357","{""type"":""speedl"",""xd"":[0,-0.017304234274637727,0,0,0,0],""a"":1,""t"":0.08,""seq"":2240,""ts"":1779197039445}"
"2026-05-19T13:23:59.467Z","1779197039467","remote_relay","speedl","2241","guest","operator","0.6438303933413513","0.3880944996030396","0.045808880944899266","2.9228585305637687","-1.0643216813204721","-0.07941281156816357","{""type"":""speedl"",""xd"":[0,-0.017304234274637727,0,0,0,0],""a"":1,""t"":0.08,""seq"":2241,""ts"":1779197039463}"
"2026-05-19T13:23:59.489Z","1779197039489","remote_relay","speedl","2242","guest","operator","0.6438303933413513","0.3880944996030396","0.045808880944899266","2.9228585305637687","-1.0643216813204721","-0.07941281156816357","{""type"":""speedl"",""xd"":[0,-0.017304234274637727,0,0,0,0],""a"":1,""t"":0.08,""seq"":2242,""ts"":1779197039484}"
"2026-05-19T13:23:59.507Z","1779197039507","remote_relay","speedl","2243","guest","operator","0.6438303933413513","0.3880944996030396","0.045808880944899266","2.9228585305637687","-1.0643216813204721","-0.07941281156816357","{""type"":""speedl"",""xd"":[0,-0.017304234274637727,0,0,0,0],""a"":1,""t"":0.08,""seq"":2243,""ts"":1779197039503}"
"2026-05-19T13:23:59.528Z","1779197039528","remote_relay","speedl","2244","guest","operator","0.6438823476176518","0.3862986583688655","0.0458599106091625","2.922963821097078","-1.064290942916663","-0.07926825500108003","{""type"":""speedl"",""xd"":[0,-0.017304234274637727,0,0,0,0],""a"":1,""t"":0.08,""seq"":2244,""ts"":1779197039523}"
"2026-05-19T13:23:59.550Z","1779197039550","remote_relay","speedl","2245","guest","operator","0.6438823476176518","0.3862986583688655","0.0458599106091625","2.922963821097078","-1.064290942916663","-0.07926825500108003","{""type"":""speedl"",""xd"":[0,-0.017304234274637727,0,0,0,0],""a"":1,""t"":0.08,""seq"":2245,""ts"":1779197039545}"
"2026-05-19T13:23:59.567Z","1779197039567","remote_relay","speedl","2246","guest","operator","0.6438823476176518","0.3862986583688655","0.0458599106091625","2.922963821097078","-1.064290942916663","-0.07926825500108003","{""type"":""speedl"",""xd"":[0,-0.017304234274637727,0,0,0,0],""a"":1,""t"":0.08,""seq"":2246,""ts"":1779197039563}"
"2026-05-19T13:23:59.587Z","1779197039587","remote_relay","speedl","2247","guest","operator","0.6438823476176518","0.3862986583688655","0.0458599106091625","2.922963821097078","-1.064290942916663","-0.07926825500108003","{""type"":""speedl"",""xd"":[0,-0.017304234274637727,0,0,0,0],""a"":1,""t"":0.08,""seq"":2247,""ts"":1779197039583}"
"2026-05-19T13:23:59.608Z","1779197039608","remote_relay","speedl","2248","guest","operator","0.6438823476176518","0.3862986583688655","0.0458599106091625","2.922963821097078","-1.064290942916663","-0.07926825500108003","{""type"":""speedl"",""xd"":[0,-0.017304234274637727,0,0,0,0],""a"":1,""t"":0.08,""seq"":2248,""ts"":1779197039603}"
"2026-05-19T13:23:59.629Z","1779197039629","remote_relay","speedl","2249","guest","operator","0.6438823476176518","0.3862986583688655","0.0458599106091625","2.922963821097078","-1.064290942916663","-0.07926825500108003","{""type"":""speedl"",""xd"":[0,-0.017304234274637727,0,0,0,0],""a"":1,""t"":0.08,""seq"":2249,""ts"":1779197039624}"
"2026-05-19T13:23:59.647Z","1779197039648","remote_relay","speedl","2250","guest","operator","0.6438453655335695","0.38466721821886407","0.045851816468376966","2.9229876600053757","-1.0641950717834334","-0.07930422211818659","{""type"":""speedl"",""xd"":[0,-0.017304234274637727,0,0,0,0],""a"":1,""t"":0.08,""seq"":2250,""ts"":1779197039643}"
"2026-05-19T13:23:59.667Z","1779197039667","remote_relay","speedl","2251","guest","operator","0.6438453655335695","0.38466721821886407","0.045851816468376966","2.9229876600053757","-1.0641950717834334","-0.07930422211818659","{""type"":""speedl"",""xd"":[0,-0.017304234274637727,0,0,0,0],""a"":1,""t"":0.08,""seq"":2251,""ts"":1779197039663}"
"2026-05-19T13:23:59.688Z","1779197039688","remote_relay","speedl","2252","guest","operator","0.6438453655335695","0.38466721821886407","0.045851816468376966","2.9229876600053757","-1.0641950717834334","-0.07930422211818659","{""type"":""speedl"",""xd"":[0,-0.017304234274637727,0,0,0,0],""a"":1,""t"":0.08,""seq"":2252,""ts"":1779197039683}"
"2026-05-19T13:23:59.707Z","1779197039707","remote_relay","speedl","2253","guest","operator","0.6438453655335695","0.38466721821886407","0.045851816468376966","2.9229876600053757","-1.0641950717834334","-0.07930422211818659","{""type"":""speedl"",""xd"":[0,-0.017304234274637727,0,0,0,0],""a"":1,""t"":0.08,""seq"":2253,""ts"":1779197039703}"
"2026-05-19T13:23:59.729Z","1779197039729","remote_relay","speedl","2254","guest","operator","0.6438212370339853","0.38286400880831","0.04579492931286758","2.922856012748933","-1.0642646171509582","-0.0794277520229275","{""type"":""speedl"",""xd"":[0,-0.017304234274637727,0,0,0,0],""a"":1,""t"":0.08,""seq"":2254,""ts"":1779197039723}"
"2026-05-19T13:23:59.748Z","1779197039748","remote_relay","speedl","2255","guest","operator","0.6438212370339853","0.38286400880831","0.04579492931286758","2.922856012748933","-1.0642646171509582","-0.0794277520229275","{""type"":""speedl"",""xd"":[0,-0.017304234274637727,0,0,0,0],""a"":1,""t"":0.08,""seq"":2255,""ts"":1779197039743}"
"2026-05-19T13:23:59.767Z","1779197039767","remote_relay","speedl","2256","guest","operator","0.6438212370339853","0.38286400880831","0.04579492931286758","2.922856012748933","-1.0642646171509582","-0.0794277520229275","{""type"":""speedl"",""xd"":[0,-0.017304234274637727,0,0,0,0],""a"":1,""t"":0.08,""seq"":2256,""ts"":1779197039763}"
"2026-05-19T13:23:59.788Z","1779197039788","remote_relay","speedl","2257","guest","operator","0.6438212370339853","0.38286400880831","0.04579492931286758","2.922856012748933","-1.0642646171509582","-0.0794277520229275","{""type"":""speedl"",""xd"":[0,-0.017304234274637727,0,0,0,0],""a"":1,""t"":0.08,""seq"":2257,""ts"":1779197039784}"
"2026-05-19T13:23:59.808Z","1779197039808","remote_relay","speedl","2258","guest","operator","0.6438212370339853","0.38286400880831","0.04579492931286758","2.922856012748933","-1.0642646171509582","-0.0794277520229275","{""type"":""speedl"",""xd"":[0,-0.017304234274637727,0,0,0,0],""a"":1,""t"":0.08,""seq"":2258,""ts"":1779197039804}"
"2026-05-19T13:23:59.829Z","1779197039829","remote_relay","speedl","2259","guest","operator","0.6438452163023088","0.3810742225515091","0.045812664796699876","2.9228509779252336","-1.064320161976832","-0.0793524644397667","{""type"":""speedl"",""xd"":[0,-0.017304234274637727,0,0,0,0],""a"":1,""t"":0.08,""seq"":2259,""ts"":1779197039823}"
"2026-05-19T13:23:59.848Z","1779197039848","remote_relay","speedl","2260","guest","operator","0.6438452163023088","0.3810742225515091","0.045812664796699876","2.9228509779252336","-1.064320161976832","-0.0793524644397667","{""type"":""speedl"",""xd"":[0,-0.017304234274637727,0,0,0,0],""a"":1,""t"":0.08,""seq"":2260,""ts"":1779197039843}"
"2026-05-19T13:23:59.868Z","1779197039868","remote_relay","speedl","2261","guest","operator","0.6438452163023088","0.3810742225515091","0.045812664796699876","2.9228509779252336","-1.064320161976832","-0.0793524644397667","{""type"":""speedl"",""xd"":[0,-0.017304234274637727,0,0,0,0],""a"":1,""t"":0.08,""seq"":2261,""ts"":1779197039863}"
"2026-05-19T13:23:59.888Z","1779197039888","remote_relay","speedl","2262","guest","operator","0.6438452163023088","0.3810742225515091","0.045812664796699876","2.9228509779252336","-1.064320161976832","-0.0793524644397667","{""type"":""speedl"",""xd"":[0,-0.017304234274637727,0,0,0,0],""a"":1,""t"":0.08,""seq"":2262,""ts"":1779197039883}"
"2026-05-19T13:23:59.907Z","1779197039907","remote_relay","speedl","2263","guest","operator","0.6438452163023088","0.3810742225515091","0.045812664796699876","2.9228509779252336","-1.064320161976832","-0.0793524644397667","{""type"":""speedl"",""xd"":[0,-0.017304234274637727,0,0,0,0],""a"":1,""t"":0.08,""seq"":2263,""ts"":1779197039903}"
"2026-05-19T13:23:59.929Z","1779197039929","remote_relay","speedl","2264","guest","operator","0.6438040508718786","0.3794306021561041","0.04581792313950947","2.9229260451971912","-1.0642449015618225","-0.0794550918556868","{""type"":""speedl"",""xd"":[0,-0.017304234274637727,0,0,0,0],""a"":1,""t"":0.08,""seq"":2264,""ts"":1779197039924}"
"2026-05-19T13:23:59.948Z","1779197039948","remote_relay","speedl","2265","guest","operator","0.6438040508718786","0.3794306021561041","0.04581792313950947","2.9229260451971912","-1.0642449015618225","-0.0794550918556868","{""type"":""speedl"",""xd"":[0,-0.017304234274637727,0,0,0,0],""a"":1,""t"":0.08,""seq"":2265,""ts"":1779197039943}"
"2026-05-19T13:23:59.967Z","1779197039967","remote_relay","speedl","2266","guest","operator","0.6438040508718786","0.3794306021561041","0.04581792313950947","2.9229260451971912","-1.0642449015618225","-0.0794550918556868","{""type"":""speedl"",""xd"":[0,-0.017304234274637727,0,0,0,0],""a"":1,""t"":0.08,""seq"":2266,""ts"":1779197039963}"
"2026-05-19T13:23:59.987Z","1779197039987","remote_relay","speedl","2267","guest","operator","0.6438040508718786","0.3794306021561041","0.04581792313950947","2.9229260451971912","-1.0642449015618225","-0.0794550918556868","{""type"":""speedl"",""xd"":[0,-0.017304234274637727,0,0,0,0],""a"":1,""t"":0.08,""seq"":2267,""ts"":1779197039983}"
"2026-05-19T13:24:00.008Z","1779197040008","remote_relay","speedl","2268","guest","operator","0.6437775636012307","0.37784749920169514","0.04576892132071497","2.9227941560768533","-1.0641447857398574","-0.0794303318378264","{""type"":""speedl"",""xd"":[0,-0.017304234274637727,0,0,0,0],""a"":1,""t"":0.08,""seq"":2268,""ts"":1779197040003}"
"2026-05-19T13:24:00.029Z","1779197040029","remote_relay","speedl","2269","guest","operator","0.6437775636012307","0.37784749920169514","0.04576892132071497","2.9227941560768533","-1.0641447857398574","-0.0794303318378264","{""type"":""speedl"",""xd"":[0,-0.017304234274637727,0,0,0,0],""a"":1,""t"":0.08,""seq"":2269,""ts"":1779197040023}"
"2026-05-19T13:24:00.050Z","1779197040050","remote_relay","speedl","2270","guest","operator","0.6437775636012307","0.37784749920169514","0.04576892132071497","2.9227941560768533","-1.0641447857398574","-0.0794303318378264","{""type"":""speedl"",""xd"":[0,-0.017304234274637727,0,0,0,0],""a"":1,""t"":0.08,""seq"":2270,""ts"":1779197040045}"
"2026-05-19T13:24:00.067Z","1779197040067","remote_relay","speedl","2271","guest","operator","0.6437775636012307","0.37784749920169514","0.04576892132071497","2.9227941560768533","-1.0641447857398574","-0.0794303318378264","{""type"":""speedl"",""xd"":[0,-0.017304234274637727,0,0,0,0],""a"":1,""t"":0.08,""seq"":2271,""ts"":1779197040063}"
"2026-05-19T13:24:00.087Z","1779197040087","remote_relay","speedl","2272","guest","operator","0.6437775636012307","0.37784749920169514","0.04576892132071497","2.9227941560768533","-1.0641447857398574","-0.0794303318378264","{""type"":""speedl"",""xd"":[0,-0.017304234274637727,0,0,0,0],""a"":1,""t"":0.08,""seq"":2272,""ts"":1779197040083}"
"2026-05-19T13:24:00.108Z","1779197040108","remote_relay","speedl","2273","guest","operator","0.6437814265417148","0.3762960156059198","0.04576079589996196","2.922860855537366","-1.0642008211773255","-0.07955282255884517","{""type"":""speedl"",""xd"":[0,-0.017304234274637727,0,0,0,0],""a"":1,""t"":0.08,""seq"":2273,""ts"":1779197040103}"
"2026-05-19T13:24:00.129Z","1779197040129","remote_relay","speedl","2274","guest","operator","0.6437814265417148","0.3762960156059198","0.04576079589996196","2.922860855537366","-1.0642008211773255","-0.07955282255884517","{""type"":""speedl"",""xd"":[0,-0.017304234274637727,0,0,0,0],""a"":1,""t"":0.08,""seq"":2274,""ts"":1779197040123}"
"2026-05-19T13:24:00.147Z","1779197040147","remote_relay","speedl","2275","guest","operator","0.6437814265417148","0.3762960156059198","0.04576079589996196","2.922860855537366","-1.0642008211773255","-0.07955282255884517","{""type"":""speedl"",""xd"":[0,-0.017304234274637727,0,0,0,0],""a"":1,""t"":0.08,""seq"":2275,""ts"":1779197040143}"
"2026-05-19T13:24:00.167Z","1779197040167","remote_relay","speedl","2276","guest","operator","0.6437814265417148","0.3762960156059198","0.04576079589996196","2.922860855537366","-1.0642008211773255","-0.07955282255884517","{""type"":""speedl"",""xd"":[0,-0.017304234274637727,0,0,0,0],""a"":1,""t"":0.08,""seq"":2276,""ts"":1779197040163}"
"2026-05-19T13:24:00.187Z","1779197040187","remote_relay","speedl","2277","guest","operator","0.6437814265417148","0.3762960156059198","0.04576079589996196","2.922860855537366","-1.0642008211773255","-0.07955282255884517","{""type"":""speedl"",""xd"":[0,-0.017304234274637727,0,0,0,0],""a"":1,""t"":0.08,""seq"":2277,""ts"":1779197040183}"
"2026-05-19T13:24:00.207Z","1779197040207","remote_relay","speedl","2278","guest","operator","0.6437814265417148","0.3762960156059198","0.04576079589996196","2.922860855537366","-1.0642008211773255","-0.07955282255884517","{""type"":""speedl"",""xd"":[0,-0.017304234274637727,0,0,0,0],""a"":1,""t"":0.08,""seq"":2278,""ts"":1779197040203}"
"2026-05-19T13:24:00.229Z","1779197040229","remote_relay","speedl","2279","guest","operator","0.6438117068949869","0.37455766675875507","0.0457972249096093","2.922848791855513","-1.064303652987564","-0.07944019747859266","{""type"":""speedl"",""xd"":[0,-0.017304234274637727,0,0,0,0],""a"":1,""t"":0.08,""seq"":2279,""ts"":1779197040224}"
"2026-05-19T13:24:00.250Z","1779197040250","remote_relay","speedl","2280","guest","operator","0.6438117068949869","0.37455766675875507","0.0457972249096093","2.922848791855513","-1.064303652987564","-0.07944019747859266","{""type"":""speedl"",""xd"":[0,-0.017304234274637727,0,0,0,0],""a"":1,""t"":0.08,""seq"":2280,""ts"":1779197040246}"
"2026-05-19T13:24:00.267Z","1779197040267","remote_relay","speedl","2281","guest","operator","0.6438117068949869","0.37455766675875507","0.0457972249096093","2.922848791855513","-1.064303652987564","-0.07944019747859266","{""type"":""speedl"",""xd"":[0,-0.017304234274637727,0,0,0,0],""a"":1,""t"":0.08,""seq"":2281,""ts"":1779197040263}"
"2026-05-19T13:24:00.289Z","1779197040289","remote_relay","speedl","2282","guest","operator","0.6438019505015294","0.37315260670647665","0.04581721561555932","2.9228858176084835","-1.064216494176774","-0.07943249454416129","{""type"":""speedl"",""xd"":[0,-0.017304234274637727,0,0,0,0],""a"":1,""t"":0.08,""seq"":2282,""ts"":1779197040284}"
"2026-05-19T13:24:00.308Z","1779197040308","remote_relay","speedl","2283","guest","operator","0.6438019505015294","0.37315260670647665","0.04581721561555932","2.9228858176084835","-1.064216494176774","-0.07943249454416129","{""type"":""speedl"",""xd"":[0,-0.017304234274637727,0,0,0,0],""a"":1,""t"":0.08,""seq"":2283,""ts"":1779197040304}"
"2026-05-19T13:24:00.329Z","1779197040329","remote_relay","speedl","2284","guest","operator","0.6438019505015294","0.37315260670647665","0.04581721561555932","2.9228858176084835","-1.064216494176774","-0.07943249454416129","{""type"":""speedl"",""xd"":[0,-0.017304234274637727,0,0,0,0],""a"":1,""t"":0.08,""seq"":2284,""ts"":1779197040323}"
"2026-05-19T13:24:00.347Z","1779197040347","remote_relay","speedl","2285","guest","operator","0.6438019505015294","0.37315260670647665","0.04581721561555932","2.9228858176084835","-1.064216494176774","-0.07943249454416129","{""type"":""speedl"",""xd"":[0,-0.017304234274637727,0,0,0,0],""a"":1,""t"":0.08,""seq"":2285,""ts"":1779197040343}"
"2026-05-19T13:24:00.367Z","1779197040367","remote_relay","speedl","2286","guest","operator","0.6438019505015294","0.37315260670647665","0.04581721561555932","2.9228858176084835","-1.064216494176774","-0.07943249454416129","{""type"":""speedl"",""xd"":[0,-0.017304234274637727,0,0,0,0],""a"":1,""t"":0.08,""seq"":2286,""ts"":1779197040363}"
"2026-05-19T13:24:00.387Z","1779197040387","remote_relay","speedl","2287","guest","operator","0.643869742414853","0.37150995128795156","0.0458979956927025","2.923016792016735","-1.064380408322396","-0.07928749218073483","{""type"":""speedl"",""xd"":[0,-0.017304234274637727,0,0,0,0],""a"":1,""t"":0.08,""seq"":2287,""ts"":1779197040383}"
"2026-05-19T13:24:00.408Z","1779197040408","remote_relay","speedl","2288","guest","operator","0.643869742414853","0.37150995128795156","0.0458979956927025","2.923016792016735","-1.064380408322396","-0.07928749218073483","{""type"":""speedl"",""xd"":[0,-0.017304234274637727,0,0,0,0],""a"":1,""t"":0.08,""seq"":2288,""ts"":1779197040403}"
"2026-05-19T13:24:00.429Z","1779197040429","remote_relay","speedl","2289","guest","operator","0.643869742414853","0.37150995128795156","0.0458979956927025","2.923016792016735","-1.064380408322396","-0.07928749218073483","{""type"":""speedl"",""xd"":[0,-0.017304234274637727,0,0,0,0],""a"":1,""t"":0.08,""seq"":2289,""ts"":1779197040423}"
"2026-05-19T13:24:00.451Z","1779197040451","remote_relay","speedl","2290","guest","operator","0.643869742414853","0.37150995128795156","0.0458979956927025","2.923016792016735","-1.064380408322396","-0.07928749218073483","{""type"":""speedl"",""xd"":[0,-0.017304234274637727,0,0,0,0],""a"":1,""t"":0.08,""seq"":2290,""ts"":1779197040446}"
"2026-05-19T13:24:00.468Z","1779197040468","remote_relay","speedl","2291","guest","operator","0.643869742414853","0.37150995128795156","0.0458979956927025","2.923016792016735","-1.064380408322396","-0.07928749218073483","{""type"":""speedl"",""xd"":[0,-0.017304234274637727,0,0,0,0],""a"":1,""t"":0.08,""seq"":2291,""ts"":1779197040463}"
"2026-05-19T13:24:00.488Z","1779197040488","remote_relay","speedl","2292","guest","operator","0.6438682152404357","0.3696886022735186","0.045860616263768667","2.922896682240014","-1.064401337222474","-0.07931084801875647","{""type"":""speedl"",""xd"":[0,-0.017304234274637727,0,0,0,0],""a"":1,""t"":0.08,""seq"":2292,""ts"":1779197040484}"
"2026-05-19T13:24:00.507Z","1779197040507","remote_relay","speedl","2293","guest","operator","0.6438682152404357","0.3696886022735186","0.045860616263768667","2.922896682240014","-1.064401337222474","-0.07931084801875647","{""type"":""speedl"",""xd"":[0,-0.017304234274637727,0,0,0,0],""a"":1,""t"":0.08,""seq"":2293,""ts"":1779197040503}"
"2026-05-19T13:24:00.530Z","1779197040530","remote_relay","speedl","2294","guest","operator","0.6438682152404357","0.3696886022735186","0.045860616263768667","2.922896682240014","-1.064401337222474","-0.07931084801875647","{""type"":""speedl"",""xd"":[0,-0.017304234274637727,0,0,0,0],""a"":1,""t"":0.08,""seq"":2294,""ts"":1779197040524}"
"2026-05-19T13:24:00.547Z","1779197040547","remote_relay","speedl","2295","guest","operator","0.6438682152404357","0.3696886022735186","0.045860616263768667","2.922896682240014","-1.064401337222474","-0.07931084801875647","{""type"":""speedl"",""xd"":[0,-0.017304234274637727,0,0,0,0],""a"":1,""t"":0.08,""seq"":2295,""ts"":1779197040543}"
"2026-05-19T13:24:00.568Z","1779197040568","remote_relay","speedl","2296","guest","operator","0.6438682152404357","0.3696886022735186","0.045860616263768667","2.922896682240014","-1.064401337222474","-0.07931084801875647","{""type"":""speedl"",""xd"":[0,-0.017304234274637727,0,0,0,0],""a"":1,""t"":0.08,""seq"":2296,""ts"":1779197040564}"
"2026-05-19T13:24:00.587Z","1779197040587","remote_relay","speedl","2297","guest","operator","0.6438901109828544","0.3679914284203497","0.04587774369970188","2.923031891695409","-1.064319358892189","-0.07922750255008448","{""type"":""speedl"",""xd"":[0,-0.017304234274637727,0,0,0,0],""a"":1,""t"":0.08,""seq"":2297,""ts"":1779197040583}"
"2026-05-19T13:24:00.607Z","1779197040607","remote_relay","speedl","2298","guest","operator","0.6438901109828544","0.3679914284203497","0.04587774369970188","2.923031891695409","-1.064319358892189","-0.07922750255008448","{""type"":""speedl"",""xd"":[0,-0.017304234274637727,0,0,0,0],""a"":1,""t"":0.08,""seq"":2298,""ts"":1779197040603}"
"2026-05-19T13:24:00.630Z","1779197040630","remote_relay","speedl","2299","guest","operator","0.6438901109828544","0.3679914284203497","0.04587774369970188","2.923031891695409","-1.064319358892189","-0.07922750255008448","{""type"":""speedl"",""xd"":[0,-0.017304234274637727,0,0,0,0],""a"":1,""t"":0.08,""seq"":2299,""ts"":1779197040623}"
"2026-05-19T13:24:00.648Z","1779197040648","remote_relay","speedl","2300","guest","operator","0.6438901109828544","0.3679914284203497","0.04587774369970188","2.923031891695409","-1.064319358892189","-0.07922750255008448","{""type"":""speedl"",""xd"":[0,-0.017304234274637727,0,0,0,0],""a"":1,""t"":0.08,""seq"":2300,""ts"":1779197040643}"
"2026-05-19T13:24:00.668Z","1779197040668","remote_relay","speedl","2301","guest","operator","0.6438901109828544","0.3679914284203497","0.04587774369970188","2.923031891695409","-1.064319358892189","-0.07922750255008448","{""type"":""speedl"",""xd"":[0,-0.017304234274637727,0,0,0,0],""a"":1,""t"":0.08,""seq"":2301,""ts"":1779197040663}"
"2026-05-19T13:24:00.687Z","1779197040687","remote_relay","speedl","2302","guest","operator","0.6438494667788728","0.3662814601399574","0.045850822870172614","2.9229276535070055","-1.06434753008518","-0.07934060282265994","{""type"":""speedl"",""xd"":[0,-0.017304234274637727,0,0,0,0],""a"":1,""t"":0.08,""seq"":2302,""ts"":1779197040683}"
"2026-05-19T13:24:00.707Z","1779197040707","remote_relay","speedl","2303","guest","operator","0.6438494667788728","0.3662814601399574","0.045850822870172614","2.9229276535070055","-1.06434753008518","-0.07934060282265994","{""type"":""speedl"",""xd"":[0,-0.017304234274637727,0,0,0,0],""a"":1,""t"":0.08,""seq"":2303,""ts"":1779197040703}"
"2026-05-19T13:24:00.729Z","1779197040729","remote_relay","speedl","2304","guest","operator","0.6438494667788728","0.3662814601399574","0.045850822870172614","2.9229276535070055","-1.06434753008518","-0.07934060282265994","{""type"":""speedl"",""xd"":[0,-0.017304234274637727,0,0,0,0],""a"":1,""t"":0.08,""seq"":2304,""ts"":1779197040724}"
"2026-05-19T13:24:00.748Z","1779197040748","remote_relay","speedl","2305","guest","operator","0.6438494667788728","0.3662814601399574","0.045850822870172614","2.9229276535070055","-1.06434753008518","-0.07934060282265994","{""type"":""speedl"",""xd"":[0,-0.017304234274637727,0,0,0,0],""a"":1,""t"":0.08,""seq"":2305,""ts"":1779197040743}"
"2026-05-19T13:24:00.767Z","1779197040767","remote_relay","speedl","2306","guest","operator","0.6438494667788728","0.3662814601399574","0.045850822870172614","2.9229276535070055","-1.06434753008518","-0.07934060282265994","{""type"":""speedl"",""xd"":[0,-0.017304234274637727,0,0,0,0],""a"":1,""t"":0.08,""seq"":2306,""ts"":1779197040763}"
"2026-05-19T13:24:00.788Z","1779197040788","remote_relay","speedl","2307","guest","operator","0.6438183836175901","0.3645180372425831","0.04580942827496301","2.9228414142584453","-1.0643023270915353","-0.07942746087010429","{""type"":""speedl"",""xd"":[0,-0.017304234274637727,0,0,0,0],""a"":1,""t"":0.08,""seq"":2307,""ts"":1779197040783}"
"2026-05-19T13:24:00.808Z","1779197040808","remote_relay","speedl","2308","guest","operator","0.6438183836175901","0.3645180372425831","0.04580942827496301","2.9228414142584453","-1.0643023270915353","-0.07942746087010429","{""type"":""speedl"",""xd"":[0,-0.017304234274637727,0,0,0,0],""a"":1,""t"":0.08,""seq"":2308,""ts"":1779197040804}"
"2026-05-19T13:24:00.827Z","1779197040827","remote_relay","speedl","2309","guest","operator","0.6438183836175901","0.3645180372425831","0.04580942827496301","2.9228414142584453","-1.0643023270915353","-0.07942746087010429","{""type"":""speedl"",""xd"":[0,-0.017304234274637727,0,0,0,0],""a"":1,""t"":0.08,""seq"":2309,""ts"":1779197040823}"
"2026-05-19T13:24:00.847Z","1779197040847","remote_relay","speedl","2310","guest","operator","0.6438183836175901","0.3645180372425831","0.04580942827496301","2.9228414142584453","-1.0643023270915353","-0.07942746087010429","{""type"":""speedl"",""xd"":[0,-0.017304234274637727,0,0,0,0],""a"":1,""t"":0.08,""seq"":2310,""ts"":1779197040843}"
"2026-05-19T13:24:00.867Z","1779197040867","remote_relay","speedl","2311","guest","operator","0.6438183836175901","0.3645180372425831","0.04580942827496301","2.9228414142584453","-1.0643023270915353","-0.07942746087010429","{""type"":""speedl"",""xd"":[0,-0.017304234274637727,0,0,0,0],""a"":1,""t"":0.08,""seq"":2311,""ts"":1779197040863}"
"2026-05-19T13:24:00.887Z","1779197040887","remote_relay","speedl","2312","guest","operator","0.6437946829639914","0.3626798032524996","0.04570177999022232","2.9226604547223096","-1.0642817326432747","-0.07953521264723454","{""type"":""speedl"",""xd"":[0,-0.017304234274637727,0,0,0,0],""a"":1,""t"":0.08,""seq"":2312,""ts"":1779197040883}"
"2026-05-19T13:24:00.907Z","1779197040907","remote_relay","speedl","2313","guest","operator","0.6437946829639914","0.3626798032524996","0.04570177999022232","2.9226604547223096","-1.0642817326432747","-0.07953521264723454","{""type"":""speedl"",""xd"":[0,-0.017304234274637727,0,0,0,0],""a"":1,""t"":0.08,""seq"":2313,""ts"":1779197040903}"
"2026-05-19T13:24:00.930Z","1779197040930","remote_relay","speedl","2314","guest","operator","0.6437946829639914","0.3626798032524996","0.04570177999022232","2.9226604547223096","-1.0642817326432747","-0.07953521264723454","{""type"":""speedl"",""xd"":[0,-0.017304234274637727,0,0,0,0],""a"":1,""t"":0.08,""seq"":2314,""ts"":1779197040924}"
"2026-05-19T13:24:00.947Z","1779197040947","remote_relay","speedl","2315","guest","operator","0.6437946829639914","0.3626798032524996","0.04570177999022232","2.9226604547223096","-1.0642817326432747","-0.07953521264723454","{""type"":""speedl"",""xd"":[0,-0.017304234274637727,0,0,0,0],""a"":1,""t"":0.08,""seq"":2315,""ts"":1779197040943}"
"2026-05-19T13:24:00.968Z","1779197040968","remote_relay","speedl","2316","guest","operator","0.6437946829639914","0.3626798032524996","0.04570177999022232","2.9226604547223096","-1.0642817326432747","-0.07953521264723454","{""type"":""speedl"",""xd"":[0,-0.017304234274637727,0,0,0,0],""a"":1,""t"":0.08,""seq"":2316,""ts"":1779197040963}"
"2026-05-19T13:24:00.988Z","1779197040988","remote_relay","speedl","2317","guest","operator","0.6437958232355658","0.3610598220383165","0.045759256788591995","2.9227530619270734","-1.064247880432733","-0.07946860181512293","{""type"":""speedl"",""xd"":[0,-0.017304234274637727,0,0,0,0],""a"":1,""t"":0.08,""seq"":2317,""ts"":1779197040983}"
"2026-05-19T13:24:01.007Z","1779197041007","remote_relay","speedl","2318","guest","operator","0.6437958232355658","0.3610598220383165","0.045759256788591995","2.9227530619270734","-1.064247880432733","-0.07946860181512293","{""type"":""speedl"",""xd"":[0,-0.017304234274637727,0,0,0,0],""a"":1,""t"":0.08,""seq"":2318,""ts"":1779197041003}"
"2026-05-19T13:24:01.027Z","1779197041027","remote_relay","speedl","2319","guest","operator","0.6437958232355658","0.3610598220383165","0.045759256788591995","2.9227530619270734","-1.064247880432733","-0.07946860181512293","{""type"":""speedl"",""xd"":[0,-0.017304234274637727,0,0,0,0],""a"":1,""t"":0.08,""seq"":2319,""ts"":1779197041023}"
"2026-05-19T13:24:01.047Z","1779197041047","remote_relay","speedl","2320","guest","operator","0.6437958232355658","0.3610598220383165","0.045759256788591995","2.9227530619270734","-1.064247880432733","-0.07946860181512293","{""type"":""speedl"",""xd"":[0,-0.017304234274637727,0,0,0,0],""a"":1,""t"":0.08,""seq"":2320,""ts"":1779197041043}"
"2026-05-19T13:24:01.067Z","1779197041067","remote_relay","speedl","2321","guest","operator","0.6437958232355658","0.3610598220383165","0.045759256788591995","2.9227530619270734","-1.064247880432733","-0.07946860181512293","{""type"":""speedl"",""xd"":[0,-0.017304234274637727,0,0,0,0],""a"":1,""t"":0.08,""seq"":2321,""ts"":1779197041063}"
"2026-05-19T13:24:01.087Z","1779197041087","remote_relay","speedl","2322","guest","operator","0.6438060334765857","0.3592816715329073","0.04578567839383543","2.9227995444264363","-1.0643085101663388","-0.07950579204355947","{""type"":""speedl"",""xd"":[0,-0.017304234274637727,0,0,0,0],""a"":1,""t"":0.08,""seq"":2322,""ts"":1779197041083}"
"2026-05-19T13:24:01.107Z","1779197041107","remote_relay","speedl","2323","guest","operator","0.6438060334765857","0.3592816715329073","0.04578567839383543","2.9227995444264363","-1.0643085101663388","-0.07950579204355947","{""type"":""speedl"",""xd"":[0,-0.017304234274637727,0,0,0,0],""a"":1,""t"":0.08,""seq"":2323,""ts"":1779197041103}"
"2026-05-19T13:24:01.130Z","1779197041130","remote_relay","speedl","2324","guest","operator","0.6438060334765857","0.3592816715329073","0.04578567839383543","2.9227995444264363","-1.0643085101663388","-0.07950579204355947","{""type"":""speedl"",""xd"":[0,-0.017304234274637727,0,0,0,0],""a"":1,""t"":0.08,""seq"":2324,""ts"":1779197041123}"
"2026-05-19T13:24:01.147Z","1779197041147","remote_relay","speedl","2325","guest","operator","0.6438060334765857","0.3592816715329073","0.04578567839383543","2.9227995444264363","-1.0643085101663388","-0.07950579204355947","{""type"":""speedl"",""xd"":[0,-0.017304234274637727,0,0,0,0],""a"":1,""t"":0.08,""seq"":2325,""ts"":1779197041143}"
"2026-05-19T13:24:01.168Z","1779197041168","remote_relay","speedl","2326","guest","operator","0.6438060334765857","0.3592816715329073","0.04578567839383543","2.9227995444264363","-1.0643085101663388","-0.07950579204355947","{""type"":""speedl"",""xd"":[0,-0.017304234274637727,0,0,0,0],""a"":1,""t"":0.08,""seq"":2326,""ts"":1779197041163}"
"2026-05-19T13:24:01.187Z","1779197041187","remote_relay","speedl","2327","guest","operator","0.6437984794056442","0.35761734309837495","0.0457777387558696","2.922797566760217","-1.0642523231802419","-0.07952904135985125","{""type"":""speedl"",""xd"":[0,-0.017304234274637727,0,0,0,0],""a"":1,""t"":0.08,""seq"":2327,""ts"":1779197041183}"
"2026-05-19T13:24:01.208Z","1779197041208","remote_relay","speedl","2328","guest","operator","0.6437984794056442","0.35761734309837495","0.0457777387558696","2.922797566760217","-1.0642523231802419","-0.07952904135985125","{""type"":""speedl"",""xd"":[0,-0.017304234274637727,0,0,0,0],""a"":1,""t"":0.08,""seq"":2328,""ts"":1779197041203}"
"2026-05-19T13:24:01.230Z","1779197041230","remote_relay","speedl","2329","guest","operator","0.6437984794056442","0.35761734309837495","0.0457777387558696","2.922797566760217","-1.0642523231802419","-0.07952904135985125","{""type"":""speedl"",""xd"":[0,-0.017304234274637727,0,0,0,0],""a"":1,""t"":0.08,""seq"":2329,""ts"":1779197041223}"
"2026-05-19T13:24:01.248Z","1779197041248","remote_relay","speedl","2330","guest","operator","0.6437984794056442","0.35761734309837495","0.0457777387558696","2.922797566760217","-1.0642523231802419","-0.07952904135985125","{""type"":""speedl"",""xd"":[0,-0.017304234274637727,0,0,0,0],""a"":1,""t"":0.08,""seq"":2330,""ts"":1779197041244}"
"2026-05-19T13:24:01.268Z","1779197041268","remote_relay","speedl","2331","guest","operator","0.6437984794056442","0.35761734309837495","0.0457777387558696","2.922797566760217","-1.0642523231802419","-0.07952904135985125","{""type"":""speedl"",""xd"":[0,-0.017304234274637727,0,0,0,0],""a"":1,""t"":0.08,""seq"":2331,""ts"":1779197041263}"
"2026-05-19T13:24:01.287Z","1779197041287","remote_relay","speedl","2332","guest","operator","0.6438765820340987","0.35591099240845403","0.0458741758796076","2.9230408723141044","-1.0643298290735788","-0.07931847714051585","{""type"":""speedl"",""xd"":[0,-0.017304234274637727,0,0,0,0],""a"":1,""t"":0.08,""seq"":2332,""ts"":1779197041283}"
"2026-05-19T13:24:01.307Z","1779197041307","remote_relay","speedl","2333","guest","operator","0.6438765820340987","0.35591099240845403","0.0458741758796076","2.9230408723141044","-1.0643298290735788","-0.07931847714051585","{""type"":""speedl"",""xd"":[0,-0.017304234274637727,0,0,0,0],""a"":1,""t"":0.08,""seq"":2333,""ts"":1779197041303}"
"2026-05-19T13:24:01.327Z","1779197041327","remote_relay","speedl","2334","guest","operator","0.6438765820340987","0.35591099240845403","0.0458741758796076","2.9230408723141044","-1.0643298290735788","-0.07931847714051585","{""type"":""speedl"",""xd"":[0,-0.017304234274637727,0,0,0,0],""a"":1,""t"":0.08,""seq"":2334,""ts"":1779197041323}"
"2026-05-19T13:24:01.348Z","1779197041348","remote_relay","speedl","2335","guest","operator","0.6438765820340987","0.35591099240845403","0.0458741758796076","2.9230408723141044","-1.0643298290735788","-0.07931847714051585","{""type"":""speedl"",""xd"":[0,-0.017304234274637727,0,0,0,0],""a"":1,""t"":0.08,""seq"":2335,""ts"":1779197041343}"
"2026-05-19T13:24:01.369Z","1779197041369","remote_relay","speedl","2336","guest","operator","0.6438765820340987","0.35591099240845403","0.0458741758796076","2.9230408723141044","-1.0643298290735788","-0.07931847714051585","{""type"":""speedl"",""xd"":[0,-0.017304234274637727,0,0,0,0],""a"":1,""t"":0.08,""seq"":2336,""ts"":1779197041364}"
"2026-05-19T13:24:01.387Z","1779197041387","remote_relay","speedl","2337","guest","operator","0.6438134116962169","0.35420906369092964","0.04578327648064004","2.9229001987449528","-1.0642043745857914","-0.07946680126545982","{""type"":""speedl"",""xd"":[0,-0.017304234274637727,0,0,0,0],""a"":1,""t"":0.08,""seq"":2337,""ts"":1779197041383}"
"2026-05-19T13:24:01.407Z","1779197041407","remote_relay","speedl","2338","guest","operator","0.6438134116962169","0.35420906369092964","0.04578327648064004","2.9229001987449528","-1.0642043745857914","-0.07946680126545982","{""type"":""speedl"",""xd"":[0,-0.017304234274637727,0,0,0,0],""a"":1,""t"":0.08,""seq"":2338,""ts"":1779197041403}"
"2026-05-19T13:24:01.427Z","1779197041427","remote_relay","speedl","2339","guest","operator","0.6438134116962169","0.35420906369092964","0.04578327648064004","2.9229001987449528","-1.0642043745857914","-0.07946680126545982","{""type"":""speedl"",""xd"":[0,-0.017304234274637727,0,0,0,0],""a"":1,""t"":0.08,""seq"":2339,""ts"":1779197041423}"
"2026-05-19T13:24:01.448Z","1779197041448","remote_relay","speedl","2340","guest","operator","0.6438134116962169","0.35420906369092964","0.04578327648064004","2.9229001987449528","-1.0642043745857914","-0.07946680126545982","{""type"":""speedl"",""xd"":[0,-0.017304234274637727,0,0,0,0],""a"":1,""t"":0.08,""seq"":2340,""ts"":1779197041443}"
"2026-05-19T13:24:01.467Z","1779197041467","remote_relay","speedl","2341","guest","operator","0.6438134116962169","0.35420906369092964","0.04578327648064004","2.9229001987449528","-1.0642043745857914","-0.07946680126545982","{""type"":""speedl"",""xd"":[0,-0.017304234274637727,0,0,0,0],""a"":1,""t"":0.08,""seq"":2341,""ts"":1779197041463}"
"2026-05-19T13:24:01.488Z","1779197041488","remote_relay","speedl","2342","guest","operator","0.643844845372749","0.3524610226325157","0.04584265606895724","2.92303710635173","-1.0642265914216695","-0.07939132415655328","{""type"":""speedl"",""xd"":[0,-0.017304234274637727,0,0,0,0],""a"":1,""t"":0.08,""seq"":2342,""ts"":1779197041483}"
"2026-05-19T13:24:01.508Z","1779197041508","remote_relay","speedl","2343","guest","operator","0.643844845372749","0.3524610226325157","0.04584265606895724","2.92303710635173","-1.0642265914216695","-0.07939132415655328","{""type"":""speedl"",""xd"":[0,-0.017304234274637727,0,0,0,0],""a"":1,""t"":0.08,""seq"":2343,""ts"":1779197041503}"
"2026-05-19T13:24:01.530Z","1779197041530","remote_relay","speedl","2344","guest","operator","0.643844845372749","0.3524610226325157","0.04584265606895724","2.92303710635173","-1.0642265914216695","-0.07939132415655328","{""type"":""speedl"",""xd"":[0,-0.017304234274637727,0,0,0,0],""a"":1,""t"":0.08,""seq"":2344,""ts"":1779197041524}"
"2026-05-19T13:24:01.548Z","1779197041548","remote_relay","speedl","2345","guest","operator","0.643844845372749","0.3524610226325157","0.04584265606895724","2.92303710635173","-1.0642265914216695","-0.07939132415655328","{""type"":""speedl"",""xd"":[0,-0.017304234274637727,0,0,0,0],""a"":1,""t"":0.08,""seq"":2345,""ts"":1779197041544}"
"2026-05-19T13:24:01.568Z","1779197041568","remote_relay","speedl","2346","guest","operator","0.643844845372749","0.3524610226325157","0.04584265606895724","2.92303710635173","-1.0642265914216695","-0.07939132415655328","{""type"":""speedl"",""xd"":[0,-0.017304234274637727,0,0,0,0],""a"":1,""t"":0.08,""seq"":2346,""ts"":1779197041563}"
"2026-05-19T13:24:01.587Z","1779197041587","remote_relay","speedl","2347","guest","operator","0.643828402603668","0.35066746211633115","0.045803713974160415","2.9229114973538586","-1.0642079467399082","-0.0793742100831367","{""type"":""speedl"",""xd"":[0,-0.017304234274637727,0,0,0,0],""a"":1,""t"":0.08,""seq"":2347,""ts"":1779197041583}"
"2026-05-19T13:24:01.608Z","1779197041608","remote_relay","speedl","2348","guest","operator","0.643828402603668","0.35066746211633115","0.045803713974160415","2.9229114973538586","-1.0642079467399082","-0.0793742100831367","{""type"":""speedl"",""xd"":[0,-0.017304234274637727,0,0,0,0],""a"":1,""t"":0.08,""seq"":2348,""ts"":1779197041604}"
"2026-05-19T13:24:01.628Z","1779197041628","remote_relay","speedl","2349","guest","operator","0.643828402603668","0.35066746211633115","0.045803713974160415","2.9229114973538586","-1.0642079467399082","-0.0793742100831367","{""type"":""speedl"",""xd"":[0,-0.017304234274637727,0,0,0,0],""a"":1,""t"":0.08,""seq"":2349,""ts"":1779197041624}"
"2026-05-19T13:24:01.648Z","1779197041648","remote_relay","speedl","2350","guest","operator","0.643828402603668","0.35066746211633115","0.045803713974160415","2.9229114973538586","-1.0642079467399082","-0.0793742100831367","{""type"":""speedl"",""xd"":[0,-0.017304234274637727,0,0,0,0],""a"":1,""t"":0.08,""seq"":2350,""ts"":1779197041643}"
"2026-05-19T13:24:01.668Z","1779197041668","remote_relay","speedl","2351","guest","operator","0.643828402603668","0.35066746211633115","0.045803713974160415","2.9229114973538586","-1.0642079467399082","-0.0793742100831367","{""type"":""speedl"",""xd"":[0,-0.017304234274637727,0,0,0,0],""a"":1,""t"":0.08,""seq"":2351,""ts"":1779197041663}"
"2026-05-19T13:24:01.687Z","1779197041687","remote_relay","speedl","2352","guest","operator","0.6438237222545334","0.3488586504623497","0.04576930387203276","2.9228019703561374","-1.064288144152634","-0.07943007103731622","{""type"":""speedl"",""xd"":[0,-0.017304234274637727,0,0,0,0],""a"":1,""t"":0.08,""seq"":2352,""ts"":1779197041683}"
"2026-05-19T13:24:01.707Z","1779197041707","remote_relay","speedl","2353","guest","operator","0.6438237222545334","0.3488586504623497","0.04576930387203276","2.9228019703561374","-1.064288144152634","-0.07943007103731622","{""type"":""speedl"",""xd"":[0,-0.017304234274637727,0,0,0,0],""a"":1,""t"":0.08,""seq"":2353,""ts"":1779197041703}"
"2026-05-19T13:24:01.727Z","1779197041727","remote_relay","speedl","2354","guest","operator","0.6438237222545334","0.3488586504623497","0.04576930387203276","2.9228019703561374","-1.064288144152634","-0.07943007103731622","{""type"":""speedl"",""xd"":[0,-0.017304234274637727,0,0,0,0],""a"":1,""t"":0.08,""seq"":2354,""ts"":1779197041723}"
"2026-05-19T13:24:01.747Z","1779197041747","remote_relay","speedl","2355","guest","operator","0.6438237222545334","0.3488586504623497","0.04576930387203276","2.9228019703561374","-1.064288144152634","-0.07943007103731622","{""type"":""speedl"",""xd"":[0,-0.017304234274637727,0,0,0,0],""a"":1,""t"":0.08,""seq"":2355,""ts"":1779197041743}"
"2026-05-19T13:24:01.770Z","1779197041770","remote_relay","speedl","2356","guest","operator","0.6438237222545334","0.3488586504623497","0.04576930387203276","2.9228019703561374","-1.064288144152634","-0.07943007103731622","{""type"":""speedl"",""xd"":[0,-0.017304234274637727,0,0,0,0],""a"":1,""t"":0.08,""seq"":2356,""ts"":1779197041765}"
"2026-05-19T13:24:01.787Z","1779197041787","remote_relay","speedl","2357","guest","operator","0.6437428806298917","0.34719414289936823","0.04573256108428023","2.92277352303583","-1.0641630944277962","-0.07960287358172924","{""type"":""speedl"",""xd"":[0,-0.017304234274637727,0,0,0,0],""a"":1,""t"":0.08,""seq"":2357,""ts"":1779197041783}"
"2026-05-19T13:24:01.808Z","1779197041808","remote_relay","speedl","2358","guest","operator","0.6437428806298917","0.34719414289936823","0.04573256108428023","2.92277352303583","-1.0641630944277962","-0.07960287358172924","{""type"":""speedl"",""xd"":[0,-0.017304234274637727,0,0,0,0],""a"":1,""t"":0.08,""seq"":2358,""ts"":1779197041803}"
"2026-05-19T13:24:01.827Z","1779197041827","remote_relay","speedl","2359","guest","operator","0.6437428806298917","0.34719414289936823","0.04573256108428023","2.92277352303583","-1.0641630944277962","-0.07960287358172924","{""type"":""speedl"",""xd"":[0,-0.017304234274637727,0,0,0,0],""a"":1,""t"":0.08,""seq"":2359,""ts"":1779197041823}"
"2026-05-19T13:24:01.847Z","1779197041847","remote_relay","speedl","2360","guest","operator","0.6437428806298917","0.34719414289936823","0.04573256108428023","2.92277352303583","-1.0641630944277962","-0.07960287358172924","{""type"":""speedl"",""xd"":[0,-0.017304234274637727,0,0,0,0],""a"":1,""t"":0.08,""seq"":2360,""ts"":1779197041843}"
"2026-05-19T13:24:01.869Z","1779197041869","remote_relay","speedl","2361","guest","operator","0.6437428806298917","0.34719414289936823","0.04573256108428023","2.92277352303583","-1.0641630944277962","-0.07960287358172924","{""type"":""speedl"",""xd"":[0,-0.017304234274637727,0,0,0,0],""a"":1,""t"":0.08,""seq"":2361,""ts"":1779197041864}"
"2026-05-19T13:24:01.887Z","1779197041887","remote_relay","speedl","2362","guest","operator","0.6437860100732552","0.3455029151219168","0.045772774989528586","2.922811734310006","-1.064322061595578","-0.07952470708582898","{""type"":""speedl"",""xd"":[0,-0.017304234274637727,0,0,0,0],""a"":1,""t"":0.08,""seq"":2362,""ts"":1779197041883}"
"2026-05-19T13:24:01.908Z","1779197041908","remote_relay","speedl","2363","guest","operator","0.6437860100732552","0.3455029151219168","0.045772774989528586","2.922811734310006","-1.064322061595578","-0.07952470708582898","{""type"":""speedl"",""xd"":[0,-0.017304234274637727,0,0,0,0],""a"":1,""t"":0.08,""seq"":2363,""ts"":1779197041904}"
"2026-05-19T13:24:01.927Z","1779197041927","remote_relay","speedl","2364","guest","operator","0.6437860100732552","0.3455029151219168","0.045772774989528586","2.922811734310006","-1.064322061595578","-0.07952470708582898","{""type"":""speedl"",""xd"":[0,-0.017304234274637727,0,0,0,0],""a"":1,""t"":0.08,""seq"":2364,""ts"":1779197041923}"
"2026-05-19T13:24:01.948Z","1779197041948","remote_relay","speedl","2365","guest","operator","0.6437860100732552","0.3455029151219168","0.045772774989528586","2.922811734310006","-1.064322061595578","-0.07952470708582898","{""type"":""speedl"",""xd"":[0,-0.017304234274637727,0,0,0,0],""a"":1,""t"":0.08,""seq"":2365,""ts"":1779197041943}"
"2026-05-19T13:24:01.967Z","1779197041967","remote_relay","speedl","2366","guest","operator","0.6437860100732552","0.3455029151219168","0.045772774989528586","2.922811734310006","-1.064322061595578","-0.07952470708582898","{""type"":""speedl"",""xd"":[0,-0.017304234274637727,0,0,0,0],""a"":1,""t"":0.08,""seq"":2366,""ts"":1779197041963}"
"2026-05-19T13:24:01.989Z","1779197041989","remote_relay","speedl","2367","guest","operator","0.6437860100732552","0.3455029151219168","0.045772774989528586","2.922811734310006","-1.064322061595578","-0.07952470708582898","{""type"":""speedl"",""xd"":[0,-0.017304234274637727,0,0,0,0],""a"":1,""t"":0.08,""seq"":2367,""ts"":1779197041984}"
"2026-05-19T13:24:02.008Z","1779197042008","remote_relay","speedl","2368","guest","operator","0.6438198378042879","0.34375950167168173","0.045757096392220836","2.9228065710241244","-1.0643142335030933","-0.07936988357421569","{""type"":""speedl"",""xd"":[0,-0.017304234274637727,0,0,0,0],""a"":1,""t"":0.08,""seq"":2368,""ts"":1779197042003}"
"2026-05-19T13:24:02.028Z","1779197042028","remote_relay","speedl","2369","guest","operator","0.6438198378042879","0.34375950167168173","0.045757096392220836","2.9228065710241244","-1.0643142335030933","-0.07936988357421569","{""type"":""speedl"",""xd"":[0,-0.017304234274637727,0,0,0,0],""a"":1,""t"":0.08,""seq"":2369,""ts"":1779197042024}"
"2026-05-19T13:24:02.048Z","1779197042048","remote_relay","speedl","2370","guest","operator","0.6438198378042879","0.34375950167168173","0.045757096392220836","2.9228065710241244","-1.0643142335030933","-0.07936988357421569","{""type"":""speedl"",""xd"":[0,-0.017304234274637727,0,0,0,0],""a"":1,""t"":0.08,""seq"":2370,""ts"":1779197042043}"
"2026-05-19T13:24:02.069Z","1779197042069","remote_relay","speedl","2371","guest","operator","0.6438186708807239","0.34230700477780135","0.045756649471424465","2.922839788475922","-1.0643218609881802","-0.07952493672269574","{""type"":""speedl"",""xd"":[0,-0.017304234274637727,0,0,0,0],""a"":1,""t"":0.08,""seq"":2371,""ts"":1779197042064}"
"2026-05-19T13:24:02.087Z","1779197042087","remote_relay","speedl","2372","guest","operator","0.6438186708807239","0.34230700477780135","0.045756649471424465","2.922839788475922","-1.0643218609881802","-0.07952493672269574","{""type"":""speedl"",""xd"":[0,-0.017304234274637727,0,0,0,0],""a"":1,""t"":0.08,""seq"":2372,""ts"":1779197042083}"
"2026-05-19T13:24:02.108Z","1779197042108","remote_relay","speedl","2373","guest","operator","0.6438186708807239","0.34230700477780135","0.045756649471424465","2.922839788475922","-1.0643218609881802","-0.07952493672269574","{""type"":""speedl"",""xd"":[0,-0.017304234274637727,0,0,0,0],""a"":1,""t"":0.08,""seq"":2373,""ts"":1779197042104}"
"2026-05-19T13:24:02.128Z","1779197042128","remote_relay","speedl","2374","guest","operator","0.6438186708807239","0.34230700477780135","0.045756649471424465","2.922839788475922","-1.0643218609881802","-0.07952493672269574","{""type"":""speedl"",""xd"":[0,-0.017304234274637727,0,0,0,0],""a"":1,""t"":0.08,""seq"":2374,""ts"":1779197042124}"
"2026-05-19T13:24:02.148Z","1779197042148","remote_relay","speedl","2375","guest","operator","0.6438186708807239","0.34230700477780135","0.045756649471424465","2.922839788475922","-1.0643218609881802","-0.07952493672269574","{""type"":""speedl"",""xd"":[0,-0.017304234274637727,0,0,0,0],""a"":1,""t"":0.08,""seq"":2375,""ts"":1779197042143}"
"2026-05-19T13:24:02.167Z","1779197042167","remote_relay","speedl","2376","guest","operator","0.643900411637501","0.34066232549496117","0.04588987030183403","2.9230301619461247","-1.0644323504067552","-0.07919733934667104","{""type"":""speedl"",""xd"":[0,-0.017304234274637727,0,0,0,0],""a"":1,""t"":0.08,""seq"":2376,""ts"":1779197042163}"
"2026-05-19T13:24:02.188Z","1779197042188","remote_relay","speedl","2377","guest","operator","0.643900411637501","0.34066232549496117","0.04588987030183403","2.9230301619461247","-1.0644323504067552","-0.07919733934667104","{""type"":""speedl"",""xd"":[0,-0.017304234274637727,0,0,0,0],""a"":1,""t"":0.08,""seq"":2377,""ts"":1779197042184}"
"2026-05-19T13:24:02.207Z","1779197042207","remote_relay","speedl","2378","guest","operator","0.643900411637501","0.34066232549496117","0.04588987030183403","2.9230301619461247","-1.0644323504067552","-0.07919733934667104","{""type"":""speedl"",""xd"":[0,-0.017304234274637727,0,0,0,0],""a"":1,""t"":0.08,""seq"":2378,""ts"":1779197042203}"
"2026-05-19T13:24:02.227Z","1779197042227","remote_relay","speedl","2379","guest","operator","0.643900411637501","0.34066232549496117","0.04588987030183403","2.9230301619461247","-1.0644323504067552","-0.07919733934667104","{""type"":""speedl"",""xd"":[0,-0.017304234274637727,0,0,0,0],""a"":1,""t"":0.08,""seq"":2379,""ts"":1779197042223}"
"2026-05-19T13:24:02.249Z","1779197042249","remote_relay","speedl","2380","guest","operator","0.643900411637501","0.34066232549496117","0.04588987030183403","2.9230301619461247","-1.0644323504067552","-0.07919733934667104","{""type"":""speedl"",""xd"":[0,-0.017304234274637727,0,0,0,0],""a"":1,""t"":0.08,""seq"":2380,""ts"":1779197042244}"
"2026-05-19T13:24:02.270Z","1779197042270","remote_relay","speedl","2381","guest","operator","0.643900411637501","0.34066232549496117","0.04588987030183403","2.9230301619461247","-1.0644323504067552","-0.07919733934667104","{""type"":""speedl"",""xd"":[0,-0.017304234274637727,0,0,0,0],""a"":1,""t"":0.08,""seq"":2381,""ts"":1779197042266}"
"2026-05-19T13:24:02.288Z","1779197042288","remote_relay","speedl","2382","guest","operator","0.6438686075026936","0.33899549116166555","0.0458647754031396","2.923048276727943","-1.0643674525506834","-0.07935632379285557","{""type"":""speedl"",""xd"":[0,-0.017304234274637727,0,0,0,0],""a"":1,""t"":0.08,""seq"":2382,""ts"":1779197042283}"
"2026-05-19T13:24:02.308Z","1779197042308","remote_relay","speedl","2383","guest","operator","0.6438686075026936","0.33899549116166555","0.0458647754031396","2.923048276727943","-1.0643674525506834","-0.07935632379285557","{""type"":""speedl"",""xd"":[0,-0.017304234274637727,0,0,0,0],""a"":1,""t"":0.08,""seq"":2383,""ts"":1779197042304}"
"2026-05-19T13:24:02.328Z","1779197042328","remote_relay","speedl","2384","guest","operator","0.6438686075026936","0.33899549116166555","0.0458647754031396","2.923048276727943","-1.0643674525506834","-0.07935632379285557","{""type"":""speedl"",""xd"":[0,-0.017304234274637727,0,0,0,0],""a"":1,""t"":0.08,""seq"":2384,""ts"":1779197042324}"
"2026-05-19T13:24:02.348Z","1779197042348","remote_relay","speedl","2385","guest","operator","0.6438686075026936","0.33899549116166555","0.0458647754031396","2.923048276727943","-1.0643674525506834","-0.07935632379285557","{""type"":""speedl"",""xd"":[0,-0.017304234274637727,0,0,0,0],""a"":1,""t"":0.08,""seq"":2385,""ts"":1779197042343}"
"2026-05-19T13:24:02.370Z","1779197042370","remote_relay","speedl","2386","guest","operator","0.6438553008822422","0.3372088323666519","0.04579852229916928","2.9228752076266957","-1.0643808880581251","-0.07941994721332941","{""type"":""speedl"",""xd"":[0,-0.017304234274637727,0,0,0,0],""a"":1,""t"":0.08,""seq"":2386,""ts"":1779197042365}"
"2026-05-19T13:24:02.388Z","1779197042388","remote_relay","speedl","2387","guest","operator","0.6438553008822422","0.3372088323666519","0.04579852229916928","2.9228752076266957","-1.0643808880581251","-0.07941994721332941","{""type"":""speedl"",""xd"":[0,-0.017304234274637727,0,0,0,0],""a"":1,""t"":0.08,""seq"":2387,""ts"":1779197042383}"
"2026-05-19T13:24:02.407Z","1779197042407","remote_relay","speedl","2388","guest","operator","0.6438553008822422","0.3372088323666519","0.04579852229916928","2.9228752076266957","-1.0643808880581251","-0.07941994721332941","{""type"":""speedl"",""xd"":[0,-0.017304234274637727,0,0,0,0],""a"":1,""t"":0.08,""seq"":2388,""ts"":1779197042403}"
"2026-05-19T13:24:02.427Z","1779197042427","remote_relay","speedl","2389","guest","operator","0.6438553008822422","0.3372088323666519","0.04579852229916928","2.9228752076266957","-1.0643808880581251","-0.07941994721332941","{""type"":""speedl"",""xd"":[0,-0.017304234274637727,0,0,0,0],""a"":1,""t"":0.08,""seq"":2389,""ts"":1779197042423}"
"2026-05-19T13:24:02.449Z","1779197042449","remote_relay","speedl","2390","guest","operator","0.6438611673969222","0.33584504740818205","0.04587840911702354","2.923043118617238","-1.0643523426806099","-0.0793083852667502","{""type"":""speedl"",""xd"":[0,-0.017304234274637727,0,0,0,0],""a"":1,""t"":0.08,""seq"":2390,""ts"":1779197042443}"
"2026-05-19T13:24:02.470Z","1779197042470","remote_relay","speedl","2391","guest","operator","0.6438611673969222","0.33584504740818205","0.04587840911702354","2.923043118617238","-1.0643523426806099","-0.0793083852667502","{""type"":""speedl"",""xd"":[0,-0.017304234274637727,0,0,0,0],""a"":1,""t"":0.08,""seq"":2391,""ts"":1779197042466}"
"2026-05-19T13:24:02.488Z","1779197042488","remote_relay","speedl","2392","guest","operator","0.6438611673969222","0.33584504740818205","0.04587840911702354","2.923043118617238","-1.0643523426806099","-0.0793083852667502","{""type"":""speedl"",""xd"":[0,-0.017304234274637727,0,0,0,0],""a"":1,""t"":0.08,""seq"":2392,""ts"":1779197042483}"
"2026-05-19T13:24:02.507Z","1779197042507","remote_relay","speedl","2393","guest","operator","0.6438611673969222","0.33584504740818205","0.04587840911702354","2.923043118617238","-1.0643523426806099","-0.0793083852667502","{""type"":""speedl"",""xd"":[0,-0.017304234274637727,0,0,0,0],""a"":1,""t"":0.08,""seq"":2393,""ts"":1779197042503}"
"2026-05-19T13:24:02.527Z","1779197042527","remote_relay","speedl","2394","guest","operator","0.6438611673969222","0.33584504740818205","0.04587840911702354","2.923043118617238","-1.0643523426806099","-0.0793083852667502","{""type"":""speedl"",""xd"":[0,-0.017304234274637727,0,0,0,0],""a"":1,""t"":0.08,""seq"":2394,""ts"":1779197042523}"
"2026-05-19T13:24:02.549Z","1779197042549","remote_relay","speedl","2395","guest","operator","0.6438334523746904","0.3341047505006653","0.04580797210149401","2.922879416358526","-1.0643584810776987","-0.0794163464502661","{""type"":""speedl"",""xd"":[0,-0.017304234274637727,0,0,0,0],""a"":1,""t"":0.08,""seq"":2395,""ts"":1779197042543}"
"2026-05-19T13:24:02.570Z","1779197042570","remote_relay","speedl","2396","guest","operator","0.6438334523746904","0.3341047505006653","0.04580797210149401","2.922879416358526","-1.0643584810776987","-0.0794163464502661","{""type"":""speedl"",""xd"":[0,-0.017304234274637727,0,0,0,0],""a"":1,""t"":0.08,""seq"":2396,""ts"":1779197042565}"
"2026-05-19T13:24:02.587Z","1779197042587","remote_relay","speedl","2397","guest","operator","0.6438334523746904","0.3341047505006653","0.04580797210149401","2.922879416358526","-1.0643584810776987","-0.0794163464502661","{""type"":""speedl"",""xd"":[0,-0.017304234274637727,0,0,0,0],""a"":1,""t"":0.08,""seq"":2397,""ts"":1779197042583}"
"2026-05-19T13:24:02.607Z","1779197042607","remote_relay","speedl","2398","guest","operator","0.6438334523746904","0.3341047505006653","0.04580797210149401","2.922879416358526","-1.0643584810776987","-0.0794163464502661","{""type"":""speedl"",""xd"":[0,-0.017304234274637727,0,0,0,0],""a"":1,""t"":0.08,""seq"":2398,""ts"":1779197042603}"
"2026-05-19T13:24:02.628Z","1779197042628","remote_relay","speedl","2399","guest","operator","0.6438334523746904","0.3341047505006653","0.04580797210149401","2.922879416358526","-1.0643584810776987","-0.0794163464502661","{""type"":""speedl"",""xd"":[0,-0.017304234274637727,0,0,0,0],""a"":1,""t"":0.08,""seq"":2399,""ts"":1779197042624}"
"2026-05-19T13:24:02.648Z","1779197042648","remote_relay","speedl","2400","guest","operator","0.6438383945279683","0.3323386277344533","0.04582400264994238","2.922859316185803","-1.064433424633628","-0.07944860714845893","{""type"":""speedl"",""xd"":[0,-0.017304234274637727,0,0,0,0],""a"":1,""t"":0.08,""seq"":2400,""ts"":1779197042643}"
"2026-05-19T13:24:02.667Z","1779197042667","remote_relay","speedl","2401","guest","operator","0.6438383945279683","0.3323386277344533","0.04582400264994238","2.922859316185803","-1.064433424633628","-0.07944860714845893","{""type"":""speedl"",""xd"":[0,-0.017304234274637727,0,0,0,0],""a"":1,""t"":0.08,""seq"":2401,""ts"":1779197042663}"
"2026-05-19T13:24:02.688Z","1779197042688","remote_relay","speedl","2402","guest","operator","0.6438383945279683","0.3323386277344533","0.04582400264994238","2.922859316185803","-1.064433424633628","-0.07944860714845893","{""type"":""speedl"",""xd"":[0,-0.017304234274637727,0,0,0,0],""a"":1,""t"":0.08,""seq"":2402,""ts"":1779197042683}"
"2026-05-19T13:24:02.708Z","1779197042708","remote_relay","speedl","2403","guest","operator","0.6438383945279683","0.3323386277344533","0.04582400264994238","2.922859316185803","-1.064433424633628","-0.07944860714845893","{""type"":""speedl"",""xd"":[0,-0.017304234274637727,0,0,0,0],""a"":1,""t"":0.08,""seq"":2403,""ts"":1779197042704}"
"2026-05-19T13:24:02.727Z","1779197042727","remote_relay","speedl","2404","guest","operator","0.6438383945279683","0.3323386277344533","0.04582400264994238","2.922859316185803","-1.064433424633628","-0.07944860714845893","{""type"":""speedl"",""xd"":[0,-0.017304234274637727,0,0,0,0],""a"":1,""t"":0.08,""seq"":2404,""ts"":1779197042723}"
"2026-05-19T13:24:02.749Z","1779197042749","remote_relay","speedl","2405","guest","operator","0.643819847580326","0.3305456911026416","0.0458000469684465","2.9228527467604843","-1.0643079610581212","-0.07942413148755599","{""type"":""speedl"",""xd"":[0,-0.017304234274637727,0,0,0,0],""a"":1,""t"":0.08,""seq"":2405,""ts"":1779197042743}"
"2026-05-19T13:24:02.770Z","1779197042770","remote_relay","speedl","2406","guest","operator","0.643819847580326","0.3305456911026416","0.0458000469684465","2.9228527467604843","-1.0643079610581212","-0.07942413148755599","{""type"":""speedl"",""xd"":[0,-0.017304234274637727,0,0,0,0],""a"":1,""t"":0.08,""seq"":2406,""ts"":1779197042765}"
"2026-05-19T13:24:02.787Z","1779197042787","remote_relay","speedl","2407","guest","operator","0.643819847580326","0.3305456911026416","0.0458000469684465","2.9228527467604843","-1.0643079610581212","-0.07942413148755599","{""type"":""speedl"",""xd"":[0,-0.017304234274637727,0,0,0,0],""a"":1,""t"":0.08,""seq"":2407,""ts"":1779197042783}"
"2026-05-19T13:24:02.807Z","1779197042807","remote_relay","speedl","2408","guest","operator","0.643819847580326","0.3305456911026416","0.0458000469684465","2.9228527467604843","-1.0643079610581212","-0.07942413148755599","{""type"":""speedl"",""xd"":[0,-0.017304234274637727,0,0,0,0],""a"":1,""t"":0.08,""seq"":2408,""ts"":1779197042803}"
"2026-05-19T13:24:02.827Z","1779197042827","remote_relay","speedl","2409","guest","operator","0.643819847580326","0.3305456911026416","0.0458000469684465","2.9228527467604843","-1.0643079610581212","-0.07942413148755599","{""type"":""speedl"",""xd"":[0,-0.017304234274637727,0,0,0,0],""a"":1,""t"":0.08,""seq"":2409,""ts"":1779197042823}"
"2026-05-19T13:24:02.848Z","1779197042848","remote_relay","speedl","2410","guest","operator","0.6437999923201733","0.32881681020286496","0.04571943931279274","2.9227282700311643","-1.0642862674704192","-0.07951848562029402","{""type"":""speedl"",""xd"":[0,-0.017304234274637727,0,0,0,0],""a"":1,""t"":0.08,""seq"":2410,""ts"":1779197042843}"
"2026-05-19T13:24:02.870Z","1779197042870","remote_relay","speedl","2411","guest","operator","0.6437999923201733","0.32881681020286496","0.04571943931279274","2.9227282700311643","-1.0642862674704192","-0.07951848562029402","{""type"":""speedl"",""xd"":[0,-0.017304234274637727,0,0,0,0],""a"":1,""t"":0.08,""seq"":2411,""ts"":1779197042865}"
"2026-05-19T13:24:02.887Z","1779197042887","remote_relay","speedl","2412","guest","operator","0.6437999923201733","0.32881681020286496","0.04571943931279274","2.9227282700311643","-1.0642862674704192","-0.07951848562029402","{""type"":""speedl"",""xd"":[0,-0.017304234274637727,0,0,0,0],""a"":1,""t"":0.08,""seq"":2412,""ts"":1779197042883}"
"2026-05-19T13:24:02.908Z","1779197042908","remote_relay","speedl","2413","guest","operator","0.6437999923201733","0.32881681020286496","0.04571943931279274","2.9227282700311643","-1.0642862674704192","-0.07951848562029402","{""type"":""speedl"",""xd"":[0,-0.017304234274637727,0,0,0,0],""a"":1,""t"":0.08,""seq"":2413,""ts"":1779197042903}"
"2026-05-19T13:24:02.928Z","1779197042928","remote_relay","speedl","2414","guest","operator","0.6437999923201733","0.32881681020286496","0.04571943931279274","2.9227282700311643","-1.0642862674704192","-0.07951848562029402","{""type"":""speedl"",""xd"":[0,-0.017304234274637727,0,0,0,0],""a"":1,""t"":0.08,""seq"":2414,""ts"":1779197042924}"
"2026-05-19T13:24:02.948Z","1779197042948","remote_relay","speedl","2415","guest","operator","0.643800136696221","0.3271192258069661","0.04578274795070969","2.9228428100096755","-1.0642748981855155","-0.0794637896307728","{""type"":""speedl"",""xd"":[0,-0.017304234274637727,0,0,0,0],""a"":1,""t"":0.08,""seq"":2415,""ts"":1779197042943}"
"2026-05-19T13:24:02.967Z","1779197042967","remote_relay","speedl","2416","guest","operator","0.643800136696221","0.3271192258069661","0.04578274795070969","2.9228428100096755","-1.0642748981855155","-0.0794637896307728","{""type"":""speedl"",""xd"":[0,-0.017304234274637727,0,0,0,0],""a"":1,""t"":0.08,""seq"":2416,""ts"":1779197042963}"
"2026-05-19T13:24:02.988Z","1779197042988","remote_relay","speedl","2417","guest","operator","0.643800136696221","0.3271192258069661","0.04578274795070969","2.9228428100096755","-1.0642748981855155","-0.0794637896307728","{""type"":""speedl"",""xd"":[0,-0.017304234274637727,0,0,0,0],""a"":1,""t"":0.08,""seq"":2417,""ts"":1779197042984}"
"2026-05-19T13:24:03.007Z","1779197043007","remote_relay","speedl","2418","guest","operator","0.643800136696221","0.3271192258069661","0.04578274795070969","2.9228428100096755","-1.0642748981855155","-0.0794637896307728","{""type"":""speedl"",""xd"":[0,-0.017304234274637727,0,0,0,0],""a"":1,""t"":0.08,""seq"":2418,""ts"":1779197043003}"
"2026-05-19T13:24:03.028Z","1779197043028","remote_relay","speedl","2419","guest","operator","0.6437964772029063","0.32543111332937846","0.04581983539933254","2.9229518763795554","-1.0641511536637471","-0.0794086527153201","{""type"":""speedl"",""xd"":[0,-0.017304234274637727,0,0,0,0],""a"":1,""t"":0.08,""seq"":2419,""ts"":1779197043024}"
"2026-05-19T13:24:03.049Z","1779197043049","remote_relay","speedl","2420","guest","operator","0.6437964772029063","0.32543111332937846","0.04581983539933254","2.9229518763795554","-1.0641511536637471","-0.0794086527153201","{""type"":""speedl"",""xd"":[0,-0.017304234274637727,0,0,0,0],""a"":1,""t"":0.08,""seq"":2420,""ts"":1779197043044}"
"2026-05-19T13:24:03.068Z","1779197043068","remote_relay","speedl","2421","guest","operator","0.6437964772029063","0.32543111332937846","0.04581983539933254","2.9229518763795554","-1.0641511536637471","-0.0794086527153201","{""type"":""speedl"",""xd"":[0,-0.017304234274637727,0,0,0,0],""a"":1,""t"":0.08,""seq"":2421,""ts"":1779197043063}"
"2026-05-19T13:24:03.087Z","1779197043087","remote_relay","speedl","2422","guest","operator","0.6437964772029063","0.32543111332937846","0.04581983539933254","2.9229518763795554","-1.0641511536637471","-0.0794086527153201","{""type"":""speedl"",""xd"":[0,-0.017304234274637727,0,0,0,0],""a"":1,""t"":0.08,""seq"":2422,""ts"":1779197043083}"
"2026-05-19T13:24:03.107Z","1779197043107","remote_relay","speedl","2423","guest","operator","0.6437964772029063","0.32543111332937846","0.04581983539933254","2.9229518763795554","-1.0641511536637471","-0.0794086527153201","{""type"":""speedl"",""xd"":[0,-0.017304234274637727,0,0,0,0],""a"":1,""t"":0.08,""seq"":2423,""ts"":1779197043103}"
"2026-05-19T13:24:03.127Z","1779197043127","remote_relay","speedl","2424","guest","operator","0.6437964772029063","0.32543111332937846","0.04581983539933254","2.9229518763795554","-1.0641511536637471","-0.0794086527153201","{""type"":""speedl"",""xd"":[0,-0.017304234274637727,0,0,0,0],""a"":1,""t"":0.08,""seq"":2424,""ts"":1779197043123}"
"2026-05-19T13:24:03.149Z","1779197043149","remote_relay","speedl","2425","guest","operator","0.6437964772029063","0.32543111332937846","0.04581983539933254","2.9229518763795554","-1.0641511536637471","-0.0794086527153201","{""type"":""speedl"",""xd"":[0,-0.017304234274637727,0,0,0,0],""a"":1,""t"":0.08,""seq"":2425,""ts"":1779197043143}"
"2026-05-19T13:24:03.169Z","1779197043169","remote_relay","speedl","2426","guest","operator","0.6438046374161998","0.32369732989183203","0.04580081979762915","2.922919551204551","-1.0641753911149894","-0.07943094292002921","{""type"":""speedl"",""xd"":[0,-0.017304234274637727,0,0,0,0],""a"":1,""t"":0.08,""seq"":2426,""ts"":1779197043165}"
"2026-05-19T13:24:03.187Z","1779197043187","remote_relay","speedl","2427","guest","operator","0.6438046374161998","0.32369732989183203","0.04580081979762915","2.922919551204551","-1.0641753911149894","-0.07943094292002921","{""type"":""speedl"",""xd"":[0,-0.017304234274637727,0,0,0,0],""a"":1,""t"":0.08,""seq"":2427,""ts"":1779197043183}"
"2026-05-19T13:24:03.207Z","1779197043207","remote_relay","speedl","2428","guest","operator","0.6438046374161998","0.32369732989183203","0.04580081979762915","2.922919551204551","-1.0641753911149894","-0.07943094292002921","{""type"":""speedl"",""xd"":[0,-0.017304234274637727,0,0,0,0],""a"":1,""t"":0.08,""seq"":2428,""ts"":1779197043203}"
"2026-05-19T13:24:03.228Z","1779197043228","remote_relay","speedl","2429","guest","operator","0.6438046374161998","0.32369732989183203","0.04580081979762915","2.922919551204551","-1.0641753911149894","-0.07943094292002921","{""type"":""speedl"",""xd"":[0,-0.017304234274637727,0,0,0,0],""a"":1,""t"":0.08,""seq"":2429,""ts"":1779197043223}"
"2026-05-19T13:24:03.249Z","1779197043249","remote_relay","speedl","2430","guest","operator","0.6438046374161998","0.32369732989183203","0.04580081979762915","2.922919551204551","-1.0641753911149894","-0.07943094292002921","{""type"":""speedl"",""xd"":[0,-0.017304234274637727,0,0,0,0],""a"":1,""t"":0.08,""seq"":2430,""ts"":1779197043243}"
"2026-05-19T13:24:03.270Z","1779197043270","remote_relay","speedl","2431","guest","operator","0.6438534262414454","0.3219525393025409","0.04589130374408304","2.9230468111455843","-1.0642511326521906","-0.07929973245803146","{""type"":""speedl"",""xd"":[0,-0.017304234274637727,0,0,0,0],""a"":1,""t"":0.08,""seq"":2431,""ts"":1779197043266}"
"2026-05-19T13:24:03.287Z","1779197043287","remote_relay","speedl","2432","guest","operator","0.6438534262414454","0.3219525393025409","0.04589130374408304","2.9230468111455843","-1.0642511326521906","-0.07929973245803146","{""type"":""speedl"",""xd"":[0,-0.017304234274637727,0,0,0,0],""a"":1,""t"":0.08,""seq"":2432,""ts"":1779197043283}"
"2026-05-19T13:24:03.308Z","1779197043308","remote_relay","speedl","2433","guest","operator","0.6438534262414454","0.3219525393025409","0.04589130374408304","2.9230468111455843","-1.0642511326521906","-0.07929973245803146","{""type"":""speedl"",""xd"":[0,-0.017304234274637727,0,0,0,0],""a"":1,""t"":0.08,""seq"":2433,""ts"":1779197043304}"
"2026-05-19T13:24:03.328Z","1779197043328","remote_relay","speedl","2434","guest","operator","0.6438534262414454","0.3219525393025409","0.04589130374408304","2.9230468111455843","-1.0642511326521906","-0.07929973245803146","{""type"":""speedl"",""xd"":[0,-0.017304234274637727,0,0,0,0],""a"":1,""t"":0.08,""seq"":2434,""ts"":1779197043323}"
"2026-05-19T13:24:03.350Z","1779197043350","remote_relay","speedl","2435","guest","operator","0.6438350699286048","0.32030277278638114","0.045856111643667125","2.9230414052919427","-1.0642039402702757","-0.07938250538468042","{""type"":""speedl"",""xd"":[0,-0.017304234274637727,0,0,0,0],""a"":1,""t"":0.08,""seq"":2435,""ts"":1779197043343}"
"2026-05-19T13:24:03.370Z","1779197043370","remote_relay","speedl","2436","guest","operator","0.6438350699286048","0.32030277278638114","0.045856111643667125","2.9230414052919427","-1.0642039402702757","-0.07938250538468042","{""type"":""speedl"",""xd"":[0,-0.017304234274637727,0,0,0,0],""a"":1,""t"":0.08,""seq"":2436,""ts"":1779197043365}"
"2026-05-19T13:24:03.387Z","1779197043387","remote_relay","speedl","2437","guest","operator","0.6438350699286048","0.32030277278638114","0.045856111643667125","2.9230414052919427","-1.0642039402702757","-0.07938250538468042","{""type"":""speedl"",""xd"":[0,-0.017304234274637727,0,0,0,0],""a"":1,""t"":0.08,""seq"":2437,""ts"":1779197043383}"
"2026-05-19T13:24:03.407Z","1779197043407","remote_relay","speedl","2438","guest","operator","0.6438350699286048","0.32030277278638114","0.045856111643667125","2.9230414052919427","-1.0642039402702757","-0.07938250538468042","{""type"":""speedl"",""xd"":[0,-0.017304234274637727,0,0,0,0],""a"":1,""t"":0.08,""seq"":2438,""ts"":1779197043403}"
"2026-05-19T13:24:03.428Z","1779197043428","remote_relay","speedl","2439","guest","operator","0.6438350699286048","0.32030277278638114","0.045856111643667125","2.9230414052919427","-1.0642039402702757","-0.07938250538468042","{""type"":""speedl"",""xd"":[0,-0.017304234274637727,0,0,0,0],""a"":1,""t"":0.08,""seq"":2439,""ts"":1779197043424}"
"2026-05-19T13:24:03.450Z","1779197043450","remote_relay","speedl","2440","guest","operator","0.6438476822528146","0.3185755397827946","0.045837715613465474","2.922966256834254","-1.0643331512837912","-0.07936267597711168","{""type"":""speedl"",""xd"":[0,-0.017304234274637727,0,0,0,0],""a"":1,""t"":0.08,""seq"":2440,""ts"":1779197043444}"
"2026-05-19T13:24:03.468Z","1779197043468","remote_relay","speedl","2441","guest","operator","0.6438476822528146","0.3185755397827946","0.045837715613465474","2.922966256834254","-1.0643331512837912","-0.07936267597711168","{""type"":""speedl"",""xd"":[0,-0.017304234274637727,0,0,0,0],""a"":1,""t"":0.08,""seq"":2441,""ts"":1779197043463}"
"2026-05-19T13:24:03.488Z","1779197043488","remote_relay","speedl","2442","guest","operator","0.6438476822528146","0.3185755397827946","0.045837715613465474","2.922966256834254","-1.0643331512837912","-0.07936267597711168","{""type"":""speedl"",""xd"":[0,-0.017304234274637727,0,0,0,0],""a"":1,""t"":0.08,""seq"":2442,""ts"":1779197043484}"
"2026-05-19T13:24:03.507Z","1779197043507","remote_relay","speedl","2443","guest","operator","0.6438476822528146","0.3185755397827946","0.045837715613465474","2.922966256834254","-1.0643331512837912","-0.07936267597711168","{""type"":""speedl"",""xd"":[0,-0.017304234274637727,0,0,0,0],""a"":1,""t"":0.08,""seq"":2443,""ts"":1779197043503}"
"2026-05-19T13:24:03.528Z","1779197043528","remote_relay","speedl","2444","guest","operator","0.6438785277867178","0.31712447509977226","0.04586816683721054","2.922947119193391","-1.0643773542570407","-0.07927679878943962","{""type"":""speedl"",""xd"":[0,-0.017304234274637727,0,0,0,0],""a"":1,""t"":0.08,""seq"":2444,""ts"":1779197043523}"
"2026-05-19T13:24:03.549Z","1779197043549","remote_relay","speedl","2445","guest","operator","0.6438785277867178","0.31712447509977226","0.04586816683721054","2.922947119193391","-1.0643773542570407","-0.07927679878943962","{""type"":""speedl"",""xd"":[0,-0.017304234274637727,0,0,0,0],""a"":1,""t"":0.08,""seq"":2445,""ts"":1779197043543}"
"2026-05-19T13:24:03.568Z","1779197043568","remote_relay","speedl","2446","guest","operator","0.6438785277867178","0.31712447509977226","0.04586816683721054","2.922947119193391","-1.0643773542570407","-0.07927679878943962","{""type"":""speedl"",""xd"":[0,-0.017304234274637727,0,0,0,0],""a"":1,""t"":0.08,""seq"":2446,""ts"":1779197043563}"
"2026-05-19T13:24:03.588Z","1779197043588","remote_relay","speedl","2447","guest","operator","0.6438785277867178","0.31712447509977226","0.04586816683721054","2.922947119193391","-1.0643773542570407","-0.07927679878943962","{""type"":""speedl"",""xd"":[0,-0.017304234274637727,0,0,0,0],""a"":1,""t"":0.08,""seq"":2447,""ts"":1779197043584}"
"2026-05-19T13:24:03.607Z","1779197043607","remote_relay","speedl","2448","guest","operator","0.6438785277867178","0.31712447509977226","0.04586816683721054","2.922947119193391","-1.0643773542570407","-0.07927679878943962","{""type"":""speedl"",""xd"":[0,-0.017304234274637727,0,0,0,0],""a"":1,""t"":0.08,""seq"":2448,""ts"":1779197043603}"
"2026-05-19T13:24:03.628Z","1779197043628","remote_relay","speedl","2449","guest","operator","0.6438285239309546","0.31536308521762274","0.04580512119927033","2.922843179720246","-1.0643662620652428","-0.07948790904271456","{""type"":""speedl"",""xd"":[0,-0.017304234274637727,0,0,0,0],""a"":1,""t"":0.08,""seq"":2449,""ts"":1779197043623}"
"2026-05-19T13:24:03.652Z","1779197043652","remote_relay","speedl","2450","guest","operator","0.6438285239309546","0.31536308521762274","0.04580512119927033","2.922843179720246","-1.0643662620652428","-0.07948790904271456","{""type"":""speedl"",""xd"":[0,-0.017304234274637727,0,0,0,0],""a"":1,""t"":0.08,""seq"":2450,""ts"":1779197043643}"
"2026-05-19T13:24:03.669Z","1779197043669","remote_relay","speedl","2451","guest","operator","0.6438285239309546","0.31536308521762274","0.04580512119927033","2.922843179720246","-1.0643662620652428","-0.07948790904271456","{""type"":""speedl"",""xd"":[0,-0.017304234274637727,0,0,0,0],""a"":1,""t"":0.08,""seq"":2451,""ts"":1779197043664}"
"2026-05-19T13:24:03.689Z","1779197043689","remote_relay","speedl","2452","guest","operator","0.6438285239309546","0.31536308521762274","0.04580512119927033","2.922843179720246","-1.0643662620652428","-0.07948790904271456","{""type"":""speedl"",""xd"":[0,-0.017304234274637727,0,0,0,0],""a"":1,""t"":0.08,""seq"":2452,""ts"":1779197043684}"
"2026-05-19T13:24:03.708Z","1779197043708","remote_relay","speedl","2453","guest","operator","0.6438285239309546","0.31536308521762274","0.04580512119927033","2.922843179720246","-1.0643662620652428","-0.07948790904271456","{""type"":""speedl"",""xd"":[0,-0.017304234274637727,0,0,0,0],""a"":1,""t"":0.08,""seq"":2453,""ts"":1779197043704}"
"2026-05-19T13:24:03.728Z","1779197043728","remote_relay","speedl","2454","guest","operator","0.6438137142640092","0.3133652481957279","0.04573337175335229","2.922721293542686","-1.0643623108181202","-0.07951864475384526","{""type"":""speedl"",""xd"":[0,-0.017304234274637727,0,0,0,0],""a"":1,""t"":0.08,""seq"":2454,""ts"":1779197043724}"
"2026-05-19T13:24:03.750Z","1779197043750","remote_relay","speedl","2455","guest","operator","0.6438137142640092","0.3133652481957279","0.04573337175335229","2.922721293542686","-1.0643623108181202","-0.07951864475384526","{""type"":""speedl"",""xd"":[0,-0.017304234274637727,0,0,0,0],""a"":1,""t"":0.08,""seq"":2455,""ts"":1779197043743}"
"2026-05-19T13:24:03.768Z","1779197043768","remote_relay","speedl","2456","guest","operator","0.6438137142640092","0.3133652481957279","0.04573337175335229","2.922721293542686","-1.0643623108181202","-0.07951864475384526","{""type"":""speedl"",""xd"":[0,-0.017304234274637727,0,0,0,0],""a"":1,""t"":0.08,""seq"":2456,""ts"":1779197043763}"
"2026-05-19T13:24:03.788Z","1779197043788","remote_relay","speedl","2457","guest","operator","0.6438137142640092","0.3133652481957279","0.04573337175335229","2.922721293542686","-1.0643623108181202","-0.07951864475384526","{""type"":""speedl"",""xd"":[0,-0.017304234274637727,0,0,0,0],""a"":1,""t"":0.08,""seq"":2457,""ts"":1779197043784}"
"2026-05-19T13:24:03.807Z","1779197043807","remote_relay","speedl","2458","guest","operator","0.6438137142640092","0.3133652481957279","0.04573337175335229","2.922721293542686","-1.0643623108181202","-0.07951864475384526","{""type"":""speedl"",""xd"":[0,-0.017304234274637727,0,0,0,0],""a"":1,""t"":0.08,""seq"":2458,""ts"":1779197043803}"
"2026-05-19T13:24:03.827Z","1779197043827","remote_relay","speedl","2459","guest","operator","0.6437571977293347","0.31186285903311656","0.04572727425597828","2.9227163291413016","-1.0642498041510722","-0.07959600830646654","{""type"":""speedl"",""xd"":[0,-0.017304234274637727,0,0,0,0],""a"":1,""t"":0.08,""seq"":2459,""ts"":1779197043823}"
"2026-05-19T13:24:03.850Z","1779197043850","remote_relay","speedl","2460","guest","operator","0.6437571977293347","0.31186285903311656","0.04572727425597828","2.9227163291413016","-1.0642498041510722","-0.07959600830646654","{""type"":""speedl"",""xd"":[0,-0.017304234274637727,0,0,0,0],""a"":1,""t"":0.08,""seq"":2460,""ts"":1779197043844}"
"2026-05-19T13:24:03.868Z","1779197043868","remote_relay","speedl","2461","guest","operator","0.6437571977293347","0.31186285903311656","0.04572727425597828","2.9227163291413016","-1.0642498041510722","-0.07959600830646654","{""type"":""speedl"",""xd"":[0,-0.017304234274637727,0,0,0,0],""a"":1,""t"":0.08,""seq"":2461,""ts"":1779197043863}"
"2026-05-19T13:24:03.888Z","1779197043888","remote_relay","speedl","2462","guest","operator","0.6437571977293347","0.31186285903311656","0.04572727425597828","2.9227163291413016","-1.0642498041510722","-0.07959600830646654","{""type"":""speedl"",""xd"":[0,-0.017304234274637727,0,0,0,0],""a"":1,""t"":0.08,""seq"":2462,""ts"":1779197043884}"
"2026-05-19T13:24:03.907Z","1779197043907","remote_relay","speedl","2463","guest","operator","0.6437571977293347","0.31186285903311656","0.04572727425597828","2.9227163291413016","-1.0642498041510722","-0.07959600830646654","{""type"":""speedl"",""xd"":[0,-0.017304234274637727,0,0,0,0],""a"":1,""t"":0.08,""seq"":2463,""ts"":1779197043903}"
"2026-05-19T13:24:03.928Z","1779197043928","remote_relay","speedl","2464","guest","operator","0.6437919003668809","0.31015807994628053","0.04575202643257181","2.9227734100681806","-1.064229945559564","-0.07952121496205532","{""type"":""speedl"",""xd"":[0,-0.017304234274637727,0,0,0,0],""a"":1,""t"":0.08,""seq"":2464,""ts"":1779197043923}"
"2026-05-19T13:24:03.951Z","1779197043951","remote_relay","speedl","2465","guest","operator","0.6437919003668809","0.31015807994628053","0.04575202643257181","2.9227734100681806","-1.064229945559564","-0.07952121496205532","{""type"":""speedl"",""xd"":[0,-0.017304234274637727,0,0,0,0],""a"":1,""t"":0.08,""seq"":2465,""ts"":1779197043944}"
"2026-05-19T13:24:03.968Z","1779197043968","remote_relay","speedl","2466","guest","operator","0.6437919003668809","0.31015807994628053","0.04575202643257181","2.9227734100681806","-1.064229945559564","-0.07952121496205532","{""type"":""speedl"",""xd"":[0,-0.017304234274637727,0,0,0,0],""a"":1,""t"":0.08,""seq"":2466,""ts"":1779197043964}"
"2026-05-19T13:24:03.988Z","1779197043988","remote_relay","speedl","2467","guest","operator","0.6437919003668809","0.31015807994628053","0.04575202643257181","2.9227734100681806","-1.064229945559564","-0.07952121496205532","{""type"":""speedl"",""xd"":[0,-0.017304234274637727,0,0,0,0],""a"":1,""t"":0.08,""seq"":2467,""ts"":1779197043983}"
"2026-05-19T13:24:04.008Z","1779197044008","remote_relay","speedl","2468","guest","operator","0.6437919003668809","0.31015807994628053","0.04575202643257181","2.9227734100681806","-1.064229945559564","-0.07952121496205532","{""type"":""speedl"",""xd"":[0,-0.017304234274637727,0,0,0,0],""a"":1,""t"":0.08,""seq"":2468,""ts"":1779197044004}"
"2026-05-19T13:24:04.028Z","1779197044028","remote_relay","speedl","2469","guest","operator","0.6438221133514127","0.30836276833825094","0.04576264160918153","2.922747453180514","-1.0644190395041093","-0.07946979680541791","{""type"":""speedl"",""xd"":[0,-0.017304234274637727,0,0,0,0],""a"":1,""t"":0.08,""seq"":2469,""ts"":1779197044023}"
"2026-05-19T13:24:04.049Z","1779197044049","remote_relay","speedl","2470","guest","operator","0.6438221133514127","0.30836276833825094","0.04576264160918153","2.922747453180514","-1.0644190395041093","-0.07946979680541791","{""type"":""speedl"",""xd"":[0,-0.017304234274637727,0,0,0,0],""a"":1,""t"":0.08,""seq"":2470,""ts"":1779197044044}"
"2026-05-19T13:24:04.067Z","1779197044067","remote_relay","speedl","2471","guest","operator","0.6438221133514127","0.30836276833825094","0.04576264160918153","2.922747453180514","-1.0644190395041093","-0.07946979680541791","{""type"":""speedl"",""xd"":[0,-0.017304234274637727,0,0,0,0],""a"":1,""t"":0.08,""seq"":2471,""ts"":1779197044063}"
"2026-05-19T13:24:04.087Z","1779197044087","remote_relay","speedl","2472","guest","operator","0.6438221133514127","0.30836276833825094","0.04576264160918153","2.922747453180514","-1.0644190395041093","-0.07946979680541791","{""type"":""speedl"",""xd"":[0,-0.017304234274637727,0,0,0,0],""a"":1,""t"":0.08,""seq"":2472,""ts"":1779197044083}"
"2026-05-19T13:24:04.107Z","1779197044107","remote_relay","speedl","2473","guest","operator","0.6438221133514127","0.30836276833825094","0.04576264160918153","2.922747453180514","-1.0644190395041093","-0.07946979680541791","{""type"":""speedl"",""xd"":[0,-0.017304234274637727,0,0,0,0],""a"":1,""t"":0.08,""seq"":2473,""ts"":1779197044103}"
"2026-05-19T13:24:04.128Z","1779197044128","remote_relay","speedl","2474","guest","operator","0.6437764971987366","0.3067564848542028","0.045747215521172835","2.9227816497906196","-1.0643056947765155","-0.07958856701047681","{""type"":""speedl"",""xd"":[0,-0.017304234274637727,0,0,0,0],""a"":1,""t"":0.08,""seq"":2474,""ts"":1779197044123}"
"2026-05-19T13:24:04.150Z","1779197044150","remote_relay","speedl","2475","guest","operator","0.6437764971987366","0.3067564848542028","0.045747215521172835","2.9227816497906196","-1.0643056947765155","-0.07958856701047681","{""type"":""speedl"",""xd"":[0,-0.017304234274637727,0,0,0,0],""a"":1,""t"":0.08,""seq"":2475,""ts"":1779197044143}"
"2026-05-19T13:24:04.168Z","1779197044168","remote_relay","speedl","2476","guest","operator","0.6437764971987366","0.3067564848542028","0.045747215521172835","2.9227816497906196","-1.0643056947765155","-0.07958856701047681","{""type"":""speedl"",""xd"":[0,-0.017304234274637727,0,0,0,0],""a"":1,""t"":0.08,""seq"":2476,""ts"":1779197044163}"
"2026-05-19T13:24:04.188Z","1779197044188","remote_relay","speedl","2477","guest","operator","0.6437764971987366","0.3067564848542028","0.045747215521172835","2.9227816497906196","-1.0643056947765155","-0.07958856701047681","{""type"":""speedl"",""xd"":[0,-0.017304234274637727,0,0,0,0],""a"":1,""t"":0.08,""seq"":2477,""ts"":1779197044183}"
"2026-05-19T13:24:04.207Z","1779197044207","remote_relay","speedl","2478","guest","operator","0.6437764971987366","0.3067564848542028","0.045747215521172835","2.9227816497906196","-1.0643056947765155","-0.07958856701047681","{""type"":""speedl"",""xd"":[0,-0.017304234274637727,0,0,0,0],""a"":1,""t"":0.08,""seq"":2478,""ts"":1779197044203}"
"2026-05-19T13:24:04.228Z","1779197044228","remote_relay","speedl","2479","guest","operator","0.6438248371944566","0.3050034778116409","0.045793549021511476","2.922870854197295","-1.0642744008819929","-0.0793908685465986","{""type"":""speedl"",""xd"":[0,-0.017304234274637727,0,0,0,0],""a"":1,""t"":0.08,""seq"":2479,""ts"":1779197044224}"
"2026-05-19T13:24:04.247Z","1779197044247","remote_relay","speedl","2480","guest","operator","0.6438248371944566","0.3050034778116409","0.045793549021511476","2.922870854197295","-1.0642744008819929","-0.0793908685465986","{""type"":""speedl"",""xd"":[0,-0.017304234274637727,0,0,0,0],""a"":1,""t"":0.08,""seq"":2480,""ts"":1779197044243}"
"2026-05-19T13:24:04.267Z","1779197044267","remote_relay","speedl","2481","guest","operator","0.6438248371944566","0.3050034778116409","0.045793549021511476","2.922870854197295","-1.0642744008819929","-0.0793908685465986","{""type"":""speedl"",""xd"":[0,-0.017304234274637727,0,0,0,0],""a"":1,""t"":0.08,""seq"":2481,""ts"":1779197044263}"
"2026-05-19T13:24:04.289Z","1779197044289","remote_relay","speedl","2482","guest","operator","0.6438248371944566","0.3050034778116409","0.045793549021511476","2.922870854197295","-1.0642744008819929","-0.0793908685465986","{""type"":""speedl"",""xd"":[0,-0.017304234274637727,0,0,0,0],""a"":1,""t"":0.08,""seq"":2482,""ts"":1779197044284}"
"2026-05-19T13:24:04.307Z","1779197044307","remote_relay","speedl","2483","guest","operator","0.6438248371944566","0.3050034778116409","0.045793549021511476","2.922870854197295","-1.0642744008819929","-0.0793908685465986","{""type"":""speedl"",""xd"":[0,-0.017304234274637727,0,0,0,0],""a"":1,""t"":0.08,""seq"":2483,""ts"":1779197044303}"
"2026-05-19T13:24:04.328Z","1779197044328","remote_relay","speedl","2484","guest","operator","0.6438713643114566","0.3033199487012268","0.04585553520797306","2.9229557020951544","-1.0644012626202173","-0.07933487374295962","{""type"":""speedl"",""xd"":[0,-0.017304234274637727,0,0,0,0],""a"":1,""t"":0.08,""seq"":2484,""ts"":1779197044324}"
"2026-05-19T13:24:04.347Z","1779197044347","remote_relay","speedl","2485","guest","operator","0.6438713643114566","0.3033199487012268","0.04585553520797306","2.9229557020951544","-1.0644012626202173","-0.07933487374295962","{""type"":""speedl"",""xd"":[0,-0.017304234274637727,0,0,0,0],""a"":1,""t"":0.08,""seq"":2485,""ts"":1779197044343}"
"2026-05-19T13:24:04.367Z","1779197044367","remote_relay","speedl","2486","guest","operator","0.6438713643114566","0.3033199487012268","0.04585553520797306","2.9229557020951544","-1.0644012626202173","-0.07933487374295962","{""type"":""speedl"",""xd"":[0,-0.017304234274637727,0,0,0,0],""a"":1,""t"":0.08,""seq"":2486,""ts"":1779197044363}"
"2026-05-19T13:24:04.389Z","1779197044389","remote_relay","speedl","2487","guest","operator","0.6438713643114566","0.3033199487012268","0.04585553520797306","2.9229557020951544","-1.0644012626202173","-0.07933487374295962","{""type"":""speedl"",""xd"":[0,-0.017304234274637727,0,0,0,0],""a"":1,""t"":0.08,""seq"":2487,""ts"":1779197044384}"
"2026-05-19T13:24:04.408Z","1779197044408","remote_relay","speedl","2488","guest","operator","0.6438713643114566","0.3033199487012268","0.04585553520797306","2.9229557020951544","-1.0644012626202173","-0.07933487374295962","{""type"":""speedl"",""xd"":[0,-0.017304234274637727,0,0,0,0],""a"":1,""t"":0.08,""seq"":2488,""ts"":1779197044403}"
"2026-05-19T13:24:04.427Z","1779197044427","remote_relay","speedl","2489","guest","operator","0.6438476728654208","0.30158982170371207","0.04581171683331922","2.922891119857264","-1.0643625954137892","-0.0794209102500475","{""type"":""speedl"",""xd"":[0,-0.017304234274637727,0,0,0,0],""a"":1,""t"":0.08,""seq"":2489,""ts"":1779197044423}"
"2026-05-19T13:24:04.450Z","1779197044450","remote_relay","speedl","2490","guest","operator","0.6438476728654208","0.30158982170371207","0.04581171683331922","2.922891119857264","-1.0643625954137892","-0.0794209102500475","{""type"":""speedl"",""xd"":[0,-0.017304234274637727,0,0,0,0],""a"":1,""t"":0.08,""seq"":2490,""ts"":1779197044444}"
"2026-05-19T13:24:04.467Z","1779197044467","remote_relay","speedl","2491","guest","operator","0.6438476728654208","0.30158982170371207","0.04581171683331922","2.922891119857264","-1.0643625954137892","-0.0794209102500475","{""type"":""speedl"",""xd"":[0,-0.017304234274637727,0,0,0,0],""a"":1,""t"":0.08,""seq"":2491,""ts"":1779197044463}"
"2026-05-19T13:24:04.488Z","1779197044488","remote_relay","speedl","2492","guest","operator","0.6438476728654208","0.30158982170371207","0.04581171683331922","2.922891119857264","-1.0643625954137892","-0.0794209102500475","{""type"":""speedl"",""xd"":[0,-0.017304234274637727,0,0,0,0],""a"":1,""t"":0.08,""seq"":2492,""ts"":1779197044483}"
"2026-05-19T13:24:04.507Z","1779197044507","remote_relay","speedl","2493","guest","operator","0.6438476728654208","0.30158982170371207","0.04581171683331922","2.922891119857264","-1.0643625954137892","-0.0794209102500475","{""type"":""speedl"",""xd"":[0,-0.017304234274637727,0,0,0,0],""a"":1,""t"":0.08,""seq"":2493,""ts"":1779197044503}"
"2026-05-19T13:24:04.528Z","1779197044528","remote_relay","speedl","2494","guest","operator","0.643839465452519","0.2998552775579874","0.045804258554574706","2.9228471026759704","-1.0641995010749352","-0.07934080614543425","{""type"":""speedl"",""xd"":[0,-0.017304234274637727,0,0,0,0],""a"":1,""t"":0.08,""seq"":2494,""ts"":1779197044523}"
"2026-05-19T13:24:04.551Z","1779197044551","remote_relay","speedl","2495","guest","operator","0.643839465452519","0.2998552775579874","0.045804258554574706","2.9228471026759704","-1.0641995010749352","-0.07934080614543425","{""type"":""speedl"",""xd"":[0,-0.017304234274637727,0,0,0,0],""a"":1,""t"":0.08,""seq"":2495,""ts"":1779197044544}"
"2026-05-19T13:24:04.567Z","1779197044567","remote_relay","speedl","2496","guest","operator","0.643839465452519","0.2998552775579874","0.045804258554574706","2.9228471026759704","-1.0641995010749352","-0.07934080614543425","{""type"":""speedl"",""xd"":[0,-0.017304234274637727,0,0,0,0],""a"":1,""t"":0.08,""seq"":2496,""ts"":1779197044563}"
"2026-05-19T13:24:04.588Z","1779197044588","remote_relay","speedl","2497","guest","operator","0.643839465452519","0.2998552775579874","0.045804258554574706","2.9228471026759704","-1.0641995010749352","-0.07934080614543425","{""type"":""speedl"",""xd"":[0,-0.017304234274637727,0,0,0,0],""a"":1,""t"":0.08,""seq"":2497,""ts"":1779197044583}"
"2026-05-19T13:24:04.608Z","1779197044608","remote_relay","speedl","2498","guest","operator","0.643839465452519","0.2998552775579874","0.045804258554574706","2.9228471026759704","-1.0641995010749352","-0.07934080614543425","{""type"":""speedl"",""xd"":[0,-0.017304234274637727,0,0,0,0],""a"":1,""t"":0.08,""seq"":2498,""ts"":1779197044604}"
"2026-05-19T13:24:04.628Z","1779197044628","remote_relay","speedl","2499","guest","operator","0.6438943725247049","0.2981607145952519","0.045873202854863626","2.9229705352291426","-1.0643613467562878","-0.07925248241949123","{""type"":""speedl"",""xd"":[0,-0.017304234274637727,0,0,0,0],""a"":1,""t"":0.08,""seq"":2499,""ts"":1779197044624}"
"2026-05-19T13:24:04.647Z","1779197044647","remote_relay","speedl","2500","guest","operator","0.6438943725247049","0.2981607145952519","0.045873202854863626","2.9229705352291426","-1.0643613467562878","-0.07925248241949123","{""type"":""speedl"",""xd"":[0,-0.017304234274637727,0,0,0,0],""a"":1,""t"":0.08,""seq"":2500,""ts"":1779197044643}"
"2026-05-19T13:24:04.668Z","1779197044668","remote_relay","speedl","2501","guest","operator","0.6438943725247049","0.2981607145952519","0.045873202854863626","2.9229705352291426","-1.0643613467562878","-0.07925248241949123","{""type"":""speedl"",""xd"":[0,-0.017304234274637727,0,0,0,0],""a"":1,""t"":0.08,""seq"":2501,""ts"":1779197044664}"
"2026-05-19T13:24:04.689Z","1779197044689","remote_relay","speedl","2502","guest","operator","0.6438943725247049","0.2981607145952519","0.045873202854863626","2.9229705352291426","-1.0643613467562878","-0.07925248241949123","{""type"":""speedl"",""xd"":[0,-0.017304234274637727,0,0,0,0],""a"":1,""t"":0.08,""seq"":2502,""ts"":1779197044684}"
"2026-05-19T13:24:04.707Z","1779197044707","remote_relay","speedl","2503","guest","operator","0.6438943725247049","0.2981607145952519","0.045873202854863626","2.9229705352291426","-1.0643613467562878","-0.07925248241949123","{""type"":""speedl"",""xd"":[0,-0.017304234274637727,0,0,0,0],""a"":1,""t"":0.08,""seq"":2503,""ts"":1779197044703}"
"2026-05-19T13:24:04.728Z","1779197044728","remote_relay","speedl","2504","guest","operator","0.6438943725247049","0.2981607145952519","0.045873202854863626","2.9229705352291426","-1.0643613467562878","-0.07925248241949123","{""type"":""speedl"",""xd"":[0,-0.017304234274637727,0,0,0,0],""a"":1,""t"":0.08,""seq"":2504,""ts"":1779197044723}"
"2026-05-19T13:24:04.751Z","1779197044751","remote_relay","speedl","2505","guest","operator","0.6438217196481036","0.29636949291803016","0.04578562260475433","2.922870810119689","-1.0642377831739311","-0.07945037017185579","{""type"":""speedl"",""xd"":[0,-0.017304234274637727,0,0,0,0],""a"":1,""t"":0.08,""seq"":2505,""ts"":1779197044743}"
"2026-05-19T13:24:04.768Z","1779197044768","remote_relay","speedl","2506","guest","operator","0.6438217196481036","0.29636949291803016","0.04578562260475433","2.922870810119689","-1.0642377831739311","-0.07945037017185579","{""type"":""speedl"",""xd"":[0,-0.017304234274637727,0,0,0,0],""a"":1,""t"":0.08,""seq"":2506,""ts"":1779197044764}"
"2026-05-19T13:24:04.788Z","1779197044788","remote_relay","speedl","2507","guest","operator","0.6438217196481036","0.29636949291803016","0.04578562260475433","2.922870810119689","-1.0642377831739311","-0.07945037017185579","{""type"":""speedl"",""xd"":[0,-0.017304234274637727,0,0,0,0],""a"":1,""t"":0.08,""seq"":2507,""ts"":1779197044784}"
"2026-05-19T13:24:04.807Z","1779197044807","remote_relay","speedl","2508","guest","operator","0.6438217196481036","0.29636949291803016","0.04578562260475433","2.922870810119689","-1.0642377831739311","-0.07945037017185579","{""type"":""speedl"",""xd"":[0,-0.017304234274637727,0,0,0,0],""a"":1,""t"":0.08,""seq"":2508,""ts"":1779197044803}"
"2026-05-19T13:24:04.828Z","1779197044828","remote_relay","speedl","2509","guest","operator","0.6438110268035709","0.2946449923231921","0.04581146667339106","2.922886815152766","-1.064278208935212","-0.07941487145212447","{""type"":""speedl"",""xd"":[0,-0.017304234274637727,0,0,0,0],""a"":1,""t"":0.08,""seq"":2509,""ts"":1779197044823}"
"2026-05-19T13:24:04.848Z","1779197044848","remote_relay","speedl","2510","guest","operator","0.6438110268035709","0.2946449923231921","0.04581146667339106","2.922886815152766","-1.064278208935212","-0.07941487145212447","{""type"":""speedl"",""xd"":[0,-0.017304234274637727,0,0,0,0],""a"":1,""t"":0.08,""seq"":2510,""ts"":1779197044844}"
"2026-05-19T13:24:04.868Z","1779197044868","remote_relay","speedl","2511","guest","operator","0.6438110268035709","0.2946449923231921","0.04581146667339106","2.922886815152766","-1.064278208935212","-0.07941487145212447","{""type"":""speedl"",""xd"":[0,-0.017304234274637727,0,0,0,0],""a"":1,""t"":0.08,""seq"":2511,""ts"":1779197044864}"
"2026-05-19T13:24:04.888Z","1779197044888","remote_relay","speedl","2512","guest","operator","0.6438110268035709","0.2946449923231921","0.04581146667339106","2.922886815152766","-1.064278208935212","-0.07941487145212447","{""type"":""speedl"",""xd"":[0,-0.017304234274637727,0,0,0,0],""a"":1,""t"":0.08,""seq"":2512,""ts"":1779197044884}"
"2026-05-19T13:24:04.907Z","1779197044907","remote_relay","speedl","2513","guest","operator","0.6438110268035709","0.2946449923231921","0.04581146667339106","2.922886815152766","-1.064278208935212","-0.07941487145212447","{""type"":""speedl"",""xd"":[0,-0.017304234274637727,0,0,0,0],""a"":1,""t"":0.08,""seq"":2513,""ts"":1779197044903}"
"2026-05-19T13:24:04.928Z","1779197044928","remote_relay","speedl","2514","guest","operator","0.6438110268035709","0.2946449923231921","0.04581146667339106","2.922886815152766","-1.064278208935212","-0.07941487145212447","{""type"":""speedl"",""xd"":[0,-0.017304234274637727,0,0,0,0],""a"":1,""t"":0.08,""seq"":2514,""ts"":1779197044924}"
"2026-05-19T13:24:04.951Z","1779197044951","remote_relay","speedl","2515","guest","operator","0.6438110268035709","0.2946449923231921","0.04581146667339106","2.922886815152766","-1.064278208935212","-0.07941487145212447","{""type"":""speedl"",""xd"":[0,-0.017304234274637727,0,0,0,0],""a"":1,""t"":0.08,""seq"":2515,""ts"":1779197044943}"
"2026-05-19T13:24:04.968Z","1779197044968","remote_relay","speedl","2516","guest","operator","0.64377937958313","0.2928081773654138","0.045783183748634076","2.9228553986108388","-1.0642553373057915","-0.07950899773692234","{""type"":""speedl"",""xd"":[0,-0.017304234274637727,0,0,0,0],""a"":1,""t"":0.08,""seq"":2516,""ts"":1779197044963}"
"2026-05-19T13:24:04.989Z","1779197044989","remote_relay","speedl","2517","guest","operator","0.64377937958313","0.2928081773654138","0.045783183748634076","2.9228553986108388","-1.0642553373057915","-0.07950899773692234","{""type"":""speedl"",""xd"":[0,-0.017304234274637727,0,0,0,0],""a"":1,""t"":0.08,""seq"":2517,""ts"":1779197044984}"
"2026-05-19T13:24:05.008Z","1779197045008","remote_relay","speedl","2518","guest","operator","0.64377937958313","0.2928081773654138","0.045783183748634076","2.9228553986108388","-1.0642553373057915","-0.07950899773692234","{""type"":""speedl"",""xd"":[0,-0.017304234274637727,0,0,0,0],""a"":1,""t"":0.08,""seq"":2518,""ts"":1779197045003}"
"2026-05-19T13:24:05.029Z","1779197045029","remote_relay","speedl","2519","guest","operator","0.6437775871871162","0.29116727570847745","0.04572541283179979","2.9228581077487235","-1.0641620734438002","-0.07950968304274458","{""type"":""speedl"",""xd"":[0,-0.017304234274637727,0,0,0,0],""a"":1,""t"":0.08,""seq"":2519,""ts"":1779197045024}"
"2026-05-19T13:24:05.051Z","1779197045051","remote_relay","speedl","2520","guest","operator","0.6437775871871162","0.29116727570847745","0.04572541283179979","2.9228581077487235","-1.0641620734438002","-0.07950968304274458","{""type"":""speedl"",""xd"":[0,-0.017304234274637727,0,0,0,0],""a"":1,""t"":0.08,""seq"":2520,""ts"":1779197045043}"
"2026-05-19T13:24:05.068Z","1779197045068","remote_relay","speedl","2521","guest","operator","0.6437775871871162","0.29116727570847745","0.04572541283179979","2.9228581077487235","-1.0641620734438002","-0.07950968304274458","{""type"":""speedl"",""xd"":[0,-0.017304234274637727,0,0,0,0],""a"":1,""t"":0.08,""seq"":2521,""ts"":1779197045064}"
"2026-05-19T13:24:05.089Z","1779197045089","remote_relay","speedl","2522","guest","operator","0.6437775871871162","0.29116727570847745","0.04572541283179979","2.9228581077487235","-1.0641620734438002","-0.07950968304274458","{""type"":""speedl"",""xd"":[0,-0.017304234274637727,0,0,0,0],""a"":1,""t"":0.08,""seq"":2522,""ts"":1779197045084}"
"2026-05-19T13:24:05.108Z","1779197045108","remote_relay","speedl","2523","guest","operator","0.6437775871871162","0.29116727570847745","0.04572541283179979","2.9228581077487235","-1.0641620734438002","-0.07950968304274458","{""type"":""speedl"",""xd"":[0,-0.017304234274637727,0,0,0,0],""a"":1,""t"":0.08,""seq"":2523,""ts"":1779197045104}"
"2026-05-19T13:24:05.127Z","1779197045127","remote_relay","speedl","2524","guest","operator","0.6437775871871162","0.29116727570847745","0.04572541283179979","2.9228581077487235","-1.0641620734438002","-0.07950968304274458","{""type"":""speedl"",""xd"":[0,-0.017304234274637727,0,0,0,0],""a"":1,""t"":0.08,""seq"":2524,""ts"":1779197045123}"
"2026-05-19T13:24:05.148Z","1779197045148","remote_relay","speedl","2525","guest","operator","0.6437804066508483","0.2894242841271643","0.045747944338393576","2.922836228192033","-1.0642302282820237","-0.07950677479899386","{""type"":""speedl"",""xd"":[0,-0.017304234274637727,0,0,0,0],""a"":1,""t"":0.08,""seq"":2525,""ts"":1779197045143}"
"2026-05-19T13:24:05.168Z","1779197045168","remote_relay","speedl","2526","guest","operator","0.6437804066508483","0.2894242841271643","0.045747944338393576","2.922836228192033","-1.0642302282820237","-0.07950677479899386","{""type"":""speedl"",""xd"":[0,-0.017304234274637727,0,0,0,0],""a"":1,""t"":0.08,""seq"":2526,""ts"":1779197045164}"
"2026-05-19T13:24:05.189Z","1779197045189","remote_relay","speedl","2527","guest","operator","0.6437804066508483","0.2894242841271643","0.045747944338393576","2.922836228192033","-1.0642302282820237","-0.07950677479899386","{""type"":""speedl"",""xd"":[0,-0.017304234274637727,0,0,0,0],""a"":1,""t"":0.08,""seq"":2527,""ts"":1779197045185}"
"2026-05-19T13:24:05.207Z","1779197045207","remote_relay","speedl","2528","guest","operator","0.6437804066508483","0.2894242841271643","0.045747944338393576","2.922836228192033","-1.0642302282820237","-0.07950677479899386","{""type"":""speedl"",""xd"":[0,-0.017304234274637727,0,0,0,0],""a"":1,""t"":0.08,""seq"":2528,""ts"":1779197045203}"
"2026-05-19T13:24:05.227Z","1779197045227","remote_relay","speedl","2529","guest","operator","0.6438052014607293","0.28771002496780446","0.04582709719283301","2.9228748777409814","-1.064229200518662","-0.0793451483211354","{""type"":""speedl"",""xd"":[0,-0.017304234274637727,0,0,0,0],""a"":1,""t"":0.08,""seq"":2529,""ts"":1779197045223}"
"2026-05-19T13:24:05.248Z","1779197045248","remote_relay","speedl","2530","guest","operator","0.6438052014607293","0.28771002496780446","0.04582709719283301","2.9228748777409814","-1.064229200518662","-0.0793451483211354","{""type"":""speedl"",""xd"":[0,-0.017304234274637727,0,0,0,0],""a"":1,""t"":0.08,""seq"":2530,""ts"":1779197045243}"
"2026-05-19T13:24:05.268Z","1779197045268","remote_relay","speedl","2531","guest","operator","0.6438052014607293","0.28771002496780446","0.04582709719283301","2.9228748777409814","-1.064229200518662","-0.0793451483211354","{""type"":""speedl"",""xd"":[0,-0.017304234274637727,0,0,0,0],""a"":1,""t"":0.08,""seq"":2531,""ts"":1779197045264}"
"2026-05-19T13:24:05.289Z","1779197045289","remote_relay","speedl","2532","guest","operator","0.6438052014607293","0.28771002496780446","0.04582709719283301","2.9228748777409814","-1.064229200518662","-0.0793451483211354","{""type"":""speedl"",""xd"":[0,-0.017304234274637727,0,0,0,0],""a"":1,""t"":0.08,""seq"":2532,""ts"":1779197045285}"
"2026-05-19T13:24:05.308Z","1779197045308","remote_relay","speedl","2533","guest","operator","0.6438052014607293","0.28771002496780446","0.04582709719283301","2.9228748777409814","-1.064229200518662","-0.0793451483211354","{""type"":""speedl"",""xd"":[0,-0.017304234274637727,0,0,0,0],""a"":1,""t"":0.08,""seq"":2533,""ts"":1779197045303}"
"2026-05-19T13:24:05.328Z","1779197045328","remote_relay","speedl","2534","guest","operator","0.6438029024252572","0.2859412511596366","0.04576483607336912","2.9227872820629894","-1.0642758627693638","-0.07949683603576135","{""type"":""speedl"",""xd"":[0,-0.017304234274637727,0,0,0,0],""a"":1,""t"":0.08,""seq"":2534,""ts"":1779197045323}"
"2026-05-19T13:24:05.348Z","1779197045348","remote_relay","speedl","2535","guest","operator","0.6438029024252572","0.2859412511596366","0.04576483607336912","2.9227872820629894","-1.0642758627693638","-0.07949683603576135","{""type"":""speedl"",""xd"":[0,-0.017304234274637727,0,0,0,0],""a"":1,""t"":0.08,""seq"":2535,""ts"":1779197045344}"
"2026-05-19T13:24:05.368Z","1779197045368","remote_relay","speedl","2536","guest","operator","0.6438029024252572","0.2859412511596366","0.04576483607336912","2.9227872820629894","-1.0642758627693638","-0.07949683603576135","{""type"":""speedl"",""xd"":[0,-0.017304234274637727,0,0,0,0],""a"":1,""t"":0.08,""seq"":2536,""ts"":1779197045363}"
"2026-05-19T13:24:05.389Z","1779197045389","remote_relay","speedl","2537","guest","operator","0.6438029024252572","0.2859412511596366","0.04576483607336912","2.9227872820629894","-1.0642758627693638","-0.07949683603576135","{""type"":""speedl"",""xd"":[0,-0.017304234274637727,0,0,0,0],""a"":1,""t"":0.08,""seq"":2537,""ts"":1779197045385}"
"2026-05-19T13:24:05.408Z","1779197045408","remote_relay","speedl","2538","guest","operator","0.6438029024252572","0.2859412511596366","0.04576483607336912","2.9227872820629894","-1.0642758627693638","-0.07949683603576135","{""type"":""speedl"",""xd"":[0,-0.017304234274637727,0,0,0,0],""a"":1,""t"":0.08,""seq"":2538,""ts"":1779197045403}"
"2026-05-19T13:24:05.428Z","1779197045428","remote_relay","speedl","2539","guest","operator","0.6438386017825569","0.28424433128541393","0.045836558874178895","2.9229494785057026","-1.0642893439513137","-0.07930463537436937","{""type"":""speedl"",""xd"":[0,-0.017304234274637727,0,0,0,0],""a"":1,""t"":0.08,""seq"":2539,""ts"":1779197045423}"
"2026-05-19T13:24:05.448Z","1779197045448","remote_relay","speedl","2540","guest","operator","0.6438386017825569","0.28424433128541393","0.045836558874178895","2.9229494785057026","-1.0642893439513137","-0.07930463537436937","{""type"":""speedl"",""xd"":[0,-0.017304234274637727,0,0,0,0],""a"":1,""t"":0.08,""seq"":2540,""ts"":1779197045444}"
"2026-05-19T13:24:05.469Z","1779197045469","remote_relay","speedl","2541","guest","operator","0.6438386017825569","0.28424433128541393","0.045836558874178895","2.9229494785057026","-1.0642893439513137","-0.07930463537436937","{""type"":""speedl"",""xd"":[0,-0.017304234274637727,0,0,0,0],""a"":1,""t"":0.08,""seq"":2541,""ts"":1779197045463}"
"2026-05-19T13:24:05.490Z","1779197045490","remote_relay","speedl","2542","guest","operator","0.6438386017825569","0.28424433128541393","0.045836558874178895","2.9229494785057026","-1.0642893439513137","-0.07930463537436937","{""type"":""speedl"",""xd"":[0,-0.017304234274637727,0,0,0,0],""a"":1,""t"":0.08,""seq"":2542,""ts"":1779197045485}"
"2026-05-19T13:24:05.508Z","1779197045508","remote_relay","speedl","2543","guest","operator","0.6438771702125643","0.28261689094197767","0.0458768969462556","2.9230197058265386","-1.0643904141276022","-0.0792937432105728","{""type"":""speedl"",""xd"":[0,-0.017304234274637727,0,0,0,0],""a"":1,""t"":0.08,""seq"":2543,""ts"":1779197045503}"
"2026-05-19T13:24:05.528Z","1779197045528","remote_relay","speedl","2544","guest","operator","0.6438771702125643","0.28261689094197767","0.0458768969462556","2.9230197058265386","-1.0643904141276022","-0.0792937432105728","{""type"":""speedl"",""xd"":[0,-0.017304234274637727,0,0,0,0],""a"":1,""t"":0.08,""seq"":2544,""ts"":1779197045523}"
"2026-05-19T13:24:05.547Z","1779197045547","remote_relay","speedl","2545","guest","operator","0.6438771702125643","0.28261689094197767","0.0458768969462556","2.9230197058265386","-1.0643904141276022","-0.0792937432105728","{""type"":""speedl"",""xd"":[0,-0.017304234274637727,0,0,0,0],""a"":1,""t"":0.08,""seq"":2545,""ts"":1779197045543}"
"2026-05-19T13:24:05.568Z","1779197045568","remote_relay","speedl","2546","guest","operator","0.6438771702125643","0.28261689094197767","0.0458768969462556","2.9230197058265386","-1.0643904141276022","-0.0792937432105728","{""type"":""speedl"",""xd"":[0,-0.017304234274637727,0,0,0,0],""a"":1,""t"":0.08,""seq"":2546,""ts"":1779197045563}"
"2026-05-19T13:24:05.590Z","1779197045590","remote_relay","speedl","2547","guest","operator","0.6438771702125643","0.28261689094197767","0.0458768969462556","2.9230197058265386","-1.0643904141276022","-0.0792937432105728","{""type"":""speedl"",""xd"":[0,-0.017304234274637727,0,0,0,0],""a"":1,""t"":0.08,""seq"":2547,""ts"":1779197045585}"
"2026-05-19T13:24:05.607Z","1779197045607","remote_relay","speedl","2548","guest","operator","0.6438771702125643","0.28261689094197767","0.0458768969462556","2.9230197058265386","-1.0643904141276022","-0.0792937432105728","{""type"":""speedl"",""xd"":[0,-0.017304234274637727,0,0,0,0],""a"":1,""t"":0.08,""seq"":2548,""ts"":1779197045603}"
"2026-05-19T13:24:05.627Z","1779197045627","remote_relay","speedl","2549","guest","operator","0.6438771702125643","0.28261689094197767","0.0458768969462556","2.9230197058265386","-1.0643904141276022","-0.0792937432105728","{""type"":""speedl"",""xd"":[0,-0.017304234274637727,0,0,0,0],""a"":1,""t"":0.08,""seq"":2549,""ts"":1779197045623}"
"2026-05-19T13:24:05.647Z","1779197045647","remote_relay","speedl","2550","guest","operator","0.6438468768077654","0.28079771130956066","0.04581814423967323","2.9228648944797015","-1.06432275353527","-0.07935747831492437","{""type"":""speedl"",""xd"":[0,-0.017304234274637727,0,0,0,0],""a"":1,""t"":0.08,""seq"":2550,""ts"":1779197045643}"
"2026-05-19T13:24:05.668Z","1779197045668","remote_relay","speedl","2551","guest","operator","0.6438468768077654","0.28079771130956066","0.04581814423967323","2.9228648944797015","-1.06432275353527","-0.07935747831492437","{""type"":""speedl"",""xd"":[0,-0.017304234274637727,0,0,0,0],""a"":1,""t"":0.08,""seq"":2551,""ts"":1779197045663}"
"2026-05-19T13:24:05.691Z","1779197045691","remote_relay","speedl","2552","guest","operator","0.6438468768077654","0.28079771130956066","0.04581814423967323","2.9228648944797015","-1.06432275353527","-0.07935747831492437","{""type"":""speedl"",""xd"":[0,-0.017304234274637727,0,0,0,0],""a"":1,""t"":0.08,""seq"":2552,""ts"":1779197045686}"
"2026-05-19T13:24:05.707Z","1779197045707","remote_relay","speedl","2553","guest","operator","0.6438468768077654","0.28079771130956066","0.04581814423967323","2.9228648944797015","-1.06432275353527","-0.07935747831492437","{""type"":""speedl"",""xd"":[0,-0.017304234274637727,0,0,0,0],""a"":1,""t"":0.08,""seq"":2553,""ts"":1779197045703}"
"2026-05-19T13:24:05.728Z","1779197045728","remote_relay","speedl","2554","guest","operator","0.6438479856498842","0.2791071168142435","0.04583636983269729","2.9229668649568046","-1.064219226437882","-0.07932030390373812","{""type"":""speedl"",""xd"":[0,-0.017304234274637727,0,0,0,0],""a"":1,""t"":0.08,""seq"":2554,""ts"":1779197045723}"
"2026-05-19T13:24:05.748Z","1779197045748","remote_relay","speedl","2555","guest","operator","0.6438479856498842","0.2791071168142435","0.04583636983269729","2.9229668649568046","-1.064219226437882","-0.07932030390373812","{""type"":""speedl"",""xd"":[0,-0.017304234274637727,0,0,0,0],""a"":1,""t"":0.08,""seq"":2555,""ts"":1779197045744}"
"2026-05-19T13:24:05.768Z","1779197045768","remote_relay","speedl","2556","guest","operator","0.6438479856498842","0.2791071168142435","0.04583636983269729","2.9229668649568046","-1.064219226437882","-0.07932030390373812","{""type"":""speedl"",""xd"":[0,-0.017304234274637727,0,0,0,0],""a"":1,""t"":0.08,""seq"":2556,""ts"":1779197045764}"
"2026-05-19T13:24:05.788Z","1779197045788","remote_relay","speedl","2557","guest","operator","0.6438479856498842","0.2791071168142435","0.04583636983269729","2.9229668649568046","-1.064219226437882","-0.07932030390373812","{""type"":""speedl"",""xd"":[0,-0.017304234274637727,0,0,0,0],""a"":1,""t"":0.08,""seq"":2557,""ts"":1779197045783}"
"2026-05-19T13:24:05.807Z","1779197045807","remote_relay","speedl","2558","guest","operator","0.6438479856498842","0.2791071168142435","0.04583636983269729","2.9229668649568046","-1.064219226437882","-0.07932030390373812","{""type"":""speedl"",""xd"":[0,-0.017304234274637727,0,0,0,0],""a"":1,""t"":0.08,""seq"":2558,""ts"":1779197045803}"
"2026-05-19T13:24:05.827Z","1779197045827","remote_relay","speedl","2559","guest","operator","0.6438703990683862","0.2773252398270491","0.04584124004245452","2.922917307636998","-1.0643643861108518","-0.0793163795123478","{""type"":""speedl"",""xd"":[0,-0.017304234274637727,0,0,0,0],""a"":1,""t"":0.08,""seq"":2559,""ts"":1779197045823}"
"2026-05-19T13:24:05.848Z","1779197045848","remote_relay","speedl","2560","guest","operator","0.6438703990683862","0.2773252398270491","0.04584124004245452","2.922917307636998","-1.0643643861108518","-0.0793163795123478","{""type"":""speedl"",""xd"":[0,-0.017304234274637727,0,0,0,0],""a"":1,""t"":0.08,""seq"":2560,""ts"":1779197045844}"
"2026-05-19T13:24:05.868Z","1779197045868","remote_relay","speedl","2561","guest","operator","0.6438703990683862","0.2773252398270491","0.04584124004245452","2.922917307636998","-1.0643643861108518","-0.0793163795123478","{""type"":""speedl"",""xd"":[0,-0.017304234274637727,0,0,0,0],""a"":1,""t"":0.08,""seq"":2561,""ts"":1779197045863}"
"2026-05-19T13:24:05.889Z","1779197045889","remote_relay","speedl","2562","guest","operator","0.6438703990683862","0.2773252398270491","0.04584124004245452","2.922917307636998","-1.0643643861108518","-0.0793163795123478","{""type"":""speedl"",""xd"":[0,-0.017304234274637727,0,0,0,0],""a"":1,""t"":0.08,""seq"":2562,""ts"":1779197045885}"
"2026-05-19T13:24:05.909Z","1779197045909","remote_relay","speedl","2563","guest","operator","0.6438703990683862","0.2773252398270491","0.04584124004245452","2.922917307636998","-1.0643643861108518","-0.0793163795123478","{""type"":""speedl"",""xd"":[0,-0.017304234274637727,0,0,0,0],""a"":1,""t"":0.08,""seq"":2563,""ts"":1779197045904}"
"2026-05-19T13:24:05.927Z","1779197045927","remote_relay","speedl","2564","guest","operator","0.6438703990683862","0.2773252398270491","0.04584124004245452","2.922917307636998","-1.0643643861108518","-0.0793163795123478","{""type"":""speedl"",""xd"":[0,-0.017304234274637727,0,0,0,0],""a"":1,""t"":0.08,""seq"":2564,""ts"":1779197045923}"
"2026-05-19T13:24:05.948Z","1779197045948","remote_relay","speedl","2565","guest","operator","0.6438132928119685","0.27557407483931845","0.04582031081862975","2.9228817432388006","-1.064276282068095","-0.07945960951402667","{""type"":""speedl"",""xd"":[0,-0.017304234274637727,0,0,0,0],""a"":1,""t"":0.08,""seq"":2565,""ts"":1779197045943}"
"2026-05-19T13:24:05.968Z","1779197045968","remote_relay","speedl","2566","guest","operator","0.6438132928119685","0.27557407483931845","0.04582031081862975","2.9228817432388006","-1.064276282068095","-0.07945960951402667","{""type"":""speedl"",""xd"":[0,-0.017304234274637727,0,0,0,0],""a"":1,""t"":0.08,""seq"":2566,""ts"":1779197045963}"
"2026-05-19T13:24:05.988Z","1779197045988","remote_relay","speedl","2567","guest","operator","0.6438132928119685","0.27557407483931845","0.04582031081862975","2.9228817432388006","-1.064276282068095","-0.07945960951402667","{""type"":""speedl"",""xd"":[0,-0.017304234274637727,0,0,0,0],""a"":1,""t"":0.08,""seq"":2567,""ts"":1779197045983}"
"2026-05-19T13:24:06.007Z","1779197046007","remote_relay","speedl","2568","guest","operator","0.6438114857021444","0.2741504365280484","0.04574936859374201","2.922752065635594","-1.0643205704230763","-0.07951072123828916","{""type"":""speedl"",""xd"":[0,-0.017304234274637727,0,0,0,0],""a"":1,""t"":0.08,""seq"":2568,""ts"":1779197046003}"
"2026-05-19T13:24:06.027Z","1779197046027","remote_relay","speedl","2569","guest","operator","0.6438114857021444","0.2741504365280484","0.04574936859374201","2.922752065635594","-1.0643205704230763","-0.07951072123828916","{""type"":""speedl"",""xd"":[0,-0.017304234274637727,0,0,0,0],""a"":1,""t"":0.08,""seq"":2569,""ts"":1779197046023}"
"2026-05-19T13:24:06.049Z","1779197046049","remote_relay","speedl","2570","guest","operator","0.6438114857021444","0.2741504365280484","0.04574936859374201","2.922752065635594","-1.0643205704230763","-0.07951072123828916","{""type"":""speedl"",""xd"":[0,-0.017304234274637727,0,0,0,0],""a"":1,""t"":0.08,""seq"":2570,""ts"":1779197046044}"
"2026-05-19T13:24:06.069Z","1779197046069","remote_relay","speedl","2571","guest","operator","0.6438114857021444","0.2741504365280484","0.04574936859374201","2.922752065635594","-1.0643205704230763","-0.07951072123828916","{""type"":""speedl"",""xd"":[0,-0.017304234274637727,0,0,0,0],""a"":1,""t"":0.08,""seq"":2571,""ts"":1779197046063}"
"2026-05-19T13:24:06.087Z","1779197046087","remote_relay","speedl","2572","guest","operator","0.6438114857021444","0.2741504365280484","0.04574936859374201","2.922752065635594","-1.0643205704230763","-0.07951072123828916","{""type"":""speedl"",""xd"":[0,-0.017304234274637727,0,0,0,0],""a"":1,""t"":0.08,""seq"":2572,""ts"":1779197046083}"
"2026-05-19T13:24:06.107Z","1779197046107","remote_relay","speedl","2573","guest","operator","0.6437809724460732","0.27245328062778407","0.04575568093379245","2.92278524765559","-1.0642191704184336","-0.07953334022064784","{""type"":""speedl"",""xd"":[0,-0.017304234274637727,0,0,0,0],""a"":1,""t"":0.08,""seq"":2573,""ts"":1779197046103}"
"2026-05-19T13:24:06.128Z","1779197046128","remote_relay","speedl","2574","guest","operator","0.6437809724460732","0.27245328062778407","0.04575568093379245","2.92278524765559","-1.0642191704184336","-0.07953334022064784","{""type"":""speedl"",""xd"":[0,-0.017304234274637727,0,0,0,0],""a"":1,""t"":0.08,""seq"":2574,""ts"":1779197046123}"
"2026-05-19T13:24:06.147Z","1779197046147","remote_relay","speedl","2575","guest","operator","0.6437809724460732","0.27245328062778407","0.04575568093379245","2.92278524765559","-1.0642191704184336","-0.07953334022064784","{""type"":""speedl"",""xd"":[0,-0.017304234274637727,0,0,0,0],""a"":1,""t"":0.08,""seq"":2575,""ts"":1779197046143}"
"2026-05-19T13:24:06.169Z","1779197046169","remote_relay","speedl","2576","guest","operator","0.6437809724460732","0.27245328062778407","0.04575568093379245","2.92278524765559","-1.0642191704184336","-0.07953334022064784","{""type"":""speedl"",""xd"":[0,-0.017304234274637727,0,0,0,0],""a"":1,""t"":0.08,""seq"":2576,""ts"":1779197046164}"
"2026-05-19T13:24:06.188Z","1779197046188","remote_relay","speedl","2577","guest","operator","0.6437809724460732","0.27245328062778407","0.04575568093379245","2.92278524765559","-1.0642191704184336","-0.07953334022064784","{""type"":""speedl"",""xd"":[0,-0.017304234274637727,0,0,0,0],""a"":1,""t"":0.08,""seq"":2577,""ts"":1779197046183}"
"2026-05-19T13:24:06.208Z","1779197046208","remote_relay","speedl","2578","guest","operator","0.6437915173745057","0.27075206875851376","0.0457922196220128","2.9228635040498654","-1.0642759212744013","-0.07948567541307833","{""type"":""speedl"",""xd"":[0,-0.017304234274637727,0,0,0,0],""a"":1,""t"":0.08,""seq"":2578,""ts"":1779197046204}"
"2026-05-19T13:24:06.227Z","1779197046227","remote_relay","speedl","2579","guest","operator","0.6437915173745057","0.27075206875851376","0.0457922196220128","2.9228635040498654","-1.0642759212744013","-0.07948567541307833","{""type"":""speedl"",""xd"":[0,-0.017304234274637727,0,0,0,0],""a"":1,""t"":0.08,""seq"":2579,""ts"":1779197046223}"
"2026-05-19T13:24:06.248Z","1779197046248","remote_relay","speedl","2580","guest","operator","0.6437915173745057","0.27075206875851376","0.0457922196220128","2.9228635040498654","-1.0642759212744013","-0.07948567541307833","{""type"":""speedl"",""xd"":[0,-0.017304234274637727,0,0,0,0],""a"":1,""t"":0.08,""seq"":2580,""ts"":1779197046243}"
"2026-05-19T13:24:06.270Z","1779197046270","remote_relay","speedl","2581","guest","operator","0.6437915173745057","0.27075206875851376","0.0457922196220128","2.9228635040498654","-1.0642759212744013","-0.07948567541307833","{""type"":""speedl"",""xd"":[0,-0.017304234274637727,0,0,0,0],""a"":1,""t"":0.08,""seq"":2581,""ts"":1779197046263}"
"2026-05-19T13:24:06.287Z","1779197046287","remote_relay","speedl","2582","guest","operator","0.6437915173745057","0.27075206875851376","0.0457922196220128","2.9228635040498654","-1.0642759212744013","-0.07948567541307833","{""type"":""speedl"",""xd"":[0,-0.017304234274637727,0,0,0,0],""a"":1,""t"":0.08,""seq"":2582,""ts"":1779197046283}"
"2026-05-19T13:24:06.308Z","1779197046308","remote_relay","speedl","2583","guest","operator","0.6437926249357354","0.2690149348261273","0.04579206147586165","2.9228788080765686","-1.064184115251504","-0.07950324843957957","{""type"":""speedl"",""xd"":[0,-0.017304234274637727,0,0,0,0],""a"":1,""t"":0.08,""seq"":2583,""ts"":1779197046303}"
"2026-05-19T13:24:06.328Z","1779197046328","remote_relay","speedl","2584","guest","operator","0.6437926249357354","0.2690149348261273","0.04579206147586165","2.9228788080765686","-1.064184115251504","-0.07950324843957957","{""type"":""speedl"",""xd"":[0,-0.017304234274637727,0,0,0,0],""a"":1,""t"":0.08,""seq"":2584,""ts"":1779197046323}"
"2026-05-19T13:24:06.347Z","1779197046347","remote_relay","speedl","2585","guest","operator","0.6437926249357354","0.2690149348261273","0.04579206147586165","2.9228788080765686","-1.064184115251504","-0.07950324843957957","{""type"":""speedl"",""xd"":[0,-0.017304234274637727,0,0,0,0],""a"":1,""t"":0.08,""seq"":2585,""ts"":1779197046343}"
"2026-05-19T13:24:06.369Z","1779197046369","remote_relay","speedl","2586","guest","operator","0.6437926249357354","0.2690149348261273","0.04579206147586165","2.9228788080765686","-1.064184115251504","-0.07950324843957957","{""type"":""speedl"",""xd"":[0,-0.017304234274637727,0,0,0,0],""a"":1,""t"":0.08,""seq"":2586,""ts"":1779197046363}"
"2026-05-19T13:24:06.390Z","1779197046390","remote_relay","speedl","2587","guest","operator","0.6437926249357354","0.2690149348261273","0.04579206147586165","2.9228788080765686","-1.064184115251504","-0.07950324843957957","{""type"":""speedl"",""xd"":[0,-0.017304234274637727,0,0,0,0],""a"":1,""t"":0.08,""seq"":2587,""ts"":1779197046386}"
"2026-05-19T13:24:06.407Z","1779197046407","remote_relay","speedl","2588","guest","operator","0.6437926249357354","0.2690149348261273","0.04579206147586165","2.9228788080765686","-1.064184115251504","-0.07950324843957957","{""type"":""speedl"",""xd"":[0,-0.017304234274637727,0,0,0,0],""a"":1,""t"":0.08,""seq"":2588,""ts"":1779197046403}"
"2026-05-19T13:24:06.427Z","1779197046427","remote_relay","speedl","2589","guest","operator","0.6437979217140309","0.2672836698165234","0.04578832032144345","2.922843657518711","-1.0642642759176817","-0.079492693858901","{""type"":""speedl"",""xd"":[0,-0.017304234274637727,0,0,0,0],""a"":1,""t"":0.08,""seq"":2589,""ts"":1779197046423}"
"2026-05-19T13:24:06.448Z","1779197046448","remote_relay","speedl","2590","guest","operator","0.6437979217140309","0.2672836698165234","0.04578832032144345","2.922843657518711","-1.0642642759176817","-0.079492693858901","{""type"":""speedl"",""xd"":[0,-0.017304234274637727,0,0,0,0],""a"":1,""t"":0.08,""seq"":2590,""ts"":1779197046443}"
"2026-05-19T13:24:06.469Z","1779197046469","remote_relay","speedl","2591","guest","operator","0.6437979217140309","0.2672836698165234","0.04578832032144345","2.922843657518711","-1.0642642759176817","-0.079492693858901","{""type"":""speedl"",""xd"":[0,-0.017304234274637727,0,0,0,0],""a"":1,""t"":0.08,""seq"":2591,""ts"":1779197046464}"
"2026-05-19T13:24:06.488Z","1779197046488","remote_relay","speedl","2592","guest","operator","0.6437979217140309","0.2672836698165234","0.04578832032144345","2.922843657518711","-1.0642642759176817","-0.079492693858901","{""type"":""speedl"",""xd"":[0,-0.017304234274637727,0,0,0,0],""a"":1,""t"":0.08,""seq"":2592,""ts"":1779197046484}"
"2026-05-19T13:24:06.507Z","1779197046507","remote_relay","speedl","2593","guest","operator","0.6438071167970209","0.2655207829397106","0.04578559232354207","2.9228107363746316","-1.0642874628139656","-0.07946038336873676","{""type"":""speedl"",""xd"":[0,-0.017304234274637727,0,0,0,0],""a"":1,""t"":0.08,""seq"":2593,""ts"":1779197046503}"
"2026-05-19T13:24:06.528Z","1779197046528","remote_relay","speedl","2594","guest","operator","0.6438071167970209","0.2655207829397106","0.04578559232354207","2.9228107363746316","-1.0642874628139656","-0.07946038336873676","{""type"":""speedl"",""xd"":[0,-0.017304234274637727,0,0,0,0],""a"":1,""t"":0.08,""seq"":2594,""ts"":1779197046523}"
"2026-05-19T13:24:06.547Z","1779197046547","remote_relay","speedl","2595","guest","operator","0.6438071167970209","0.2655207829397106","0.04578559232354207","2.9228107363746316","-1.0642874628139656","-0.07946038336873676","{""type"":""speedl"",""xd"":[0,-0.017304234274637727,0,0,0,0],""a"":1,""t"":0.08,""seq"":2595,""ts"":1779197046543}"
"2026-05-19T13:24:06.569Z","1779197046569","remote_relay","speedl","2596","guest","operator","0.6438071167970209","0.2655207829397106","0.04578559232354207","2.9228107363746316","-1.0642874628139656","-0.07946038336873676","{""type"":""speedl"",""xd"":[0,-0.017304234274637727,0,0,0,0],""a"":1,""t"":0.08,""seq"":2596,""ts"":1779197046564}"
"2026-05-19T13:24:06.588Z","1779197046588","remote_relay","speedl","2597","guest","operator","0.6438006338109011","0.2641976982859073","0.045800147181466966","2.922839366342542","-1.0641765615444694","-0.07942764348001184","{""type"":""speedl"",""xd"":[0,-0.017304234274637727,0,0,0,0],""a"":1,""t"":0.08,""seq"":2597,""ts"":1779197046584}"
"2026-05-19T13:24:06.608Z","1779197046608","remote_relay","speedl","2598","guest","operator","0.6438006338109011","0.2641976982859073","0.045800147181466966","2.922839366342542","-1.0641765615444694","-0.07942764348001184","{""type"":""speedl"",""xd"":[0,-0.017304234274637727,0,0,0,0],""a"":1,""t"":0.08,""seq"":2598,""ts"":1779197046603}"
"2026-05-19T13:24:06.627Z","1779197046627","remote_relay","speedl","2599","guest","operator","0.6438006338109011","0.2641976982859073","0.045800147181466966","2.922839366342542","-1.0641765615444694","-0.07942764348001184","{""type"":""speedl"",""xd"":[0,-0.017304234274637727,0,0,0,0],""a"":1,""t"":0.08,""seq"":2599,""ts"":1779197046623}"
"2026-05-19T13:24:06.647Z","1779197046647","remote_relay","speedl","2600","guest","operator","0.6438006338109011","0.2641976982859073","0.045800147181466966","2.922839366342542","-1.0641765615444694","-0.07942764348001184","{""type"":""speedl"",""xd"":[0,-0.017304234274637727,0,0,0,0],""a"":1,""t"":0.08,""seq"":2600,""ts"":1779197046643}"
"2026-05-19T13:24:06.669Z","1779197046669","remote_relay","speedl","2601","guest","operator","0.6438006338109011","0.2641976982859073","0.045800147181466966","2.922839366342542","-1.0641765615444694","-0.07942764348001184","{""type"":""speedl"",""xd"":[0,-0.017304234274637727,0,0,0,0],""a"":1,""t"":0.08,""seq"":2601,""ts"":1779197046663}"
"2026-05-19T13:24:06.687Z","1779197046687","remote_relay","speedl","2602","guest","operator","0.6438006338109011","0.2641976982859073","0.045800147181466966","2.922839366342542","-1.0641765615444694","-0.07942764348001184","{""type"":""speedl"",""xd"":[0,-0.017304234274637727,0,0,0,0],""a"":1,""t"":0.08,""seq"":2602,""ts"":1779197046683}"
"2026-05-19T13:24:06.707Z","1779197046707","remote_relay","speedl","2603","guest","operator","0.6438287868109037","0.2624236003944542","0.04585227320054819","2.922919944952478","-1.0642742931158022","-0.07942117850053527","{""type"":""speedl"",""xd"":[0,-0.017304234274637727,0,0,0,0],""a"":1,""t"":0.08,""seq"":2603,""ts"":1779197046703}"
"2026-05-19T13:24:06.727Z","1779197046727","remote_relay","speedl","2604","guest","operator","0.6438287868109037","0.2624236003944542","0.04585227320054819","2.922919944952478","-1.0642742931158022","-0.07942117850053527","{""type"":""speedl"",""xd"":[0,-0.017304234274637727,0,0,0,0],""a"":1,""t"":0.08,""seq"":2604,""ts"":1779197046723}"
"2026-05-19T13:24:06.749Z","1779197046749","remote_relay","speedl","2605","guest","operator","0.6438287868109037","0.2624236003944542","0.04585227320054819","2.922919944952478","-1.0642742931158022","-0.07942117850053527","{""type"":""speedl"",""xd"":[0,-0.017304234274637727,0,0,0,0],""a"":1,""t"":0.08,""seq"":2605,""ts"":1779197046744}"
"2026-05-19T13:24:06.769Z","1779197046769","remote_relay","speedl","2606","guest","operator","0.6438287868109037","0.2624236003944542","0.04585227320054819","2.922919944952478","-1.0642742931158022","-0.07942117850053527","{""type"":""speedl"",""xd"":[0,-0.017304234274637727,0,0,0,0],""a"":1,""t"":0.08,""seq"":2606,""ts"":1779197046764}"
"2026-05-19T13:24:06.788Z","1779197046788","remote_relay","speedl","2607","guest","operator","0.6438576061935319","0.26063738701658756","0.04582626224942532","2.922825340362525","-1.064382133852913","-0.07941465843489205","{""type"":""speedl"",""xd"":[0,-0.017304234274637727,0,0,0,0],""a"":1,""t"":0.08,""seq"":2607,""ts"":1779197046784}"
"2026-05-19T13:24:06.809Z","1779197046809","remote_relay","speedl","2608","guest","operator","0.6438576061935319","0.26063738701658756","0.04582626224942532","2.922825340362525","-1.064382133852913","-0.07941465843489205","{""type"":""speedl"",""xd"":[0,-0.017304234274637727,0,0,0,0],""a"":1,""t"":0.08,""seq"":2608,""ts"":1779197046804}"
"2026-05-19T13:24:06.828Z","1779197046828","remote_relay","speedl","2609","guest","operator","0.6438576061935319","0.26063738701658756","0.04582626224942532","2.922825340362525","-1.064382133852913","-0.07941465843489205","{""type"":""speedl"",""xd"":[0,-0.017304234274637727,0,0,0,0],""a"":1,""t"":0.08,""seq"":2609,""ts"":1779197046824}"
"2026-05-19T13:24:06.847Z","1779197046847","remote_relay","speedl","2610","guest","operator","0.6438576061935319","0.26063738701658756","0.04582626224942532","2.922825340362525","-1.064382133852913","-0.07941465843489205","{""type"":""speedl"",""xd"":[0,-0.017304234274637727,0,0,0,0],""a"":1,""t"":0.08,""seq"":2610,""ts"":1779197046843}"
"2026-05-19T13:24:06.869Z","1779197046869","remote_relay","speedl","2611","guest","operator","0.6438576061935319","0.26063738701658756","0.04582626224942532","2.922825340362525","-1.064382133852913","-0.07941465843489205","{""type"":""speedl"",""xd"":[0,-0.017304234274637727,0,0,0,0],""a"":1,""t"":0.08,""seq"":2611,""ts"":1779197046863}"
"2026-05-19T13:24:06.887Z","1779197046887","remote_relay","speedl","2612","guest","operator","0.6438278777929232","0.25900672433109917","0.04581079517148756","2.922845000868026","-1.0643446733122388","-0.07947974006798952","{""type"":""speedl"",""xd"":[0,-0.017304234274637727,0,0,0,0],""a"":1,""t"":0.08,""seq"":2612,""ts"":1779197046883}"
"2026-05-19T13:24:06.908Z","1779197046908","remote_relay","speedl","2613","guest","operator","0.6438278777929232","0.25900672433109917","0.04581079517148756","2.922845000868026","-1.0643446733122388","-0.07947974006798952","{""type"":""speedl"",""xd"":[0,-0.017304234274637727,0,0,0,0],""a"":1,""t"":0.08,""seq"":2613,""ts"":1779197046904}"
"2026-05-19T13:24:06.927Z","1779197046927","remote_relay","speedl","2614","guest","operator","0.6438278777929232","0.25900672433109917","0.04581079517148756","2.922845000868026","-1.0643446733122388","-0.07947974006798952","{""type"":""speedl"",""xd"":[0,-0.017304234274637727,0,0,0,0],""a"":1,""t"":0.08,""seq"":2614,""ts"":1779197046923}"
"2026-05-19T13:24:06.948Z","1779197046948","remote_relay","speedl","2615","guest","operator","0.6438278777929232","0.25900672433109917","0.04581079517148756","2.922845000868026","-1.0643446733122388","-0.07947974006798952","{""type"":""speedl"",""xd"":[0,-0.017304234274637727,0,0,0,0],""a"":1,""t"":0.08,""seq"":2615,""ts"":1779197046944}"
"2026-05-19T13:24:06.970Z","1779197046970","remote_relay","speedl","2616","guest","operator","0.6438278777929232","0.25900672433109917","0.04581079517148756","2.922845000868026","-1.0643446733122388","-0.07947974006798952","{""type"":""speedl"",""xd"":[0,-0.017304234274637727,0,0,0,0],""a"":1,""t"":0.08,""seq"":2616,""ts"":1779197046964}"
"2026-05-19T13:24:06.987Z","1779197046987","remote_relay","speedl","2617","guest","operator","0.6438412534701269","0.25726481823168235","0.045812213029337606","2.9228428140359184","-1.0643710954431667","-0.0794247509065401","{""type"":""speedl"",""xd"":[0,-0.017304234274637727,0,0,0,0],""a"":1,""t"":0.08,""seq"":2617,""ts"":1779197046983}"
"2026-05-19T13:24:07.008Z","1779197047008","remote_relay","speedl","2618","guest","operator","0.6438412534701269","0.25726481823168235","0.045812213029337606","2.9228428140359184","-1.0643710954431667","-0.0794247509065401","{""type"":""speedl"",""xd"":[0,-0.017304234274637727,0,0,0,0],""a"":1,""t"":0.08,""seq"":2618,""ts"":1779197047003}"
"2026-05-19T13:24:07.027Z","1779197047027","remote_relay","speedl","2619","guest","operator","0.6438412534701269","0.25726481823168235","0.045812213029337606","2.9228428140359184","-1.0643710954431667","-0.0794247509065401","{""type"":""speedl"",""xd"":[0,-0.017304234274637727,0,0,0,0],""a"":1,""t"":0.08,""seq"":2619,""ts"":1779197047023}"
"2026-05-19T13:24:07.047Z","1779197047047","remote_relay","speedl","2620","guest","operator","0.6438412534701269","0.25726481823168235","0.045812213029337606","2.9228428140359184","-1.0643710954431667","-0.0794247509065401","{""type"":""speedl"",""xd"":[0,-0.017304234274637727,0,0,0,0],""a"":1,""t"":0.08,""seq"":2620,""ts"":1779197047043}"
"2026-05-19T13:24:07.070Z","1779197047070","remote_relay","speedl","2621","guest","operator","0.6438412534701269","0.25726481823168235","0.045812213029337606","2.9228428140359184","-1.0643710954431667","-0.0794247509065401","{""type"":""speedl"",""xd"":[0,-0.017304234274637727,0,0,0,0],""a"":1,""t"":0.08,""seq"":2621,""ts"":1779197047063}"
"2026-05-19T13:24:07.088Z","1779197047088","remote_relay","speedl","2622","guest","operator","0.6438814940687367","0.2555395160951794","0.045857262786640984","2.9229214880794427","-1.064374951885521","-0.07922783158222824","{""type"":""speedl"",""xd"":[0,-0.017304234274637727,0,0,0,0],""a"":1,""t"":0.08,""seq"":2622,""ts"":1779197047084}"
"2026-05-19T13:24:07.108Z","1779197047108","remote_relay","speedl","2623","guest","operator","0.6438814940687367","0.2555395160951794","0.045857262786640984","2.9229214880794427","-1.064374951885521","-0.07922783158222824","{""type"":""speedl"",""xd"":[0,-0.017304234274637727,0,0,0,0],""a"":1,""t"":0.08,""seq"":2623,""ts"":1779197047103}"
"2026-05-19T13:24:07.127Z","1779197047127","remote_relay","speedl","2624","guest","operator","0.6438814940687367","0.2555395160951794","0.045857262786640984","2.9229214880794427","-1.064374951885521","-0.07922783158222824","{""type"":""speedl"",""xd"":[0,-0.017304234274637727,0,0,0,0],""a"":1,""t"":0.08,""seq"":2624,""ts"":1779197047123}"
"2026-05-19T13:24:07.148Z","1779197047148","remote_relay","speedl","2625","guest","operator","0.6438814940687367","0.2555395160951794","0.045857262786640984","2.9229214880794427","-1.064374951885521","-0.07922783158222824","{""type"":""speedl"",""xd"":[0,-0.017304234274637727,0,0,0,0],""a"":1,""t"":0.08,""seq"":2625,""ts"":1779197047143}"
"2026-05-19T13:24:07.167Z","1779197047167","remote_relay","speedl","2626","guest","operator","0.6438132744289105","0.25415780736484345","0.045783006684504995","2.922789881132552","-1.0642528804024554","-0.07941197224992487","{""type"":""speedl"",""xd"":[0,-0.017304234274637727,0,0,0,0],""a"":1,""t"":0.08,""seq"":2626,""ts"":1779197047163}"
"2026-05-19T13:24:07.187Z","1779197047187","remote_relay","speedl","2627","guest","operator","0.6438132744289105","0.25415780736484345","0.045783006684504995","2.922789881132552","-1.0642528804024554","-0.07941197224992487","{""type"":""speedl"",""xd"":[0,-0.017304234274637727,0,0,0,0],""a"":1,""t"":0.08,""seq"":2627,""ts"":1779197047183}"
"2026-05-19T13:24:07.208Z","1779197047208","remote_relay","speedl","2628","guest","operator","0.6438132744289105","0.25415780736484345","0.045783006684504995","2.922789881132552","-1.0642528804024554","-0.07941197224992487","{""type"":""speedl"",""xd"":[0,-0.017304234274637727,0,0,0,0],""a"":1,""t"":0.08,""seq"":2628,""ts"":1779197047204}"
"2026-05-19T13:24:07.228Z","1779197047228","remote_relay","speedl","2629","guest","operator","0.6438132744289105","0.25415780736484345","0.045783006684504995","2.922789881132552","-1.0642528804024554","-0.07941197224992487","{""type"":""speedl"",""xd"":[0,-0.017304234274637727,0,0,0,0],""a"":1,""t"":0.08,""seq"":2629,""ts"":1779197047223}"
"2026-05-19T13:24:07.248Z","1779197047248","remote_relay","speedl","2630","guest","operator","0.6438132744289105","0.25415780736484345","0.045783006684504995","2.922789881132552","-1.0642528804024554","-0.07941197224992487","{""type"":""speedl"",""xd"":[0,-0.017304234274637727,0,0,0,0],""a"":1,""t"":0.08,""seq"":2630,""ts"":1779197047243}"
"2026-05-19T13:24:07.270Z","1779197047270","remote_relay","speedl","2631","guest","operator","0.6438236292622558","0.25245667764266183","0.04580260136528283","2.922898536358924","-1.0642073808298749","-0.07940145657942818","{""type"":""speedl"",""xd"":[0,-0.017304234274637727,0,0,0,0],""a"":1,""t"":0.08,""seq"":2631,""ts"":1779197047263}"
"2026-05-19T13:24:07.288Z","1779197047288","remote_relay","speedl","2632","guest","operator","0.6438236292622558","0.25245667764266183","0.04580260136528283","2.922898536358924","-1.0642073808298749","-0.07940145657942818","{""type"":""speedl"",""xd"":[0,-0.017304234274637727,0,0,0,0],""a"":1,""t"":0.08,""seq"":2632,""ts"":1779197047283}"
"2026-05-19T13:24:07.308Z","1779197047308","remote_relay","speedl","2633","guest","operator","0.6438236292622558","0.25245667764266183","0.04580260136528283","2.922898536358924","-1.0642073808298749","-0.07940145657942818","{""type"":""speedl"",""xd"":[0,-0.017304234274637727,0,0,0,0],""a"":1,""t"":0.08,""seq"":2633,""ts"":1779197047303}"
"2026-05-19T13:24:07.328Z","1779197047328","remote_relay","speedl","2634","guest","operator","0.6438236292622558","0.25245667764266183","0.04580260136528283","2.922898536358924","-1.0642073808298749","-0.07940145657942818","{""type"":""speedl"",""xd"":[0,-0.017304234274637727,0,0,0,0],""a"":1,""t"":0.08,""seq"":2634,""ts"":1779197047324}"
"2026-05-19T13:24:07.349Z","1779197047349","remote_relay","speedl","2635","guest","operator","0.6438236292622558","0.25245667764266183","0.04580260136528283","2.922898536358924","-1.0642073808298749","-0.07940145657942818","{""type"":""speedl"",""xd"":[0,-0.017304234274637727,0,0,0,0],""a"":1,""t"":0.08,""seq"":2635,""ts"":1779197047344}"
"2026-05-19T13:24:07.370Z","1779197047370","remote_relay","speedl","2636","guest","operator","0.6438236292622558","0.25245667764266183","0.04580260136528283","2.922898536358924","-1.0642073808298749","-0.07940145657942818","{""type"":""speedl"",""xd"":[0,-0.017304234274637727,0,0,0,0],""a"":1,""t"":0.08,""seq"":2636,""ts"":1779197047363}"
"2026-05-19T13:24:07.388Z","1779197047388","remote_relay","speedl","2637","guest","operator","0.6438236292622558","0.25245667764266183","0.04580260136528283","2.922898536358924","-1.0642073808298749","-0.07940145657942818","{""type"":""speedl"",""xd"":[0,-0.017304234274637727,0,0,0,0],""a"":1,""t"":0.08,""seq"":2637,""ts"":1779197047384}"
"2026-05-19T13:24:07.407Z","1779197047407","remote_relay","speedl","2638","guest","operator","0.6438236292622558","0.25245667764266183","0.04580260136528283","2.922898536358924","-1.0642073808298749","-0.07940145657942818","{""type"":""speedl"",""xd"":[0,-0.017304234274637727,0,0,0,0],""a"":1,""t"":0.08,""seq"":2638,""ts"":1779197047403}"
"2026-05-19T13:24:07.427Z","1779197047427","remote_relay","speedl","2639","guest","operator","0.6438056124800676","0.2506572400743385","0.045779570631198974","2.922800976000314","-1.064268247356791","-0.07944979087054382","{""type"":""speedl"",""xd"":[0,-0.017304234274637727,0,0,0,0],""a"":1,""t"":0.08,""seq"":2639,""ts"":1779197047423}"
"2026-05-19T13:24:07.447Z","1779197047447","remote_relay","speedl","2640","guest","operator","0.6438056124800676","0.2506572400743385","0.045779570631198974","2.922800976000314","-1.064268247356791","-0.07944979087054382","{""type"":""speedl"",""xd"":[0,-0.017304234274637727,0,0,0,0],""a"":1,""t"":0.08,""seq"":2640,""ts"":1779197047443}"
"2026-05-19T13:24:07.467Z","1779197047467","remote_relay","speedl","2641","guest","operator","0.6438056124800676","0.2506572400743385","0.045779570631198974","2.922800976000314","-1.064268247356791","-0.07944979087054382","{""type"":""speedl"",""xd"":[0,-0.017304234274637727,0,0,0,0],""a"":1,""t"":0.08,""seq"":2641,""ts"":1779197047463}"
"2026-05-19T13:24:07.488Z","1779197047488","remote_relay","speedl","2642","guest","operator","0.6438056124800676","0.2506572400743385","0.045779570631198974","2.922800976000314","-1.064268247356791","-0.07944979087054382","{""type"":""speedl"",""xd"":[0,-0.017304234274637727,0,0,0,0],""a"":1,""t"":0.08,""seq"":2642,""ts"":1779197047484}"
"2026-05-19T13:24:07.508Z","1779197047508","remote_relay","speedl","2643","guest","operator","0.6438056124800676","0.2506572400743385","0.045779570631198974","2.922800976000314","-1.064268247356791","-0.07944979087054382","{""type"":""speedl"",""xd"":[0,-0.017304234274637727,0,0,0,0],""a"":1,""t"":0.08,""seq"":2643,""ts"":1779197047503}"
"2026-05-19T13:24:07.528Z","1779197047528","remote_relay","speedl","2644","guest","operator","0.6438056124800676","0.2506572400743385","0.045779570631198974","2.922800976000314","-1.064268247356791","-0.07944979087054382","{""type"":""speedl"",""xd"":[0,-0.017304234274637727,0,0,0,0],""a"":1,""t"":0.08,""seq"":2644,""ts"":1779197047523}"
"2026-05-19T13:24:07.547Z","1779197047547","remote_relay","speedl","2645","guest","operator","0.6438056124800676","0.2506572400743385","0.045779570631198974","2.922800976000314","-1.064268247356791","-0.07944979087054382","{""type"":""speedl"",""xd"":[0,-0.017304234274637727,0,0,0,0],""a"":1,""t"":0.08,""seq"":2645,""ts"":1779197047543}"
"2026-05-19T13:24:07.570Z","1779197047570","remote_relay","speedl","2646","guest","operator","0.6438056124800676","0.2506572400743385","0.045779570631198974","2.922800976000314","-1.064268247356791","-0.07944979087054382","{""type"":""speedl"",""xd"":[0,-0.017304234274637727,0,0,0,0],""a"":1,""t"":0.08,""seq"":2646,""ts"":1779197047563}"
"2026-05-19T13:24:07.588Z","1779197047588","remote_relay","speedl","2647","guest","operator","0.6437899126586231","0.24736438751332976","0.045827789988761025","2.922947936742105","-1.0640567059002837","-0.07940442305960904","{""type"":""speedl"",""xd"":[0,-0.017304234274637727,0,0,0,0],""a"":1,""t"":0.08,""seq"":2647,""ts"":1779197047584}"
"2026-05-19T13:24:07.608Z","1779197047608","remote_relay","speedl","2648","guest","operator","0.6437899126586231","0.24736438751332976","0.045827789988761025","2.922947936742105","-1.0640567059002837","-0.07940442305960904","{""type"":""speedl"",""xd"":[0,-0.017304234274637727,0,0,0,0],""a"":1,""t"":0.08,""seq"":2648,""ts"":1779197047603}"
"2026-05-19T13:24:07.628Z","1779197047628","remote_relay","speedl","2649","guest","operator","0.6437899126586231","0.24736438751332976","0.045827789988761025","2.922947936742105","-1.0640567059002837","-0.07940442305960904","{""type"":""speedl"",""xd"":[0,-0.017304234274637727,0,0,0,0],""a"":1,""t"":0.08,""seq"":2649,""ts"":1779197047623}"
"2026-05-19T13:24:07.648Z","1779197047648","remote_relay","speedl","2650","guest","operator","0.6437899126586231","0.24736438751332976","0.045827789988761025","2.922947936742105","-1.0640567059002837","-0.07940442305960904","{""type"":""speedl"",""xd"":[0,-0.017304234274637727,0,0,0,0],""a"":1,""t"":0.08,""seq"":2650,""ts"":1779197047644}"
"2026-05-19T13:24:07.667Z","1779197047667","remote_relay","speedl","2651","guest","operator","0.6437899126586231","0.24736438751332976","0.045827789988761025","2.922947936742105","-1.0640567059002837","-0.07940442305960904","{""type"":""speedl"",""xd"":[0,-0.017304234274637727,0,0,0,0],""a"":1,""t"":0.08,""seq"":2651,""ts"":1779197047663}"
"2026-05-19T13:24:07.689Z","1779197047689","remote_relay","speedl","2652","guest","operator","0.6437880947392396","0.24543352478958663","0.04578670518744707","2.922872836179197","-1.0642836592257177","-0.07952962666388114","{""type"":""speedl"",""xd"":[0,-0.017304234274637727,0,0,0,0],""a"":1,""t"":0.08,""seq"":2652,""ts"":1779197047684}"
"2026-05-19T13:24:07.707Z","1779197047707","remote_relay","speedl","2653","guest","operator","0.6437880947392396","0.24543352478958663","0.04578670518744707","2.922872836179197","-1.0642836592257177","-0.07952962666388114","{""type"":""speedl"",""xd"":[0,-0.017304234274637727,0,0,0,0],""a"":1,""t"":0.08,""seq"":2653,""ts"":1779197047703}"
"2026-05-19T13:24:07.727Z","1779197047727","remote_relay","speedl","2654","guest","operator","0.6437880947392396","0.24543352478958663","0.04578670518744707","2.922872836179197","-1.0642836592257177","-0.07952962666388114","{""type"":""speedl"",""xd"":[0,-0.017304234274637727,0,0,0,0],""a"":1,""t"":0.08,""seq"":2654,""ts"":1779197047723}"
"2026-05-19T13:24:07.748Z","1779197047748","remote_relay","speedl","2655","guest","operator","0.6437880947392396","0.24543352478958663","0.04578670518744707","2.922872836179197","-1.0642836592257177","-0.07952962666388114","{""type"":""speedl"",""xd"":[0,-0.017304234274637727,0,0,0,0],""a"":1,""t"":0.08,""seq"":2655,""ts"":1779197047744}"
"2026-05-19T13:24:07.770Z","1779197047770","remote_relay","speedl","2656","guest","operator","0.6437880947392396","0.24543352478958663","0.04578670518744707","2.922872836179197","-1.0642836592257177","-0.07952962666388114","{""type"":""speedl"",""xd"":[0,-0.017304234274637727,0,0,0,0],""a"":1,""t"":0.08,""seq"":2656,""ts"":1779197047764}"
"2026-05-19T13:24:07.789Z","1779197047789","remote_relay","speedl","2657","guest","operator","0.6437880947392396","0.24543352478958663","0.04578670518744707","2.922872836179197","-1.0642836592257177","-0.07952962666388114","{""type"":""speedl"",""xd"":[0,-0.017304234274637727,0,0,0,0],""a"":1,""t"":0.08,""seq"":2657,""ts"":1779197047784}"
"2026-05-19T13:24:07.807Z","1779197047807","remote_relay","speedl","2658","guest","operator","0.6437880947392396","0.24543352478958663","0.04578670518744707","2.922872836179197","-1.0642836592257177","-0.07952962666388114","{""type"":""speedl"",""xd"":[0,-0.017304234274637727,0,0,0,0],""a"":1,""t"":0.08,""seq"":2658,""ts"":1779197047803}"
"2026-05-19T13:24:07.827Z","1779197047827","remote_relay","speedl","2659","guest","operator","0.6437769120535313","0.24369916612160217","0.045771329194293775","2.922827092810904","-1.0641704014990516","-0.07948801669248443","{""type"":""speedl"",""xd"":[0,-0.017304234274637727,0,0,0,0],""a"":1,""t"":0.08,""seq"":2659,""ts"":1779197047823}"
"2026-05-19T13:24:07.849Z","1779197047849","remote_relay","speedl","2660","guest","operator","0.6437769120535313","0.24369916612160217","0.045771329194293775","2.922827092810904","-1.0641704014990516","-0.07948801669248443","{""type"":""speedl"",""xd"":[0,-0.017304234274637727,0,0,0,0],""a"":1,""t"":0.08,""seq"":2660,""ts"":1779197047844}"
"2026-05-19T13:24:07.867Z","1779197047867","remote_relay","speedl","2661","guest","operator","0.6437769120535313","0.24369916612160217","0.045771329194293775","2.922827092810904","-1.0641704014990516","-0.07948801669248443","{""type"":""speedl"",""xd"":[0,-0.017304234274637727,0,0,0,0],""a"":1,""t"":0.08,""seq"":2661,""ts"":1779197047863}"
"2026-05-19T13:24:07.888Z","1779197047888","remote_relay","speedl","2662","guest","operator","0.6437769120535313","0.24369916612160217","0.045771329194293775","2.922827092810904","-1.0641704014990516","-0.07948801669248443","{""type"":""speedl"",""xd"":[0,-0.017304234274637727,0,0,0,0],""a"":1,""t"":0.08,""seq"":2662,""ts"":1779197047884}"
"2026-05-19T13:24:07.908Z","1779197047908","remote_relay","speedl","2663","guest","operator","0.6437769120535313","0.24369916612160217","0.045771329194293775","2.922827092810904","-1.0641704014990516","-0.07948801669248443","{""type"":""speedl"",""xd"":[0,-0.017304234274637727,0,0,0,0],""a"":1,""t"":0.08,""seq"":2663,""ts"":1779197047904}"
"2026-05-19T13:24:07.927Z","1779197047927","remote_relay","speedl","2664","guest","operator","0.6438092880037034","0.24222785794440566","0.04580820539502059","2.9229409208260417","-1.0642384422546682","-0.0794190999053892","{""type"":""speedl"",""xd"":[0,-0.017304234274637727,0,0,0,0],""a"":1,""t"":0.08,""seq"":2664,""ts"":1779197047923}"
"2026-05-19T13:24:07.947Z","1779197047947","remote_relay","speedl","2665","guest","operator","0.6438092880037034","0.24222785794440566","0.04580820539502059","2.9229409208260417","-1.0642384422546682","-0.0794190999053892","{""type"":""speedl"",""xd"":[0,-0.017304234274637727,0,0,0,0],""a"":1,""t"":0.08,""seq"":2665,""ts"":1779197047943}"
"2026-05-19T13:24:07.967Z","1779197047967","remote_relay","speedl","2666","guest","operator","0.6438092880037034","0.24222785794440566","0.04580820539502059","2.9229409208260417","-1.0642384422546682","-0.0794190999053892","{""type"":""speedl"",""xd"":[0,-0.017304234274637727,0,0,0,0],""a"":1,""t"":0.08,""seq"":2666,""ts"":1779197047963}"
"2026-05-19T13:24:07.988Z","1779197047988","remote_relay","speedl","2667","guest","operator","0.6438092880037034","0.24222785794440566","0.04580820539502059","2.9229409208260417","-1.0642384422546682","-0.0794190999053892","{""type"":""speedl"",""xd"":[0,-0.017304234274637727,0,0,0,0],""a"":1,""t"":0.08,""seq"":2667,""ts"":1779197047983}"
"2026-05-19T13:24:08.009Z","1779197048009","remote_relay","speedl","2668","guest","operator","0.6438039387254145","0.24060477071477704","0.045823107681273595","2.9228770321645268","-1.064276412367458","-0.07947111566223339","{""type"":""speedl"",""xd"":[0,-0.017304234274637727,0,0,0,0],""a"":1,""t"":0.08,""seq"":2668,""ts"":1779197048004}"
"2026-05-19T13:24:08.029Z","1779197048029","remote_relay","speedl","2669","guest","operator","0.6438039387254145","0.24060477071477704","0.045823107681273595","2.9228770321645268","-1.064276412367458","-0.07947111566223339","{""type"":""speedl"",""xd"":[0,-0.017304234274637727,0,0,0,0],""a"":1,""t"":0.08,""seq"":2669,""ts"":1779197048024}"
"2026-05-19T13:24:08.048Z","1779197048048","remote_relay","speedl","2670","guest","operator","0.6438039387254145","0.24060477071477704","0.045823107681273595","2.9228770321645268","-1.064276412367458","-0.07947111566223339","{""type"":""speedl"",""xd"":[0,-0.017304234274637727,0,0,0,0],""a"":1,""t"":0.08,""seq"":2670,""ts"":1779197048043}"
"2026-05-19T13:24:08.071Z","1779197048071","remote_relay","speedl","2671","guest","operator","0.6438039387254145","0.24060477071477704","0.045823107681273595","2.9228770321645268","-1.064276412367458","-0.07947111566223339","{""type"":""speedl"",""xd"":[0,-0.017304234274637727,0,0,0,0],""a"":1,""t"":0.08,""seq"":2671,""ts"":1779197048064}"
"2026-05-19T13:24:08.088Z","1779197048088","remote_relay","speedl","2672","guest","operator","0.6438317962157268","0.23873805220799582","0.04582509455819456","2.922899304908269","-1.064303758848555","-0.07933959251027069","{""type"":""speedl"",""xd"":[0,-0.017304234274637727,0,0,0,0],""a"":1,""t"":0.08,""seq"":2672,""ts"":1779197048083}"
"2026-05-19T13:24:08.107Z","1779197048107","remote_relay","speedl","2673","guest","operator","0.6438317962157268","0.23873805220799582","0.04582509455819456","2.922899304908269","-1.064303758848555","-0.07933959251027069","{""type"":""speedl"",""xd"":[0,-0.017304234274637727,0,0,0,0],""a"":1,""t"":0.08,""seq"":2673,""ts"":1779197048103}"
"2026-05-19T13:24:08.128Z","1779197048128","remote_relay","speedl","2674","guest","operator","0.6438317962157268","0.23873805220799582","0.04582509455819456","2.922899304908269","-1.064303758848555","-0.07933959251027069","{""type"":""speedl"",""xd"":[0,-0.017304234274637727,0,0,0,0],""a"":1,""t"":0.08,""seq"":2674,""ts"":1779197048124}"
"2026-05-19T13:24:08.147Z","1779197048147","remote_relay","speedl","2675","guest","operator","0.6438317962157268","0.23873805220799582","0.04582509455819456","2.922899304908269","-1.064303758848555","-0.07933959251027069","{""type"":""speedl"",""xd"":[0,-0.017304234274637727,0,0,0,0],""a"":1,""t"":0.08,""seq"":2675,""ts"":1779197048143}"
"2026-05-19T13:24:08.167Z","1779197048167","remote_relay","speedl","2676","guest","operator","0.6438655824166463","0.23699288969205318","0.04586900259835244","2.922936123215285","-1.0643481271089243","-0.07932368026369079","{""type"":""speedl"",""xd"":[0,-0.017304234274637727,0,0,0,0],""a"":1,""t"":0.08,""seq"":2676,""ts"":1779197048163}"
"2026-05-19T13:24:08.188Z","1779197048188","remote_relay","speedl","2677","guest","operator","0.6438655824166463","0.23699288969205318","0.04586900259835244","2.922936123215285","-1.0643481271089243","-0.07932368026369079","{""type"":""speedl"",""xd"":[0,-0.017304234274637727,0,0,0,0],""a"":1,""t"":0.08,""seq"":2677,""ts"":1779197048183}"
"2026-05-19T13:24:08.207Z","1779197048207","remote_relay","speedl","2678","guest","operator","0.6438655824166463","0.23699288969205318","0.04586900259835244","2.922936123215285","-1.0643481271089243","-0.07932368026369079","{""type"":""speedl"",""xd"":[0,-0.017304234274637727,0,0,0,0],""a"":1,""t"":0.08,""seq"":2678,""ts"":1779197048203}"
"2026-05-19T13:24:08.228Z","1779197048228","remote_relay","speedl","2679","guest","operator","0.6438655824166463","0.23699288969205318","0.04586900259835244","2.922936123215285","-1.0643481271089243","-0.07932368026369079","{""type"":""speedl"",""xd"":[0,-0.017304234274637727,0,0,0,0],""a"":1,""t"":0.08,""seq"":2679,""ts"":1779197048224}"
"2026-05-19T13:24:08.247Z","1779197048247","remote_relay","speedl","2680","guest","operator","0.6438655824166463","0.23699288969205318","0.04586900259835244","2.922936123215285","-1.0643481271089243","-0.07932368026369079","{""type"":""speedl"",""xd"":[0,-0.017304234274637727,0,0,0,0],""a"":1,""t"":0.08,""seq"":2680,""ts"":1779197048243}"
"2026-05-19T13:24:08.267Z","1779197048267","remote_relay","speedl","2681","guest","operator","0.6438655824166463","0.23699288969205318","0.04586900259835244","2.922936123215285","-1.0643481271089243","-0.07932368026369079","{""type"":""speedl"",""xd"":[0,-0.017304234274637727,0,0,0,0],""a"":1,""t"":0.08,""seq"":2681,""ts"":1779197048263}"
"2026-05-19T13:24:08.288Z","1779197048288","remote_relay","speedl","2682","guest","operator","0.6438655824166463","0.23699288969205318","0.04586900259835244","2.922936123215285","-1.0643481271089243","-0.07932368026369079","{""type"":""speedl"",""xd"":[0,-0.017304234274637727,0,0,0,0],""a"":1,""t"":0.08,""seq"":2682,""ts"":1779197048283}"
"2026-05-19T13:24:08.309Z","1779197048309","remote_relay","speedl","2683","guest","operator","0.6438989134888692","0.2355254883483135","0.04585680072575948","2.9229157192050343","-1.0644638827537012","-0.07920395756832517","{""type"":""speedl"",""xd"":[0,-0.017304234274637727,0,0,0,0],""a"":1,""t"":0.08,""seq"":2683,""ts"":1779197048305}"
"2026-05-19T13:24:08.328Z","1779197048328","remote_relay","speedl","2684","guest","operator","0.6438989134888692","0.2355254883483135","0.04585680072575948","2.9229157192050343","-1.0644638827537012","-0.07920395756832517","{""type"":""speedl"",""xd"":[0,-0.017304234274637727,0,0,0,0],""a"":1,""t"":0.08,""seq"":2684,""ts"":1779197048324}"
"2026-05-19T13:24:08.348Z","1779197048348","remote_relay","speedl","2685","guest","operator","0.6438989134888692","0.2355254883483135","0.04585680072575948","2.9229157192050343","-1.0644638827537012","-0.07920395756832517","{""type"":""speedl"",""xd"":[0,-0.017304234274637727,0,0,0,0],""a"":1,""t"":0.08,""seq"":2685,""ts"":1779197048344}"
"2026-05-19T13:24:08.367Z","1779197048367","remote_relay","speedl","2686","guest","operator","0.6438989134888692","0.2355254883483135","0.04585680072575948","2.9229157192050343","-1.0644638827537012","-0.07920395756832517","{""type"":""speedl"",""xd"":[0,-0.017304234274637727,0,0,0,0],""a"":1,""t"":0.08,""seq"":2686,""ts"":1779197048363}"
"2026-05-19T13:24:08.388Z","1779197048388","remote_relay","speedl","2687","guest","operator","0.6438728077177424","0.23351427806240366","0.045851992931841695","2.922873766123459","-1.0643528385295051","-0.07920982044220866","{""type"":""speedl"",""xd"":[0,-0.017304234274637727,0,0,0,0],""a"":1,""t"":0.08,""seq"":2687,""ts"":1779197048383}"
"2026-05-19T13:24:08.407Z","1779197048407","remote_relay","speedl","2688","guest","operator","0.6438728077177424","0.23351427806240366","0.045851992931841695","2.922873766123459","-1.0643528385295051","-0.07920982044220866","{""type"":""speedl"",""xd"":[0,-0.017304234274637727,0,0,0,0],""a"":1,""t"":0.08,""seq"":2688,""ts"":1779197048403}"
"2026-05-19T13:24:08.428Z","1779197048428","remote_relay","speedl","2689","guest","operator","0.6438728077177424","0.23351427806240366","0.045851992931841695","2.922873766123459","-1.0643528385295051","-0.07920982044220866","{""type"":""speedl"",""xd"":[0,-0.017304234274637727,0,0,0,0],""a"":1,""t"":0.08,""seq"":2689,""ts"":1779197048423}"
"2026-05-19T13:24:08.448Z","1779197048448","remote_relay","speedl","2690","guest","operator","0.6438728077177424","0.23351427806240366","0.045851992931841695","2.922873766123459","-1.0643528385295051","-0.07920982044220866","{""type"":""speedl"",""xd"":[0,-0.017304234274637727,0,0,0,0],""a"":1,""t"":0.08,""seq"":2690,""ts"":1779197048443}"
"2026-05-19T13:24:08.467Z","1779197048467","remote_relay","speedl","2691","guest","operator","0.6438839060106203","0.23196762079883484","0.045849450120417495","2.922957522380691","-1.0643922390120582","-0.07925462178591057","{""type"":""speedl"",""xd"":[0,-0.017304234274637727,0,0,0,0],""a"":1,""t"":0.08,""seq"":2691,""ts"":1779197048463}"
"2026-05-19T13:24:08.487Z","1779197048487","remote_relay","speedl","2692","guest","operator","0.6438839060106203","0.23196762079883484","0.045849450120417495","2.922957522380691","-1.0643922390120582","-0.07925462178591057","{""type"":""speedl"",""xd"":[0,-0.017304234274637727,0,0,0,0],""a"":1,""t"":0.08,""seq"":2692,""ts"":1779197048483}"
"2026-05-19T13:24:08.507Z","1779197048507","remote_relay","speedl","2693","guest","operator","0.6438839060106203","0.23196762079883484","0.045849450120417495","2.922957522380691","-1.0643922390120582","-0.07925462178591057","{""type"":""speedl"",""xd"":[0,-0.017304234274637727,0,0,0,0],""a"":1,""t"":0.08,""seq"":2693,""ts"":1779197048503}"
"2026-05-19T13:24:08.527Z","1779197048527","remote_relay","speedl","2694","guest","operator","0.6438839060106203","0.23196762079883484","0.045849450120417495","2.922957522380691","-1.0643922390120582","-0.07925462178591057","{""type"":""speedl"",""xd"":[0,-0.017304234274637727,0,0,0,0],""a"":1,""t"":0.08,""seq"":2694,""ts"":1779197048523}"
"2026-05-19T13:24:08.547Z","1779197048547","remote_relay","speedl","2695","guest","operator","0.6438839060106203","0.23196762079883484","0.045849450120417495","2.922957522380691","-1.0643922390120582","-0.07925462178591057","{""type"":""speedl"",""xd"":[0,-0.017304234274637727,0,0,0,0],""a"":1,""t"":0.08,""seq"":2695,""ts"":1779197048543}"
"2026-05-19T13:24:08.567Z","1779197048567","remote_relay","speedl","2696","guest","operator","0.6438839060106203","0.23196762079883484","0.045849450120417495","2.922957522380691","-1.0643922390120582","-0.07925462178591057","{""type"":""speedl"",""xd"":[0,-0.017304234274637727,0,0,0,0],""a"":1,""t"":0.08,""seq"":2696,""ts"":1779197048563}"
"2026-05-19T13:24:08.588Z","1779197048588","remote_relay","speedl","2697","guest","operator","0.6438839060106203","0.23196762079883484","0.045849450120417495","2.922957522380691","-1.0643922390120582","-0.07925462178591057","{""type"":""speedl"",""xd"":[0,-0.017304234274637727,0,0,0,0],""a"":1,""t"":0.08,""seq"":2697,""ts"":1779197048583}"
"2026-05-19T13:24:08.609Z","1779197048609","remote_relay","speedl","2698","guest","operator","0.6438107916449272","0.2301981251254972","0.045763413905838685","2.9227730461221024","-1.0643675011284106","-0.07950582982676256","{""type"":""speedl"",""xd"":[0,-0.017304234274637727,0,0,0,0],""a"":1,""t"":0.08,""seq"":2698,""ts"":1779197048604}"
"2026-05-19T13:24:08.627Z","1779197048627","remote_relay","speedl","2699","guest","operator","0.6438107916449272","0.2301981251254972","0.045763413905838685","2.9227730461221024","-1.0643675011284106","-0.07950582982676256","{""type"":""speedl"",""xd"":[0,-0.017304234274637727,0,0,0,0],""a"":1,""t"":0.08,""seq"":2699,""ts"":1779197048623}"
"2026-05-19T13:24:08.648Z","1779197048648","remote_relay","speedl","2700","guest","operator","0.6438107916449272","0.2301981251254972","0.045763413905838685","2.9227730461221024","-1.0643675011284106","-0.07950582982676256","{""type"":""speedl"",""xd"":[0,-0.017304234274637727,0,0,0,0],""a"":1,""t"":0.08,""seq"":2700,""ts"":1779197048644}"
"2026-05-19T13:24:08.668Z","1779197048668","remote_relay","speedl","2701","guest","operator","0.6438107916449272","0.2301981251254972","0.045763413905838685","2.9227730461221024","-1.0643675011284106","-0.07950582982676256","{""type"":""speedl"",""xd"":[0,-0.017304234274637727,0,0,0,0],""a"":1,""t"":0.08,""seq"":2701,""ts"":1779197048664}"
"2026-05-19T13:24:08.688Z","1779197048688","remote_relay","speedl","2702","guest","operator","0.6438417428746354","0.22834881643107224","0.04583493031107072","2.9228929364462037","-1.0642830044933753","-0.07929139663415516","{""type"":""speedl"",""xd"":[0,-0.017304234274637727,0,0,0,0],""a"":1,""t"":0.08,""seq"":2702,""ts"":1779197048683}"
"2026-05-19T13:24:08.707Z","1779197048707","remote_relay","speedl","2703","guest","operator","0.6438417428746354","0.22834881643107224","0.04583493031107072","2.9228929364462037","-1.0642830044933753","-0.07929139663415516","{""type"":""speedl"",""xd"":[0,-0.017304234274637727,0,0,0,0],""a"":1,""t"":0.08,""seq"":2703,""ts"":1779197048703}"
"2026-05-19T13:24:08.729Z","1779197048729","remote_relay","speedl","2704","guest","operator","0.6438417428746354","0.22834881643107224","0.04583493031107072","2.9228929364462037","-1.0642830044933753","-0.07929139663415516","{""type"":""speedl"",""xd"":[0,-0.017304234274637727,0,0,0,0],""a"":1,""t"":0.08,""seq"":2704,""ts"":1779197048725}"
"2026-05-19T13:24:08.747Z","1779197048747","remote_relay","speedl","2705","guest","operator","0.6438417428746354","0.22834881643107224","0.04583493031107072","2.9228929364462037","-1.0642830044933753","-0.07929139663415516","{""type"":""speedl"",""xd"":[0,-0.017304234274637727,0,0,0,0],""a"":1,""t"":0.08,""seq"":2705,""ts"":1779197048743}"
"2026-05-19T13:24:08.768Z","1779197048768","remote_relay","speedl","2706","guest","operator","0.6438037489394758","0.22685708324422837","0.04581077387533983","2.922891526324994","-1.0641820694462627","-0.07942835603833596","{""type"":""speedl"",""xd"":[0,-0.017304234274637727,0,0,0,0],""a"":1,""t"":0.08,""seq"":2706,""ts"":1779197048763}"
"2026-05-19T13:24:08.788Z","1779197048788","remote_relay","speedl","2707","guest","operator","0.6438037489394758","0.22685708324422837","0.04581077387533983","2.922891526324994","-1.0641820694462627","-0.07942835603833596","{""type"":""speedl"",""xd"":[0,-0.017304234274637727,0,0,0,0],""a"":1,""t"":0.08,""seq"":2707,""ts"":1779197048783}"
"2026-05-19T13:24:08.808Z","1779197048808","remote_relay","speedl","2708","guest","operator","0.6438037489394758","0.22685708324422837","0.04581077387533983","2.922891526324994","-1.0641820694462627","-0.07942835603833596","{""type"":""speedl"",""xd"":[0,-0.017304234274637727,0,0,0,0],""a"":1,""t"":0.08,""seq"":2708,""ts"":1779197048803}"
"2026-05-19T13:24:08.828Z","1779197048828","remote_relay","speedl","2709","guest","operator","0.6438037489394758","0.22685708324422837","0.04581077387533983","2.922891526324994","-1.0641820694462627","-0.07942835603833596","{""type"":""speedl"",""xd"":[0,-0.017304234274637727,0,0,0,0],""a"":1,""t"":0.08,""seq"":2709,""ts"":1779197048824}"
"2026-05-19T13:24:08.847Z","1779197048847","remote_relay","speedl","2710","guest","operator","0.6438037489394758","0.22685708324422837","0.04581077387533983","2.922891526324994","-1.0641820694462627","-0.07942835603833596","{""type"":""speedl"",""xd"":[0,-0.017304234274637727,0,0,0,0],""a"":1,""t"":0.08,""seq"":2710,""ts"":1779197048843}"
"2026-05-19T13:24:08.872Z","1779197048872","remote_relay","speedl","2711","guest","operator","0.6438037489394758","0.22685708324422837","0.04581077387533983","2.922891526324994","-1.0641820694462627","-0.07942835603833596","{""type"":""speedl"",""xd"":[0,-0.017304234274637727,0,0,0,0],""a"":1,""t"":0.08,""seq"":2711,""ts"":1779197048864}"
"2026-05-19T13:24:08.888Z","1779197048888","remote_relay","speedl","2712","guest","operator","0.6438037489394758","0.22685708324422837","0.04581077387533983","2.922891526324994","-1.0641820694462627","-0.07942835603833596","{""type"":""speedl"",""xd"":[0,-0.017304234274637727,0,0,0,0],""a"":1,""t"":0.08,""seq"":2712,""ts"":1779197048884}"
"2026-05-19T13:24:08.908Z","1779197048908","remote_relay","speedl","2713","guest","operator","0.6438083217500554","0.225124526713156","0.04576284223238719","2.922772192821968","-1.0643274507531184","-0.0794796172831609","{""type"":""speedl"",""xd"":[0,-0.017304234274637727,0,0,0,0],""a"":1,""t"":0.08,""seq"":2713,""ts"":1779197048903}"
"2026-05-19T13:24:08.927Z","1779197048927","remote_relay","speedl","2714","guest","operator","0.6438083217500554","0.225124526713156","0.04576284223238719","2.922772192821968","-1.0643274507531184","-0.0794796172831609","{""type"":""speedl"",""xd"":[0,-0.017304234274637727,0,0,0,0],""a"":1,""t"":0.08,""seq"":2714,""ts"":1779197048923}"
"2026-05-19T13:24:08.948Z","1779197048948","remote_relay","speedl","2715","guest","operator","0.6438083217500554","0.225124526713156","0.04576284223238719","2.922772192821968","-1.0643274507531184","-0.0794796172831609","{""type"":""speedl"",""xd"":[0,-0.017304234274637727,0,0,0,0],""a"":1,""t"":0.08,""seq"":2715,""ts"":1779197048944}"
"2026-05-19T13:24:08.967Z","1779197048967","remote_relay","speedl","2716","guest","operator","0.6438083217500554","0.225124526713156","0.04576284223238719","2.922772192821968","-1.0643274507531184","-0.0794796172831609","{""type"":""speedl"",""xd"":[0,-0.017304234274637727,0,0,0,0],""a"":1,""t"":0.08,""seq"":2716,""ts"":1779197048963}"
"2026-05-19T13:24:08.988Z","1779197048988","remote_relay","speedl","2717","guest","operator","0.643795786493671","0.223521188219094","0.045756260875663785","2.9228231979588934","-1.0642349020758999","-0.07952384680841593","{""type"":""speedl"",""xd"":[0,-0.017304234274637727,0,0,0,0],""a"":1,""t"":0.08,""seq"":2717,""ts"":1779197048984}"
"2026-05-19T13:24:09.007Z","1779197049007","remote_relay","speedl","2718","guest","operator","0.643795786493671","0.223521188219094","0.045756260875663785","2.9228231979588934","-1.0642349020758999","-0.07952384680841593","{""type"":""speedl"",""xd"":[0,-0.017304234274637727,0,0,0,0],""a"":1,""t"":0.08,""seq"":2718,""ts"":1779197049003}"
"2026-05-19T13:24:09.027Z","1779197049027","remote_relay","speedl","2719","guest","operator","0.643795786493671","0.223521188219094","0.045756260875663785","2.9228231979588934","-1.0642349020758999","-0.07952384680841593","{""type"":""speedl"",""xd"":[0,-0.017304234274637727,0,0,0,0],""a"":1,""t"":0.08,""seq"":2719,""ts"":1779197049023}"
"2026-05-19T13:24:09.047Z","1779197049047","remote_relay","speedl","2720","guest","operator","0.643795786493671","0.223521188219094","0.045756260875663785","2.9228231979588934","-1.0642349020758999","-0.07952384680841593","{""type"":""speedl"",""xd"":[0,-0.017304234274637727,0,0,0,0],""a"":1,""t"":0.08,""seq"":2720,""ts"":1779197049043}"
"2026-05-19T13:24:09.068Z","1779197049068","remote_relay","speedl","2721","guest","operator","0.643795786493671","0.223521188219094","0.045756260875663785","2.9228231979588934","-1.0642349020758999","-0.07952384680841593","{""type"":""speedl"",""xd"":[0,-0.017304234274637727,0,0,0,0],""a"":1,""t"":0.08,""seq"":2721,""ts"":1779197049064}"
"2026-05-19T13:24:09.088Z","1779197049088","remote_relay","speedl","2722","guest","operator","0.643795786493671","0.223521188219094","0.045756260875663785","2.9228231979588934","-1.0642349020758999","-0.07952384680841593","{""type"":""speedl"",""xd"":[0,-0.017304234274637727,0,0,0,0],""a"":1,""t"":0.08,""seq"":2722,""ts"":1779197049083}"
"2026-05-19T13:24:09.108Z","1779197049108","remote_relay","speedl","2723","guest","operator","0.643795786493671","0.223521188219094","0.045756260875663785","2.9228231979588934","-1.0642349020758999","-0.07952384680841593","{""type"":""speedl"",""xd"":[0,-0.017304234274637727,0,0,0,0],""a"":1,""t"":0.08,""seq"":2723,""ts"":1779197049103}"
"2026-05-19T13:24:09.127Z","1779197049127","remote_relay","speedl","2724","guest","operator","0.643795786493671","0.223521188219094","0.045756260875663785","2.9228231979588934","-1.0642349020758999","-0.07952384680841593","{""type"":""speedl"",""xd"":[0,-0.017304234274637727,0,0,0,0],""a"":1,""t"":0.08,""seq"":2724,""ts"":1779197049123}"
"2026-05-19T13:24:09.147Z","1779197049147","remote_relay","speedl","2725","guest","operator","0.6438133794345295","0.22175430335527335","0.04575819305527473","2.9227622473301778","-1.0642827640490669","-0.07939129564084811","{""type"":""speedl"",""xd"":[0,-0.017304234274637727,0,0,0,0],""a"":1,""t"":0.08,""seq"":2725,""ts"":1779197049143}"
"2026-05-19T13:24:09.167Z","1779197049167","remote_relay","speedl","2726","guest","operator","0.6437682680538491","0.22024428141246094","0.04575187187863494","2.9228427359793403","-1.0641072332008676","-0.07953367542512145","{""type"":""speedl"",""xd"":[0,-0.017304234274637727,0,0,0,0],""a"":1,""t"":0.08,""seq"":2726,""ts"":1779197049163}"
"2026-05-19T13:24:09.188Z","1779197049188","remote_relay","speedl","2727","guest","operator","0.6437682680538491","0.22024428141246094","0.04575187187863494","2.9228427359793403","-1.0641072332008676","-0.07953367542512145","{""type"":""speedl"",""xd"":[0,-0.017304234274637727,0,0,0,0],""a"":1,""t"":0.08,""seq"":2727,""ts"":1779197049184}"
"2026-05-19T13:24:09.208Z","1779197049208","remote_relay","speedl","2728","guest","operator","0.6437682680538491","0.22024428141246094","0.04575187187863494","2.9228427359793403","-1.0641072332008676","-0.07953367542512145","{""type"":""speedl"",""xd"":[0,-0.017304234274637727,0,0,0,0],""a"":1,""t"":0.08,""seq"":2728,""ts"":1779197049203}"
"2026-05-19T13:24:09.228Z","1779197049228","remote_relay","speedl","2729","guest","operator","0.6437682680538491","0.22024428141246094","0.04575187187863494","2.9228427359793403","-1.0641072332008676","-0.07953367542512145","{""type"":""speedl"",""xd"":[0,-0.017304234274637727,0,0,0,0],""a"":1,""t"":0.08,""seq"":2729,""ts"":1779197049223}"
"2026-05-19T13:24:09.248Z","1779197049248","remote_relay","speedl","2730","guest","operator","0.6438314267131487","0.2184457381791188","0.045844797741020515","2.922972140755849","-1.0642146744534917","-0.07933697350470473","{""type"":""speedl"",""xd"":[0,-0.017304234274637727,0,0,0,0],""a"":1,""t"":0.08,""seq"":2730,""ts"":1779197049243}"
"2026-05-19T13:24:09.268Z","1779197049268","remote_relay","speedl","2731","guest","operator","0.6438314267131487","0.2184457381791188","0.045844797741020515","2.922972140755849","-1.0642146744534917","-0.07933697350470473","{""type"":""speedl"",""xd"":[0,-0.017304234274637727,0,0,0,0],""a"":1,""t"":0.08,""seq"":2731,""ts"":1779197049264}"
"2026-05-19T13:24:09.289Z","1779197049289","remote_relay","speedl","2732","guest","operator","0.6438314267131487","0.2184457381791188","0.045844797741020515","2.922972140755849","-1.0642146744534917","-0.07933697350470473","{""type"":""speedl"",""xd"":[0,-0.017304234274637727,0,0,0,0],""a"":1,""t"":0.08,""seq"":2732,""ts"":1779197049284}"
"2026-05-19T13:24:09.308Z","1779197049308","remote_relay","speedl","2733","guest","operator","0.6438314267131487","0.2184457381791188","0.045844797741020515","2.922972140755849","-1.0642146744534917","-0.07933697350470473","{""type"":""speedl"",""xd"":[0,-0.017304234274637727,0,0,0,0],""a"":1,""t"":0.08,""seq"":2733,""ts"":1779197049303}"
"2026-05-19T13:24:09.327Z","1779197049327","remote_relay","speedl","2734","guest","operator","0.6438314267131487","0.2184457381791188","0.045844797741020515","2.922972140755849","-1.0642146744534917","-0.07933697350470473","{""type"":""speedl"",""xd"":[0,-0.017304234274637727,0,0,0,0],""a"":1,""t"":0.08,""seq"":2734,""ts"":1779197049323}"
"2026-05-19T13:24:09.349Z","1779197049349","remote_relay","speedl","2735","guest","operator","0.6438314267131487","0.2184457381791188","0.045844797741020515","2.922972140755849","-1.0642146744534917","-0.07933697350470473","{""type"":""speedl"",""xd"":[0,-0.017304234274637727,0,0,0,0],""a"":1,""t"":0.08,""seq"":2735,""ts"":1779197049344}"
"2026-05-19T13:24:09.367Z","1779197049367","remote_relay","speedl","2736","guest","operator","0.6438314267131487","0.2184457381791188","0.045844797741020515","2.922972140755849","-1.0642146744534917","-0.07933697350470473","{""type"":""speedl"",""xd"":[0,-0.017304234274637727,0,0,0,0],""a"":1,""t"":0.08,""seq"":2736,""ts"":1779197049363}"
"2026-05-19T13:24:09.389Z","1779197049389","remote_relay","speedl","2737","guest","operator","0.6438314267131487","0.2184457381791188","0.045844797741020515","2.922972140755849","-1.0642146744534917","-0.07933697350470473","{""type"":""speedl"",""xd"":[0,-0.017304234274637727,0,0,0,0],""a"":1,""t"":0.08,""seq"":2737,""ts"":1779197049384}"
"2026-05-19T13:24:09.411Z","1779197049411","remote_relay","speedl","2738","guest","operator","0.6438314267131487","0.2184457381791188","0.045844797741020515","2.922972140755849","-1.0642146744534917","-0.07933697350470473","{""type"":""speedl"",""xd"":[0,-0.017304234274637727,0,0,0,0],""a"":1,""t"":0.08,""seq"":2738,""ts"":1779197049406}"
"2026-05-19T13:24:09.428Z","1779197049428","remote_relay","speedl","2739","guest","operator","0.6437923218593012","0.2165714054035204","0.045770031453800625","2.9228577421380657","-1.0642311735224323","-0.07952431996419522","{""type"":""speedl"",""xd"":[0,-0.017304234274637727,0,0,0,0],""a"":1,""t"":0.08,""seq"":2739,""ts"":1779197049424}"
"2026-05-19T13:24:09.448Z","1779197049448","remote_relay","speedl","2740","guest","operator","0.6437923218593012","0.2165714054035204","0.045770031453800625","2.9228577421380657","-1.0642311735224323","-0.07952431996419522","{""type"":""speedl"",""xd"":[0,-0.017304234274637727,0,0,0,0],""a"":1,""t"":0.08,""seq"":2740,""ts"":1779197049444}"
"2026-05-19T13:24:09.469Z","1779197049469","remote_relay","speedl","2741","guest","operator","0.6437923218593012","0.2165714054035204","0.045770031453800625","2.9228577421380657","-1.0642311735224323","-0.07952431996419522","{""type"":""speedl"",""xd"":[0,-0.017304234274637727,0,0,0,0],""a"":1,""t"":0.08,""seq"":2741,""ts"":1779197049463}"
"2026-05-19T13:24:09.489Z","1779197049489","remote_relay","speedl","2742","guest","operator","0.6437923218593012","0.2165714054035204","0.045770031453800625","2.9228577421380657","-1.0642311735224323","-0.07952431996419522","{""type"":""speedl"",""xd"":[0,-0.017304234274637727,0,0,0,0],""a"":1,""t"":0.08,""seq"":2742,""ts"":1779197049484}"
"2026-05-19T13:24:09.508Z","1779197049508","remote_relay","speedl","2743","guest","operator","0.6437917953795589","0.2147462251987145","0.04574604795133591","2.92277693648101","-1.0642462907502594","-0.07953298687799502","{""type"":""speedl"",""xd"":[0,-0.017304234274637727,0,0,0,0],""a"":1,""t"":0.08,""seq"":2743,""ts"":1779197049504}"
"2026-05-19T13:24:09.528Z","1779197049528","remote_relay","speedl","2744","guest","operator","0.6437917953795589","0.2147462251987145","0.04574604795133591","2.92277693648101","-1.0642462907502594","-0.07953298687799502","{""type"":""speedl"",""xd"":[0,-0.017304234274637727,0,0,0,0],""a"":1,""t"":0.08,""seq"":2744,""ts"":1779197049523}"
"2026-05-19T13:24:09.547Z","1779197049547","remote_relay","speedl","2745","guest","operator","0.6437917953795589","0.2147462251987145","0.04574604795133591","2.92277693648101","-1.0642462907502594","-0.07953298687799502","{""type"":""speedl"",""xd"":[0,-0.017304234274637727,0,0,0,0],""a"":1,""t"":0.08,""seq"":2745,""ts"":1779197049543}"
"2026-05-19T13:24:09.568Z","1779197049568","remote_relay","speedl","2746","guest","operator","0.6437917953795589","0.2147462251987145","0.04574604795133591","2.92277693648101","-1.0642462907502594","-0.07953298687799502","{""type"":""speedl"",""xd"":[0,-0.017304234274637727,0,0,0,0],""a"":1,""t"":0.08,""seq"":2746,""ts"":1779197049563}"
"2026-05-19T13:24:09.589Z","1779197049589","remote_relay","speedl","2747","guest","operator","0.6438018895752698","0.21304848434252938","0.045822320452221454","2.922920304295572","-1.0641951015667992","-0.0794601618500051","{""type"":""speedl"",""xd"":[0,-0.017304234274637727,0,0,0,0],""a"":1,""t"":0.08,""seq"":2747,""ts"":1779197049584}"
"2026-05-19T13:24:09.609Z","1779197049609","remote_relay","speedl","2748","guest","operator","0.6438018895752698","0.21304848434252938","0.045822320452221454","2.922920304295572","-1.0641951015667992","-0.0794601618500051","{""type"":""speedl"",""xd"":[0,-0.017304234274637727,0,0,0,0],""a"":1,""t"":0.08,""seq"":2748,""ts"":1779197049603}"
"2026-05-19T13:24:09.627Z","1779197049627","remote_relay","speedl","2749","guest","operator","0.6438018895752698","0.21304848434252938","0.045822320452221454","2.922920304295572","-1.0641951015667992","-0.0794601618500051","{""type"":""speedl"",""xd"":[0,-0.017304234274637727,0,0,0,0],""a"":1,""t"":0.08,""seq"":2749,""ts"":1779197049623}"
"2026-05-19T13:24:09.648Z","1779197049648","remote_relay","speedl","2750","guest","operator","0.6438018895752698","0.21304848434252938","0.045822320452221454","2.922920304295572","-1.0641951015667992","-0.0794601618500051","{""type"":""speedl"",""xd"":[0,-0.017304234274637727,0,0,0,0],""a"":1,""t"":0.08,""seq"":2750,""ts"":1779197049643}"
"2026-05-19T13:24:09.668Z","1779197049668","remote_relay","speedl","2751","guest","operator","0.6438018895752698","0.21304848434252938","0.045822320452221454","2.922920304295572","-1.0641951015667992","-0.0794601618500051","{""type"":""speedl"",""xd"":[0,-0.017304234274637727,0,0,0,0],""a"":1,""t"":0.08,""seq"":2751,""ts"":1779197049663}"
"2026-05-19T13:24:09.689Z","1779197049689","remote_relay","speedl","2752","guest","operator","0.6438018895752698","0.21304848434252938","0.045822320452221454","2.922920304295572","-1.0641951015667992","-0.0794601618500051","{""type"":""speedl"",""xd"":[0,-0.017304234274637727,0,0,0,0],""a"":1,""t"":0.08,""seq"":2752,""ts"":1779197049684}"
"2026-05-19T13:24:09.708Z","1779197049708","remote_relay","speedl","2753","guest","operator","0.6438018895752698","0.21304848434252938","0.045822320452221454","2.922920304295572","-1.0641951015667992","-0.0794601618500051","{""type"":""speedl"",""xd"":[0,-0.017304234274637727,0,0,0,0],""a"":1,""t"":0.08,""seq"":2753,""ts"":1779197049704}"
"2026-05-19T13:24:09.727Z","1779197049727","remote_relay","speedl","2754","guest","operator","0.6438451248075776","0.21120969070155216","0.04582623900485397","2.9229508646119924","-1.0642530465485203","-0.07937044754730674","{""type"":""speedl"",""xd"":[0,-0.017304234274637727,0,0,0,0],""a"":1,""t"":0.08,""seq"":2754,""ts"":1779197049723}"
"2026-05-19T13:24:09.748Z","1779197049748","remote_relay","speedl","2755","guest","operator","0.6438451248075776","0.21120969070155216","0.04582623900485397","2.9229508646119924","-1.0642530465485203","-0.07937044754730674","{""type"":""speedl"",""xd"":[0,-0.017304234274637727,0,0,0,0],""a"":1,""t"":0.08,""seq"":2755,""ts"":1779197049744}"
"2026-05-19T13:24:09.767Z","1779197049767","remote_relay","speedl","2756","guest","operator","0.6438451248075776","0.21120969070155216","0.04582623900485397","2.9229508646119924","-1.0642530465485203","-0.07937044754730674","{""type"":""speedl"",""xd"":[0,-0.017304234274637727,0,0,0,0],""a"":1,""t"":0.08,""seq"":2756,""ts"":1779197049763}"
"2026-05-19T13:24:09.790Z","1779197049790","remote_relay","speedl","2757","guest","operator","0.6438451248075776","0.21120969070155216","0.04582623900485397","2.9229508646119924","-1.0642530465485203","-0.07937044754730674","{""type"":""speedl"",""xd"":[0,-0.017304234274637727,0,0,0,0],""a"":1,""t"":0.08,""seq"":2757,""ts"":1779197049783}"
"2026-05-19T13:24:09.808Z","1779197049808","remote_relay","speedl","2758","guest","operator","0.6438451248075776","0.21120969070155216","0.04582623900485397","2.9229508646119924","-1.0642530465485203","-0.07937044754730674","{""type"":""speedl"",""xd"":[0,-0.017304234274637727,0,0,0,0],""a"":1,""t"":0.08,""seq"":2758,""ts"":1779197049804}"
"2026-05-19T13:24:09.828Z","1779197049828","remote_relay","speedl","2759","guest","operator","0.6438814042823906","0.20936897901989834","0.0458564466427932","2.92292827421936","-1.0643648774243586","-0.07922026108724531","{""type"":""speedl"",""xd"":[0,-0.017304234274637727,0,0,0,0],""a"":1,""t"":0.08,""seq"":2759,""ts"":1779197049823}"
"2026-05-19T13:24:09.847Z","1779197049847","remote_relay","speedl","2760","guest","operator","0.6438814042823906","0.20936897901989834","0.0458564466427932","2.92292827421936","-1.0643648774243586","-0.07922026108724531","{""type"":""speedl"",""xd"":[0,-0.017304234274637727,0,0,0,0],""a"":1,""t"":0.08,""seq"":2760,""ts"":1779197049843}"
"2026-05-19T13:24:09.868Z","1779197049868","remote_relay","speedl","2761","guest","operator","0.6438814042823906","0.20936897901989834","0.0458564466427932","2.92292827421936","-1.0643648774243586","-0.07922026108724531","{""type"":""speedl"",""xd"":[0,-0.017304234274637727,0,0,0,0],""a"":1,""t"":0.08,""seq"":2761,""ts"":1779197049863}"
"2026-05-19T13:24:09.889Z","1779197049889","remote_relay","speedl","2762","guest","operator","0.6438814042823906","0.20936897901989834","0.0458564466427932","2.92292827421936","-1.0643648774243586","-0.07922026108724531","{""type"":""speedl"",""xd"":[0,-0.017304234274637727,0,0,0,0],""a"":1,""t"":0.08,""seq"":2762,""ts"":1779197049883}"
"2026-05-19T13:24:09.907Z","1779197049907","remote_relay","speedl","2763","guest","operator","0.6438133091754575","0.2079145655954228","0.045741788998398786","2.9227838328676885","-1.0642540856163212","-0.07946620989361915","{""type"":""speedl"",""xd"":[0,-0.017304234274637727,0,0,0,0],""a"":1,""t"":0.08,""seq"":2763,""ts"":1779197049903}"
"2026-05-19T13:24:09.927Z","1779197049927","remote_relay","speedl","2764","guest","operator","0.6438133091754575","0.2079145655954228","0.045741788998398786","2.9227838328676885","-1.0642540856163212","-0.07946620989361915","{""type"":""speedl"",""xd"":[0,-0.017304234274637727,0,0,0,0],""a"":1,""t"":0.08,""seq"":2764,""ts"":1779197049923}"
"2026-05-19T13:24:09.948Z","1779197049948","remote_relay","speedl","2765","guest","operator","0.6438133091754575","0.2079145655954228","0.045741788998398786","2.9227838328676885","-1.0642540856163212","-0.07946620989361915","{""type"":""speedl"",""xd"":[0,-0.017304234274637727,0,0,0,0],""a"":1,""t"":0.08,""seq"":2765,""ts"":1779197049944}"
"2026-05-19T13:24:09.968Z","1779197049968","remote_relay","speedl","2766","guest","operator","0.6438133091754575","0.2079145655954228","0.045741788998398786","2.9227838328676885","-1.0642540856163212","-0.07946620989361915","{""type"":""speedl"",""xd"":[0,-0.017304234274637727,0,0,0,0],""a"":1,""t"":0.08,""seq"":2766,""ts"":1779197049963}"
"2026-05-19T13:24:09.990Z","1779197049990","remote_relay","speedl","2767","guest","operator","0.6438427162451305","0.20615743117474458","0.04579910764230116","2.922819647040177","-1.0643986918690787","-0.07939072646149074","{""type"":""speedl"",""xd"":[0,-0.017304234274637727,0,0,0,0],""a"":1,""t"":0.08,""seq"":2767,""ts"":1779197049984}"
"2026-05-19T13:24:10.008Z","1779197050008","remote_relay","speedl","2768","guest","operator","0.6438427162451305","0.20615743117474458","0.04579910764230116","2.922819647040177","-1.0643986918690787","-0.07939072646149074","{""type"":""speedl"",""xd"":[0,-0.017304234274637727,0,0,0,0],""a"":1,""t"":0.08,""seq"":2768,""ts"":1779197050003}"
"2026-05-19T13:24:10.027Z","1779197050027","remote_relay","speedl","2769","guest","operator","0.6438427162451305","0.20615743117474458","0.04579910764230116","2.922819647040177","-1.0643986918690787","-0.07939072646149074","{""type"":""speedl"",""xd"":[0,-0.017304234274637727,0,0,0,0],""a"":1,""t"":0.08,""seq"":2769,""ts"":1779197050023}"
"2026-05-19T13:24:10.047Z","1779197050047","remote_relay","speedl","2770","guest","operator","0.6438427162451305","0.20615743117474458","0.04579910764230116","2.922819647040177","-1.0643986918690787","-0.07939072646149074","{""type"":""speedl"",""xd"":[0,-0.017304234274637727,0,0,0,0],""a"":1,""t"":0.08,""seq"":2770,""ts"":1779197050043}"
"2026-05-19T13:24:10.067Z","1779197050067","remote_relay","speedl","2771","guest","operator","0.6438594302637768","0.2046917580885521","0.045829258812677215","2.9228487673053425","-1.0643050764839221","-0.07937082141175798","{""type"":""speedl"",""xd"":[0,-0.017304234274637727,0,0,0,0],""a"":1,""t"":0.08,""seq"":2771,""ts"":1779197050063}"
"2026-05-19T13:24:10.090Z","1779197050090","remote_relay","speedl","2772","guest","operator","0.6438594302637768","0.2046917580885521","0.045829258812677215","2.9228487673053425","-1.0643050764839221","-0.07937082141175798","{""type"":""speedl"",""xd"":[0,-0.017304234274637727,0,0,0,0],""a"":1,""t"":0.08,""seq"":2772,""ts"":1779197050084}"
"2026-05-19T13:24:10.111Z","1779197050111","remote_relay","speedl","2773","guest","operator","0.6438594302637768","0.2046917580885521","0.045829258812677215","2.9228487673053425","-1.0643050764839221","-0.07937082141175798","{""type"":""speedl"",""xd"":[0,-0.017304234274637727,0,0,0,0],""a"":1,""t"":0.08,""seq"":2773,""ts"":1779197050106}"
"2026-05-19T13:24:10.128Z","1779197050128","remote_relay","speedl","2774","guest","operator","0.6438594302637768","0.2046917580885521","0.045829258812677215","2.9228487673053425","-1.0643050764839221","-0.07937082141175798","{""type"":""speedl"",""xd"":[0,-0.017304234274637727,0,0,0,0],""a"":1,""t"":0.08,""seq"":2774,""ts"":1779197050123}"
"2026-05-19T13:24:10.148Z","1779197050148","remote_relay","speedl","2775","guest","operator","0.6438594302637768","0.2046917580885521","0.045829258812677215","2.9228487673053425","-1.0643050764839221","-0.07937082141175798","{""type"":""speedl"",""xd"":[0,-0.017304234274637727,0,0,0,0],""a"":1,""t"":0.08,""seq"":2775,""ts"":1779197050144}"
"2026-05-19T13:24:10.168Z","1779197050168","remote_relay","speedl","2776","guest","operator","0.6438594302637768","0.2046917580885521","0.045829258812677215","2.9228487673053425","-1.0643050764839221","-0.07937082141175798","{""type"":""speedl"",""xd"":[0,-0.017304234274637727,0,0,0,0],""a"":1,""t"":0.08,""seq"":2776,""ts"":1779197050163}"
"2026-05-19T13:24:10.190Z","1779197050190","remote_relay","speedl","2777","guest","operator","0.6438594302637768","0.2046917580885521","0.045829258812677215","2.9228487673053425","-1.0643050764839221","-0.07937082141175798","{""type"":""speedl"",""xd"":[0,-0.017304234274637727,0,0,0,0],""a"":1,""t"":0.08,""seq"":2777,""ts"":1779197050183}"
"2026-05-19T13:24:10.207Z","1779197050207","remote_relay","speedl","2778","guest","operator","0.6438703406189475","0.20311883447962087","0.04585080870513497","2.922948049085901","-1.064270499767798","-0.07925171373998106","{""type"":""speedl"",""xd"":[0,-0.017304234274637727,0,0,0,0],""a"":1,""t"":0.08,""seq"":2778,""ts"":1779197050203}"
"2026-05-19T13:24:10.228Z","1779197050228","remote_relay","speedl","2779","guest","operator","0.6438703406189475","0.20311883447962087","0.04585080870513497","2.922948049085901","-1.064270499767798","-0.07925171373998106","{""type"":""speedl"",""xd"":[0,-0.017304234274637727,0,0,0,0],""a"":1,""t"":0.08,""seq"":2779,""ts"":1779197050224}"
"2026-05-19T13:24:10.248Z","1779197050248","remote_relay","speedl","2780","guest","operator","0.6438703406189475","0.20311883447962087","0.04585080870513497","2.922948049085901","-1.064270499767798","-0.07925171373998106","{""type"":""speedl"",""xd"":[0,-0.017304234274637727,0,0,0,0],""a"":1,""t"":0.08,""seq"":2780,""ts"":1779197050244}"
"2026-05-19T13:24:10.268Z","1779197050268","remote_relay","speedl","2781","guest","operator","0.6438703406189475","0.20311883447962087","0.04585080870513497","2.922948049085901","-1.064270499767798","-0.07925171373998106","{""type"":""speedl"",""xd"":[0,-0.017304234274637727,0,0,0,0],""a"":1,""t"":0.08,""seq"":2781,""ts"":1779197050264}"
"2026-05-19T13:24:10.290Z","1779197050290","remote_relay","speedl","2782","guest","operator","0.6438703406189475","0.20311883447962087","0.04585080870513497","2.922948049085901","-1.064270499767798","-0.07925171373998106","{""type"":""speedl"",""xd"":[0,-0.017304234274637727,0,0,0,0],""a"":1,""t"":0.08,""seq"":2782,""ts"":1779197050284}"
"2026-05-19T13:24:10.308Z","1779197050308","remote_relay","speedl","2783","guest","operator","0.6438703406189475","0.20311883447962087","0.04585080870513497","2.922948049085901","-1.064270499767798","-0.07925171373998106","{""type"":""speedl"",""xd"":[0,-0.017304234274637727,0,0,0,0],""a"":1,""t"":0.08,""seq"":2783,""ts"":1779197050303}"
"2026-05-19T13:24:10.327Z","1779197050327","remote_relay","speedl","2784","guest","operator","0.6438703406189475","0.20311883447962087","0.04585080870513497","2.922948049085901","-1.064270499767798","-0.07925171373998106","{""type"":""speedl"",""xd"":[0,-0.017304234274637727,0,0,0,0],""a"":1,""t"":0.08,""seq"":2784,""ts"":1779197050323}"
"2026-05-19T13:24:10.348Z","1779197050348","remote_relay","speedl","2785","guest","operator","0.6438346768450305","0.20138769370020848","0.04580567626539306","2.922872550579237","-1.06425801865164","-0.07937831821665235","{""type"":""speedl"",""xd"":[0,-0.017304234274637727,0,0,0,0],""a"":1,""t"":0.08,""seq"":2785,""ts"":1779197050343}"
"2026-05-19T13:24:10.367Z","1779197050367","remote_relay","speedl","2786","guest","operator","0.6438346768450305","0.20138769370020848","0.04580567626539306","2.922872550579237","-1.06425801865164","-0.07937831821665235","{""type"":""speedl"",""xd"":[0,-0.017304234274637727,0,0,0,0],""a"":1,""t"":0.08,""seq"":2786,""ts"":1779197050363}"
"2026-05-19T13:24:10.389Z","1779197050389","remote_relay","speedl","2787","guest","operator","0.6438346768450305","0.20138769370020848","0.04580567626539306","2.922872550579237","-1.06425801865164","-0.07937831821665235","{""type"":""speedl"",""xd"":[0,-0.017304234274637727,0,0,0,0],""a"":1,""t"":0.08,""seq"":2787,""ts"":1779197050384}"
"2026-05-19T13:24:10.407Z","1779197050407","remote_relay","speedl","2788","guest","operator","0.6438346768450305","0.20138769370020848","0.04580567626539306","2.922872550579237","-1.06425801865164","-0.07937831821665235","{""type"":""speedl"",""xd"":[0,-0.017304234274637727,0,0,0,0],""a"":1,""t"":0.08,""seq"":2788,""ts"":1779197050403}"
"2026-05-19T13:24:10.427Z","1779197050427","remote_relay","speedl","2789","guest","operator","0.6438167084817746","0.19959918305108984","0.0457910428137403","2.9228438059284656","-1.0642003363484385","-0.07943835259998991","{""type"":""speedl"",""xd"":[0,-0.017304234274637727,0,0,0,0],""a"":1,""t"":0.08,""seq"":2789,""ts"":1779197050423}"
"2026-05-19T13:24:10.447Z","1779197050447","remote_relay","speedl","2790","guest","operator","0.6438237040375211","0.19798804746643014","0.045780172401896274","2.922844985743508","-1.0642422959737214","-0.07942264351190582","{""type"":""speedl"",""xd"":[0,-0.017304234274637727,0,0,0,0],""a"":1,""t"":0.08,""seq"":2790,""ts"":1779197050443}"
"2026-05-19T13:24:10.468Z","1779197050468","remote_relay","speedl","2791","guest","operator","0.6438237040375211","0.19798804746643014","0.045780172401896274","2.922844985743508","-1.0642422959737214","-0.07942264351190582","{""type"":""speedl"",""xd"":[0,-0.017304234274637727,0,0,0,0],""a"":1,""t"":0.08,""seq"":2791,""ts"":1779197050464}"
"2026-05-19T13:24:10.490Z","1779197050490","remote_relay","speedl","2792","guest","operator","0.6438237040375211","0.19798804746643014","0.045780172401896274","2.922844985743508","-1.0642422959737214","-0.07942264351190582","{""type"":""speedl"",""xd"":[0,-0.017304234274637727,0,0,0,0],""a"":1,""t"":0.08,""seq"":2792,""ts"":1779197050484}"
"2026-05-19T13:24:10.507Z","1779197050507","remote_relay","speedl","2793","guest","operator","0.6438237040375211","0.19798804746643014","0.045780172401896274","2.922844985743508","-1.0642422959737214","-0.07942264351190582","{""type"":""speedl"",""xd"":[0,-0.017304234274637727,0,0,0,0],""a"":1,""t"":0.08,""seq"":2793,""ts"":1779197050503}"
"2026-05-19T13:24:10.528Z","1779197050528","remote_relay","speedl","2794","guest","operator","0.6438237040375211","0.19798804746643014","0.045780172401896274","2.922844985743508","-1.0642422959737214","-0.07942264351190582","{""type"":""speedl"",""xd"":[0,-0.017304234274637727,0,0,0,0],""a"":1,""t"":0.08,""seq"":2794,""ts"":1779197050524}"
"2026-05-19T13:24:10.547Z","1779197050547","remote_relay","speedl","2795","guest","operator","0.6438237040375211","0.19798804746643014","0.045780172401896274","2.922844985743508","-1.0642422959737214","-0.07942264351190582","{""type"":""speedl"",""xd"":[0,-0.017304234274637727,0,0,0,0],""a"":1,""t"":0.08,""seq"":2795,""ts"":1779197050543}"
"2026-05-19T13:24:10.568Z","1779197050568","remote_relay","speedl","2796","guest","operator","0.6438237040375211","0.19798804746643014","0.045780172401896274","2.922844985743508","-1.0642422959737214","-0.07942264351190582","{""type"":""speedl"",""xd"":[0,-0.017304234274637727,0,0,0,0],""a"":1,""t"":0.08,""seq"":2796,""ts"":1779197050563}"
"2026-05-19T13:24:10.587Z","1779197050587","remote_relay","speedl","2797","guest","operator","0.6437775794073373","0.19631524207673243","0.0457659450561915","2.92287174966145","-1.0641909162419705","-0.07956421080840657","{""type"":""speedl"",""xd"":[0,-0.017304234274637727,0,0,0,0],""a"":1,""t"":0.08,""seq"":2797,""ts"":1779197050583}"
"2026-05-19T13:24:10.607Z","1779197050607","remote_relay","speedl","2798","guest","operator","0.6437775794073373","0.19631524207673243","0.0457659450561915","2.92287174966145","-1.0641909162419705","-0.07956421080840657","{""type"":""speedl"",""xd"":[0,-0.017304234274637727,0,0,0,0],""a"":1,""t"":0.08,""seq"":2798,""ts"":1779197050603}"
"2026-05-19T13:24:10.627Z","1779197050627","remote_relay","speedl","2799","guest","operator","0.6437775794073373","0.19631524207673243","0.0457659450561915","2.92287174966145","-1.0641909162419705","-0.07956421080840657","{""type"":""speedl"",""xd"":[0,-0.017304234274637727,0,0,0,0],""a"":1,""t"":0.08,""seq"":2799,""ts"":1779197050623}"
"2026-05-19T13:24:10.647Z","1779197050647","remote_relay","speedl","2800","guest","operator","0.6437775794073373","0.19631524207673243","0.0457659450561915","2.92287174966145","-1.0641909162419705","-0.07956421080840657","{""type"":""speedl"",""xd"":[0,-0.017304234274637727,0,0,0,0],""a"":1,""t"":0.08,""seq"":2800,""ts"":1779197050643}"
"2026-05-19T13:24:10.667Z","1779197050667","remote_relay","speedl","2801","guest","operator","0.6437775794073373","0.19631524207673243","0.0457659450561915","2.92287174966145","-1.0641909162419705","-0.07956421080840657","{""type"":""speedl"",""xd"":[0,-0.017304234274637727,0,0,0,0],""a"":1,""t"":0.08,""seq"":2801,""ts"":1779197050663}"
"2026-05-19T13:24:10.690Z","1779197050690","remote_relay","speedl","2802","guest","operator","0.6438182187177915","0.19436435929398357","0.04582792071218336","2.9229320127942846","-1.0641943062510604","-0.0793814493688537","{""type"":""speedl"",""xd"":[0,-0.017304234274637727,0,0,0,0],""a"":1,""t"":0.08,""seq"":2802,""ts"":1779197050683}"
"2026-05-19T13:24:10.709Z","1779197050709","remote_relay","speedl","2803","guest","operator","0.6438182187177915","0.19436435929398357","0.04582792071218336","2.9229320127942846","-1.0641943062510604","-0.0793814493688537","{""type"":""speedl"",""xd"":[0,-0.017304234274637727,0,0,0,0],""a"":1,""t"":0.08,""seq"":2803,""ts"":1779197050704}"
"2026-05-19T13:24:10.727Z","1779197050727","remote_relay","speedl","2804","guest","operator","0.6438182187177915","0.19436435929398357","0.04582792071218336","2.9229320127942846","-1.0641943062510604","-0.0793814493688537","{""type"":""speedl"",""xd"":[0,-0.017304234274637727,0,0,0,0],""a"":1,""t"":0.08,""seq"":2804,""ts"":1779197050723}"
"2026-05-19T13:24:10.747Z","1779197050747","remote_relay","speedl","2805","guest","operator","0.6438106405500537","0.19243839588767403","0.045768743375942056","2.922788187951836","-1.0642604656054553","-0.07947133770181898","{""type"":""speedl"",""xd"":[0,-0.017304234274637727,0,0,0,0],""a"":1,""t"":0.08,""seq"":2805,""ts"":1779197050743}"
"2026-05-19T13:24:10.768Z","1779197050768","remote_relay","speedl","2806","guest","operator","0.6438106405500537","0.19243839588767403","0.045768743375942056","2.922788187951836","-1.0642604656054553","-0.07947133770181898","{""type"":""speedl"",""xd"":[0,-0.017304234274637727,0,0,0,0],""a"":1,""t"":0.08,""seq"":2806,""ts"":1779197050764}"
"2026-05-19T13:24:10.790Z","1779197050790","remote_relay","speedl","2807","guest","operator","0.6438106405500537","0.19243839588767403","0.045768743375942056","2.922788187951836","-1.0642604656054553","-0.07947133770181898","{""type"":""speedl"",""xd"":[0,-0.017304234274637727,0,0,0,0],""a"":1,""t"":0.08,""seq"":2807,""ts"":1779197050784}"
"2026-05-19T13:24:10.807Z","1779197050807","remote_relay","speedl","2808","guest","operator","0.6438106405500537","0.19243839588767403","0.045768743375942056","2.922788187951836","-1.0642604656054553","-0.07947133770181898","{""type"":""speedl"",""xd"":[0,-0.017304234274637727,0,0,0,0],""a"":1,""t"":0.08,""seq"":2808,""ts"":1779197050803}"
"2026-05-19T13:24:10.827Z","1779197050827","remote_relay","speedl","2809","guest","operator","0.6438106405500537","0.19243839588767403","0.045768743375942056","2.922788187951836","-1.0642604656054553","-0.07947133770181898","{""type"":""speedl"",""xd"":[0,-0.017304234274637727,0,0,0,0],""a"":1,""t"":0.08,""seq"":2809,""ts"":1779197050823}"
"2026-05-19T13:24:10.847Z","1779197050847","remote_relay","speedl","2810","guest","operator","0.6438106405500537","0.19243839588767403","0.045768743375942056","2.922788187951836","-1.0642604656054553","-0.07947133770181898","{""type"":""speedl"",""xd"":[0,-0.017304234274637727,0,0,0,0],""a"":1,""t"":0.08,""seq"":2810,""ts"":1779197050843}"
"2026-05-19T13:24:10.867Z","1779197050867","remote_relay","speedl","2811","guest","operator","0.6437865244979796","0.1905995047957881","0.04573505942590814","2.9228120540177374","-1.0641394685138077","-0.07952560885083691","{""type"":""speedl"",""xd"":[0,-0.017304234274637727,0,0,0,0],""a"":1,""t"":0.08,""seq"":2811,""ts"":1779197050863}"
"2026-05-19T13:24:10.890Z","1779197050890","remote_relay","speedl","2812","guest","operator","0.6437865244979796","0.1905995047957881","0.04573505942590814","2.9228120540177374","-1.0641394685138077","-0.07952560885083691","{""type"":""speedl"",""xd"":[0,-0.017304234274637727,0,0,0,0],""a"":1,""t"":0.08,""seq"":2812,""ts"":1779197050883}"
"2026-05-19T13:24:10.909Z","1779197050909","remote_relay","speedl","2813","guest","operator","0.6437865244979796","0.1905995047957881","0.04573505942590814","2.9228120540177374","-1.0641394685138077","-0.07952560885083691","{""type"":""speedl"",""xd"":[0,-0.017304234274637727,0,0,0,0],""a"":1,""t"":0.08,""seq"":2813,""ts"":1779197050904}"
"2026-05-19T13:24:10.928Z","1779197050928","remote_relay","speedl","2814","guest","operator","0.6437865244979796","0.1905995047957881","0.04573505942590814","2.9228120540177374","-1.0641394685138077","-0.07952560885083691","{""type"":""speedl"",""xd"":[0,-0.017304234274637727,0,0,0,0],""a"":1,""t"":0.08,""seq"":2814,""ts"":1779197050924}"
"2026-05-19T13:24:10.948Z","1779197050948","remote_relay","speedl","2815","guest","operator","0.6437865244979796","0.1905995047957881","0.04573505942590814","2.9228120540177374","-1.0641394685138077","-0.07952560885083691","{""type"":""speedl"",""xd"":[0,-0.017304234274637727,0,0,0,0],""a"":1,""t"":0.08,""seq"":2815,""ts"":1779197050943}"
"2026-05-19T13:24:10.967Z","1779197050967","remote_relay","speedl","2816","guest","operator","0.6437865244979796","0.1905995047957881","0.04573505942590814","2.9228120540177374","-1.0641394685138077","-0.07952560885083691","{""type"":""speedl"",""xd"":[0,-0.017304234274637727,0,0,0,0],""a"":1,""t"":0.08,""seq"":2816,""ts"":1779197050963}"
"2026-05-19T13:24:10.987Z","1779197050987","remote_relay","speedl","2817","guest","operator","0.6438168562383567","0.18916419243910018","0.045791286621545135","2.9228352392063517","-1.064322265152793","-0.07940028117773172","{""type"":""speedl"",""xd"":[0,-0.017304234274637727,0,0,0,0],""a"":1,""t"":0.08,""seq"":2817,""ts"":1779197050983}"
"2026-05-19T13:24:11.007Z","1779197051007","remote_relay","speedl","2818","guest","operator","0.6438168562383567","0.18916419243910018","0.045791286621545135","2.9228352392063517","-1.064322265152793","-0.07940028117773172","{""type"":""speedl"",""xd"":[0,-0.017304234274637727,0,0,0,0],""a"":1,""t"":0.08,""seq"":2818,""ts"":1779197051003}"
"2026-05-19T13:24:11.028Z","1779197051028","remote_relay","speedl","2819","guest","operator","0.6438168562383567","0.18916419243910018","0.045791286621545135","2.9228352392063517","-1.064322265152793","-0.07940028117773172","{""type"":""speedl"",""xd"":[0,-0.017304234274637727,0,0,0,0],""a"":1,""t"":0.08,""seq"":2819,""ts"":1779197051024}"
"2026-05-19T13:24:11.047Z","1779197051047","remote_relay","speedl","2820","guest","operator","0.6438168562383567","0.18916419243910018","0.045791286621545135","2.9228352392063517","-1.064322265152793","-0.07940028117773172","{""type"":""speedl"",""xd"":[0,-0.017304234274637727,0,0,0,0],""a"":1,""t"":0.08,""seq"":2820,""ts"":1779197051043}"
"2026-05-19T13:24:11.068Z","1779197051068","remote_relay","speedl","2821","guest","operator","0.6438168562383567","0.18916419243910018","0.045791286621545135","2.9228352392063517","-1.064322265152793","-0.07940028117773172","{""type"":""speedl"",""xd"":[0,-0.017304234274637727,0,0,0,0],""a"":1,""t"":0.08,""seq"":2821,""ts"":1779197051063}"
"2026-05-19T13:24:11.087Z","1779197051087","remote_relay","speedl","2822","guest","operator","0.6438083403608601","0.1877178720515523","0.04577800136048632","2.9227941594986784","-1.0642880566632298","-0.07944991520115574","{""type"":""speedl"",""xd"":[0,-0.017304234274637727,0,0,0,0],""a"":1,""t"":0.08,""seq"":2822,""ts"":1779197051083}"
"2026-05-19T13:24:11.108Z","1779197051108","remote_relay","speedl","2823","guest","operator","0.6438083403608601","0.1877178720515523","0.04577800136048632","2.9227941594986784","-1.0642880566632298","-0.07944991520115574","{""type"":""speedl"",""xd"":[0,-0.017304234274637727,0,0,0,0],""a"":1,""t"":0.08,""seq"":2823,""ts"":1779197051103}"
"2026-05-19T13:24:11.129Z","1779197051129","remote_relay","speedl","2824","guest","operator","0.6438083403608601","0.1877178720515523","0.04577800136048632","2.9227941594986784","-1.0642880566632298","-0.07944991520115574","{""type"":""speedl"",""xd"":[0,-0.017304234274637727,0,0,0,0],""a"":1,""t"":0.08,""seq"":2824,""ts"":1779197051124}"
"2026-05-19T13:24:11.147Z","1779197051147","remote_relay","speedl","2825","guest","operator","0.6438083403608601","0.1877178720515523","0.04577800136048632","2.9227941594986784","-1.0642880566632298","-0.07944991520115574","{""type"":""speedl"",""xd"":[0,-0.017304234274637727,0,0,0,0],""a"":1,""t"":0.08,""seq"":2825,""ts"":1779197051143}"
"2026-05-19T13:24:11.167Z","1779197051167","remote_relay","speedl","2826","guest","operator","0.6437885359125377","0.18635379595875545","0.04577903092224528","2.922825749075081","-1.0642442916378516","-0.07948682541300432","{""type"":""speedl"",""xd"":[0,-0.017304234274637727,0,0,0,0],""a"":1,""t"":0.08,""seq"":2826,""ts"":1779197051163}"
"2026-05-19T13:24:11.187Z","1779197051187","remote_relay","speedl","2827","guest","operator","0.6437885359125377","0.18635379595875545","0.04577903092224528","2.922825749075081","-1.0642442916378516","-0.07948682541300432","{""type"":""speedl"",""xd"":[0,-0.017304234274637727,0,0,0,0],""a"":1,""t"":0.08,""seq"":2827,""ts"":1779197051183}"
"2026-05-19T13:24:11.207Z","1779197051207","remote_relay","speedl","2828","guest","operator","0.6437885359125377","0.18635379595875545","0.04577903092224528","2.922825749075081","-1.0642442916378516","-0.07948682541300432","{""type"":""speedl"",""xd"":[0,-0.017304234274637727,0,0,0,0],""a"":1,""t"":0.08,""seq"":2828,""ts"":1779197051203}"
"2026-05-19T13:24:11.229Z","1779197051229","remote_relay","speedl","2829","guest","operator","0.6437885359125377","0.18635379595875545","0.04577903092224528","2.922825749075081","-1.0642442916378516","-0.07948682541300432","{""type"":""speedl"",""xd"":[0,-0.017304234274637727,0,0,0,0],""a"":1,""t"":0.08,""seq"":2829,""ts"":1779197051224}"
"2026-05-19T13:24:11.248Z","1779197051248","remote_relay","speedl","2830","guest","operator","0.6437885359125377","0.18635379595875545","0.04577903092224528","2.922825749075081","-1.0642442916378516","-0.07948682541300432","{""type"":""speedl"",""xd"":[0,-0.017304234274637727,0,0,0,0],""a"":1,""t"":0.08,""seq"":2830,""ts"":1779197051244}"
"2026-05-19T13:24:11.267Z","1779197051267","remote_relay","speedl","2831","guest","operator","0.6438065281200964","0.18460864638239283","0.0457212191554939","2.922812956732884","-1.0642452498510155","-0.07953727884412072","{""type"":""speedl"",""xd"":[0,-0.017304234274637727,0,0,0,0],""a"":1,""t"":0.08,""seq"":2831,""ts"":1779197051263}"
"2026-05-19T13:24:11.287Z","1779197051287","remote_relay","speedl","2832","guest","operator","0.6438065281200964","0.18460864638239283","0.0457212191554939","2.922812956732884","-1.0642452498510155","-0.07953727884412072","{""type"":""speedl"",""xd"":[0,-0.017304234274637727,0,0,0,0],""a"":1,""t"":0.08,""seq"":2832,""ts"":1779197051283}"
"2026-05-19T13:24:11.308Z","1779197051308","remote_relay","speedl","2833","guest","operator","0.6438065281200964","0.18460864638239283","0.0457212191554939","2.922812956732884","-1.0642452498510155","-0.07953727884412072","{""type"":""speedl"",""xd"":[0,-0.017304234274637727,0,0,0,0],""a"":1,""t"":0.08,""seq"":2833,""ts"":1779197051304}"
"2026-05-19T13:24:11.328Z","1779197051328","remote_relay","speedl","2834","guest","operator","0.6438065281200964","0.18460864638239283","0.0457212191554939","2.922812956732884","-1.0642452498510155","-0.07953727884412072","{""type"":""speedl"",""xd"":[0,-0.017304234274637727,0,0,0,0],""a"":1,""t"":0.08,""seq"":2834,""ts"":1779197051324}"
"2026-05-19T13:24:11.348Z","1779197051348","remote_relay","speedl","2835","guest","operator","0.6438065281200964","0.18460864638239283","0.0457212191554939","2.922812956732884","-1.0642452498510155","-0.07953727884412072","{""type"":""speedl"",""xd"":[0,-0.017304234274637727,0,0,0,0],""a"":1,""t"":0.08,""seq"":2835,""ts"":1779197051344}"
"2026-05-19T13:24:11.367Z","1779197051367","remote_relay","speedl","2836","guest","operator","0.6437930974081364","0.18283989607854712","0.04575850675222101","2.9227412849800287","-1.0642986560440086","-0.07952524448381583","{""type"":""speedl"",""xd"":[0,-0.017304234274637727,0,0,0,0],""a"":1,""t"":0.08,""seq"":2836,""ts"":1779197051363}"
"2026-05-19T13:24:11.387Z","1779197051387","remote_relay","speedl","2837","guest","operator","0.6437930974081364","0.18283989607854712","0.04575850675222101","2.9227412849800287","-1.0642986560440086","-0.07952524448381583","{""type"":""speedl"",""xd"":[0,-0.017304234274637727,0,0,0,0],""a"":1,""t"":0.08,""seq"":2837,""ts"":1779197051383}"
"2026-05-19T13:24:11.408Z","1779197051408","remote_relay","speedl","2838","guest","operator","0.6437930974081364","0.18283989607854712","0.04575850675222101","2.9227412849800287","-1.0642986560440086","-0.07952524448381583","{""type"":""speedl"",""xd"":[0,-0.017304234274637727,0,0,0,0],""a"":1,""t"":0.08,""seq"":2838,""ts"":1779197051404}"
"2026-05-19T13:24:11.427Z","1779197051427","remote_relay","speedl","2839","guest","operator","0.6437930974081364","0.18283989607854712","0.04575850675222101","2.9227412849800287","-1.0642986560440086","-0.07952524448381583","{""type"":""speedl"",""xd"":[0,-0.017304234274637727,0,0,0,0],""a"":1,""t"":0.08,""seq"":2839,""ts"":1779197051423}"
"2026-05-19T13:24:11.448Z","1779197051448","remote_relay","speedl","2840","guest","operator","0.6437930974081364","0.18283989607854712","0.04575850675222101","2.9227412849800287","-1.0642986560440086","-0.07952524448381583","{""type"":""speedl"",""xd"":[0,-0.017304234274637727,0,0,0,0],""a"":1,""t"":0.08,""seq"":2840,""ts"":1779197051444}"
"2026-05-19T13:24:11.468Z","1779197051468","remote_relay","speedl","2841","guest","operator","0.6437930974081364","0.18283989607854712","0.04575850675222101","2.9227412849800287","-1.0642986560440086","-0.07952524448381583","{""type"":""speedl"",""xd"":[0,-0.017304234274637727,0,0,0,0],""a"":1,""t"":0.08,""seq"":2841,""ts"":1779197051463}"
"2026-05-19T13:24:11.488Z","1779197051488","remote_relay","speedl","2842","guest","operator","0.6438310279516403","0.1814931389349278","0.04578194447057776","2.9228177458621434","-1.064263759337389","-0.0794351703288363","{""type"":""speedl"",""xd"":[0,-0.017304234274637727,0,0,0,0],""a"":1,""t"":0.08,""seq"":2842,""ts"":1779197051483}"
"2026-05-19T13:24:11.508Z","1779197051508","remote_relay","speedl","2843","guest","operator","0.6438310279516403","0.1814931389349278","0.04578194447057776","2.9228177458621434","-1.064263759337389","-0.0794351703288363","{""type"":""speedl"",""xd"":[0,-0.017304234274637727,0,0,0,0],""a"":1,""t"":0.08,""seq"":2843,""ts"":1779197051503}"
"2026-05-19T13:24:11.529Z","1779197051529","remote_relay","speedl","2844","guest","operator","0.6438310279516403","0.1814931389349278","0.04578194447057776","2.9228177458621434","-1.064263759337389","-0.0794351703288363","{""type"":""speedl"",""xd"":[0,-0.017304234274637727,0,0,0,0],""a"":1,""t"":0.08,""seq"":2844,""ts"":1779197051524}"
"2026-05-19T13:24:11.548Z","1779197051548","remote_relay","speedl","2845","guest","operator","0.643834965966767","0.17984084475914366","0.04581649684237965","2.922853247663591","-1.064369349201287","-0.0794249843368168","{""type"":""speedl"",""xd"":[0,-0.017304234274637727,0,0,0,0],""a"":1,""t"":0.08,""seq"":2845,""ts"":1779197051543}"
"2026-05-19T13:24:11.567Z","1779197051567","remote_relay","speedl","2846","guest","operator","0.643834965966767","0.17984084475914366","0.04581649684237965","2.922853247663591","-1.064369349201287","-0.0794249843368168","{""type"":""speedl"",""xd"":[0,-0.017304234274637727,0,0,0,0],""a"":1,""t"":0.08,""seq"":2846,""ts"":1779197051563}"
"2026-05-19T13:24:11.587Z","1779197051587","remote_relay","speedl","2847","guest","operator","0.643834965966767","0.17984084475914366","0.04581649684237965","2.922853247663591","-1.064369349201287","-0.0794249843368168","{""type"":""speedl"",""xd"":[0,-0.017304234274637727,0,0,0,0],""a"":1,""t"":0.08,""seq"":2847,""ts"":1779197051583}"
"2026-05-19T13:24:11.609Z","1779197051609","remote_relay","speedl","2848","guest","operator","0.643834965966767","0.17984084475914366","0.04581649684237965","2.922853247663591","-1.064369349201287","-0.0794249843368168","{""type"":""speedl"",""xd"":[0,-0.017304234274637727,0,0,0,0],""a"":1,""t"":0.08,""seq"":2848,""ts"":1779197051604}"
"2026-05-19T13:24:11.629Z","1779197051629","remote_relay","speedl","2849","guest","operator","0.643834965966767","0.17984084475914366","0.04581649684237965","2.922853247663591","-1.064369349201287","-0.0794249843368168","{""type"":""speedl"",""xd"":[0,-0.017304234274637727,0,0,0,0],""a"":1,""t"":0.08,""seq"":2849,""ts"":1779197051624}"
"2026-05-19T13:24:11.648Z","1779197051648","remote_relay","speedl","2850","guest","operator","0.6438508552989989","0.17810254052830288","0.04580643189628636","2.9228845020582788","-1.0643049436660892","-0.07939274432930124","{""type"":""speedl"",""xd"":[0,-0.017304234274637727,0,0,0,0],""a"":1,""t"":0.08,""seq"":2850,""ts"":1779197051643}"
"2026-05-19T13:24:11.667Z","1779197051667","remote_relay","speedl","2851","guest","operator","0.6438508552989989","0.17810254052830288","0.04580643189628636","2.9228845020582788","-1.0643049436660892","-0.07939274432930124","{""type"":""speedl"",""xd"":[0,-0.017304234274637727,0,0,0,0],""a"":1,""t"":0.08,""seq"":2851,""ts"":1779197051663}"
"2026-05-19T13:24:11.687Z","1779197051687","remote_relay","speedl","2852","guest","operator","0.6438508552989989","0.17810254052830288","0.04580643189628636","2.9228845020582788","-1.0643049436660892","-0.07939274432930124","{""type"":""speedl"",""xd"":[0,-0.017304234274637727,0,0,0,0],""a"":1,""t"":0.08,""seq"":2852,""ts"":1779197051683}"
"2026-05-19T13:24:11.708Z","1779197051708","remote_relay","speedl","2853","guest","operator","0.6438508552989989","0.17810254052830288","0.04580643189628636","2.9228845020582788","-1.0643049436660892","-0.07939274432930124","{""type"":""speedl"",""xd"":[0,-0.017304234274637727,0,0,0,0],""a"":1,""t"":0.08,""seq"":2853,""ts"":1779197051703}"
"2026-05-19T13:24:11.727Z","1779197051727","remote_relay","speedl","2854","guest","operator","0.6438221439217614","0.17663327216100272","0.04578645301115186","2.9228299965798246","-1.0643290100886198","-0.07943200594982561","{""type"":""speedl"",""xd"":[0,-0.017304234274637727,0,0,0,0],""a"":1,""t"":0.08,""seq"":2854,""ts"":1779197051723}"
"2026-05-19T13:24:11.748Z","1779197051748","remote_relay","speedl","2855","guest","operator","0.6438221439217614","0.17663327216100272","0.04578645301115186","2.9228299965798246","-1.0643290100886198","-0.07943200594982561","{""type"":""speedl"",""xd"":[0,-0.017304234274637727,0,0,0,0],""a"":1,""t"":0.08,""seq"":2855,""ts"":1779197051743}"
"2026-05-19T13:24:11.769Z","1779197051769","remote_relay","speedl","2856","guest","operator","0.6438221439217614","0.17663327216100272","0.04578645301115186","2.9228299965798246","-1.0643290100886198","-0.07943200594982561","{""type"":""speedl"",""xd"":[0,-0.017304234274637727,0,0,0,0],""a"":1,""t"":0.08,""seq"":2856,""ts"":1779197051764}"
"2026-05-19T13:24:11.787Z","1779197051787","remote_relay","speedl","2857","guest","operator","0.6438221439217614","0.17663327216100272","0.04578645301115186","2.9228299965798246","-1.0643290100886198","-0.07943200594982561","{""type"":""speedl"",""xd"":[0,-0.017304234274637727,0,0,0,0],""a"":1,""t"":0.08,""seq"":2857,""ts"":1779197051783}"
"2026-05-19T13:24:11.809Z","1779197051809","remote_relay","speedl","2858","guest","operator","0.6438221439217614","0.17663327216100272","0.04578645301115186","2.9228299965798246","-1.0643290100886198","-0.07943200594982561","{""type"":""speedl"",""xd"":[0,-0.017304234274637727,0,0,0,0],""a"":1,""t"":0.08,""seq"":2858,""ts"":1779197051803}"
"2026-05-19T13:24:11.830Z","1779197051830","remote_relay","speedl","2859","guest","operator","0.643818338854177","0.1748922154035696","0.04581248715061256","2.9229349704815566","-1.0641924431949028","-0.07942700664163249","{""type"":""speedl"",""xd"":[0,-0.017304234274637727,0,0,0,0],""a"":1,""t"":0.08,""seq"":2859,""ts"":1779197051825}"
"2026-05-19T13:24:11.848Z","1779197051848","remote_relay","speedl","2860","guest","operator","0.643818338854177","0.1748922154035696","0.04581248715061256","2.9229349704815566","-1.0641924431949028","-0.07942700664163249","{""type"":""speedl"",""xd"":[0,-0.017304234274637727,0,0,0,0],""a"":1,""t"":0.08,""seq"":2860,""ts"":1779197051844}"
"2026-05-19T13:24:11.868Z","1779197051868","remote_relay","speedl","2861","guest","operator","0.643818338854177","0.1748922154035696","0.04581248715061256","2.9229349704815566","-1.0641924431949028","-0.07942700664163249","{""type"":""speedl"",""xd"":[0,-0.017304234274637727,0,0,0,0],""a"":1,""t"":0.08,""seq"":2861,""ts"":1779197051864}"
"2026-05-19T13:24:11.888Z","1779197051888","remote_relay","speedl","2862","guest","operator","0.643818338854177","0.1748922154035696","0.04581248715061256","2.9229349704815566","-1.0641924431949028","-0.07942700664163249","{""type"":""speedl"",""xd"":[0,-0.017304234274637727,0,0,0,0],""a"":1,""t"":0.08,""seq"":2862,""ts"":1779197051884}"
"2026-05-19T13:24:11.908Z","1779197051908","remote_relay","speedl","2863","guest","operator","0.643818338854177","0.1748922154035696","0.04581248715061256","2.9229349704815566","-1.0641924431949028","-0.07942700664163249","{""type"":""speedl"",""xd"":[0,-0.017304234274637727,0,0,0,0],""a"":1,""t"":0.08,""seq"":2863,""ts"":1779197051903}"
"2026-05-19T13:24:11.930Z","1779197051930","remote_relay","speedl","2864","guest","operator","0.6438296435841511","0.1734250980827437","0.04580820634189969","2.9228857801419994","-1.0641460627682535","-0.07937486757089084","{""type"":""speedl"",""xd"":[0,-0.017304234274637727,0,0,0,0],""a"":1,""t"":0.08,""seq"":2864,""ts"":1779197051925}"
"2026-05-19T13:24:11.947Z","1779197051947","remote_relay","speedl","2865","guest","operator","0.6438296435841511","0.1734250980827437","0.04580820634189969","2.9228857801419994","-1.0641460627682535","-0.07937486757089084","{""type"":""speedl"",""xd"":[0,-0.017304234274637727,0,0,0,0],""a"":1,""t"":0.08,""seq"":2865,""ts"":1779197051943}"
"2026-05-19T13:24:11.967Z","1779197051967","remote_relay","speedl","2866","guest","operator","0.6438296435841511","0.1734250980827437","0.04580820634189969","2.9228857801419994","-1.0641460627682535","-0.07937486757089084","{""type"":""speedl"",""xd"":[0,-0.017304234274637727,0,0,0,0],""a"":1,""t"":0.08,""seq"":2866,""ts"":1779197051963}"
"2026-05-19T13:24:11.988Z","1779197051988","remote_relay","speedl","2867","guest","operator","0.6438296435841511","0.1734250980827437","0.04580820634189969","2.9228857801419994","-1.0641460627682535","-0.07937486757089084","{""type"":""speedl"",""xd"":[0,-0.017304234274637727,0,0,0,0],""a"":1,""t"":0.08,""seq"":2867,""ts"":1779197051983}"
"2026-05-19T13:24:12.009Z","1779197052009","remote_relay","speedl","2868","guest","operator","0.6438147038338066","0.1717814861238283","0.04578353965485238","2.922875846812126","-1.0642111748516472","-0.0794536721054771","{""type"":""speedl"",""xd"":[0,-0.017304234274637727,0,0,0,0],""a"":1,""t"":0.08,""seq"":2868,""ts"":1779197052004}"
"2026-05-19T13:24:12.030Z","1779197052030","remote_relay","speedl","2869","guest","operator","0.6438147038338066","0.1717814861238283","0.04578353965485238","2.922875846812126","-1.0642111748516472","-0.0794536721054771","{""type"":""speedl"",""xd"":[0,-0.017304234274637727,0,0,0,0],""a"":1,""t"":0.08,""seq"":2869,""ts"":1779197052025}"
"2026-05-19T13:24:12.048Z","1779197052048","remote_relay","speedl","2870","guest","operator","0.6438147038338066","0.1717814861238283","0.04578353965485238","2.922875846812126","-1.0642111748516472","-0.0794536721054771","{""type"":""speedl"",""xd"":[0,-0.017304234274637727,0,0,0,0],""a"":1,""t"":0.08,""seq"":2870,""ts"":1779197052044}"
"2026-05-19T13:24:12.067Z","1779197052067","remote_relay","speedl","2871","guest","operator","0.6438147038338066","0.1717814861238283","0.04578353965485238","2.922875846812126","-1.0642111748516472","-0.0794536721054771","{""type"":""speedl"",""xd"":[0,-0.017304234274637727,0,0,0,0],""a"":1,""t"":0.08,""seq"":2871,""ts"":1779197052063}"
"2026-05-19T13:24:12.087Z","1779197052087","remote_relay","speedl","2872","guest","operator","0.6438147038338066","0.1717814861238283","0.04578353965485238","2.922875846812126","-1.0642111748516472","-0.0794536721054771","{""type"":""speedl"",""xd"":[0,-0.017304234274637727,0,0,0,0],""a"":1,""t"":0.08,""seq"":2872,""ts"":1779197052083}"
"2026-05-19T13:24:12.108Z","1779197052108","remote_relay","speedl","2873","guest","operator","0.6438246769120106","0.17012585183133938","0.045813137505837764","2.9229115350394617","-1.0642230045447763","-0.07937174871771117","{""type"":""speedl"",""xd"":[0,-0.017304234274637727,0,0,0,0],""a"":1,""t"":0.08,""seq"":2873,""ts"":1779197052103}"
"2026-05-19T13:24:12.130Z","1779197052130","remote_relay","speedl","2874","guest","operator","0.6438246769120106","0.17012585183133938","0.045813137505837764","2.9229115350394617","-1.0642230045447763","-0.07937174871771117","{""type"":""speedl"",""xd"":[0,-0.017304234274637727,0,0,0,0],""a"":1,""t"":0.08,""seq"":2874,""ts"":1779197052125}"
"2026-05-19T13:24:12.148Z","1779197052148","remote_relay","speedl","2875","guest","operator","0.6438246769120106","0.17012585183133938","0.045813137505837764","2.9229115350394617","-1.0642230045447763","-0.07937174871771117","{""type"":""speedl"",""xd"":[0,-0.017304234274637727,0,0,0,0],""a"":1,""t"":0.08,""seq"":2875,""ts"":1779197052143}"
"2026-05-19T13:24:12.169Z","1779197052169","remote_relay","speedl","2876","guest","operator","0.6438246769120106","0.17012585183133938","0.045813137505837764","2.9229115350394617","-1.0642230045447763","-0.07937174871771117","{""type"":""speedl"",""xd"":[0,-0.017304234274637727,0,0,0,0],""a"":1,""t"":0.08,""seq"":2876,""ts"":1779197052164}"
"2026-05-19T13:24:12.187Z","1779197052187","remote_relay","speedl","2877","guest","operator","0.6438246769120106","0.17012585183133938","0.045813137505837764","2.9229115350394617","-1.0642230045447763","-0.07937174871771117","{""type"":""speedl"",""xd"":[0,-0.017304234274637727,0,0,0,0],""a"":1,""t"":0.08,""seq"":2877,""ts"":1779197052183}"
"2026-05-19T13:24:12.209Z","1779197052209","remote_relay","speedl","2878","guest","operator","0.6438324236488939","0.16837680317700598","0.04581863559468624","2.9228482059826844","-1.0643348667896904","-0.07941282485933386","{""type"":""speedl"",""xd"":[0,-0.017304234274637727,0,0,0,0],""a"":1,""t"":0.08,""seq"":2878,""ts"":1779197052203}"
"2026-05-19T13:24:12.229Z","1779197052229","remote_relay","speedl","2879","guest","operator","0.6438324236488939","0.16837680317700598","0.04581863559468624","2.9228482059826844","-1.0643348667896904","-0.07941282485933386","{""type"":""speedl"",""xd"":[0,-0.017304234274637727,0,0,0,0],""a"":1,""t"":0.08,""seq"":2879,""ts"":1779197052225}"
"2026-05-19T13:24:12.247Z","1779197052247","remote_relay","speedl","2880","guest","operator","0.6438324236488939","0.16837680317700598","0.04581863559468624","2.9228482059826844","-1.0643348667896904","-0.07941282485933386","{""type"":""speedl"",""xd"":[0,-0.017304234274637727,0,0,0,0],""a"":1,""t"":0.08,""seq"":2880,""ts"":1779197052243}"
"2026-05-19T13:24:12.267Z","1779197052267","remote_relay","speedl","2881","guest","operator","0.6438324236488939","0.16837680317700598","0.04581863559468624","2.9228482059826844","-1.0643348667896904","-0.07941282485933386","{""type"":""speedl"",""xd"":[0,-0.017304234274637727,0,0,0,0],""a"":1,""t"":0.08,""seq"":2881,""ts"":1779197052263}"
"2026-05-19T13:24:12.288Z","1779197052288","remote_relay","speedl","2882","guest","operator","0.6438289600146037","0.1668169898902038","0.04576725108466009","2.922814249399023","-1.0642655966671641","-0.07940795748284724","{""type"":""speedl"",""xd"":[0,-0.017304234274637727,0,0,0,0],""a"":1,""t"":0.08,""seq"":2882,""ts"":1779197052283}"
"2026-05-19T13:24:12.309Z","1779197052309","remote_relay","speedl","2883","guest","operator","0.6438289600146037","0.1668169898902038","0.04576725108466009","2.922814249399023","-1.0642655966671641","-0.07940795748284724","{""type"":""speedl"",""xd"":[0,-0.017304234274637727,0,0,0,0],""a"":1,""t"":0.08,""seq"":2883,""ts"":1779197052303}"
"2026-05-19T13:24:12.330Z","1779197052330","remote_relay","speedl","2884","guest","operator","0.6438289600146037","0.1668169898902038","0.04576725108466009","2.922814249399023","-1.0642655966671641","-0.07940795748284724","{""type"":""speedl"",""xd"":[0,-0.017304234274637727,0,0,0,0],""a"":1,""t"":0.08,""seq"":2884,""ts"":1779197052325}"
"2026-05-19T13:24:12.347Z","1779197052347","remote_relay","speedl","2885","guest","operator","0.6438289600146037","0.1668169898902038","0.04576725108466009","2.922814249399023","-1.0642655966671641","-0.07940795748284724","{""type"":""speedl"",""xd"":[0,-0.017304234274637727,0,0,0,0],""a"":1,""t"":0.08,""seq"":2885,""ts"":1779197052343}"
"2026-05-19T13:24:12.368Z","1779197052368","remote_relay","speedl","2886","guest","operator","0.6438289600146037","0.1668169898902038","0.04576725108466009","2.922814249399023","-1.0642655966671641","-0.07940795748284724","{""type"":""speedl"",""xd"":[0,-0.017304234274637727,0,0,0,0],""a"":1,""t"":0.08,""seq"":2886,""ts"":1779197052363}"
"2026-05-19T13:24:12.387Z","1779197052387","remote_relay","speedl","2887","guest","operator","0.6438335921454226","0.16525179859096395","0.04581629195160011","2.92290851225532","-1.0642588612064663","-0.07934629419993063","{""type"":""speedl"",""xd"":[0,-0.017304234274637727,0,0,0,0],""a"":1,""t"":0.08,""seq"":2887,""ts"":1779197052383}"
"2026-05-19T13:24:12.409Z","1779197052409","remote_relay","speedl","2888","guest","operator","0.6438335921454226","0.16525179859096395","0.04581629195160011","2.92290851225532","-1.0642588612064663","-0.07934629419993063","{""type"":""speedl"",""xd"":[0,-0.017304234274637727,0,0,0,0],""a"":1,""t"":0.08,""seq"":2888,""ts"":1779197052404}"
"2026-05-19T13:24:12.428Z","1779197052428","remote_relay","speedl","2889","guest","operator","0.6438335921454226","0.16525179859096395","0.04581629195160011","2.92290851225532","-1.0642588612064663","-0.07934629419993063","{""type"":""speedl"",""xd"":[0,-0.017304234274637727,0,0,0,0],""a"":1,""t"":0.08,""seq"":2889,""ts"":1779197052423}"
"2026-05-19T13:24:12.447Z","1779197052447","remote_relay","speedl","2890","guest","operator","0.6438335921454226","0.16525179859096395","0.04581629195160011","2.92290851225532","-1.0642588612064663","-0.07934629419993063","{""type"":""speedl"",""xd"":[0,-0.017304234274637727,0,0,0,0],""a"":1,""t"":0.08,""seq"":2890,""ts"":1779197052443}"
"2026-05-19T13:24:12.467Z","1779197052467","remote_relay","speedl","2891","guest","operator","0.6438335921454226","0.16525179859096395","0.04581629195160011","2.92290851225532","-1.0642588612064663","-0.07934629419993063","{""type"":""speedl"",""xd"":[0,-0.017304234274637727,0,0,0,0],""a"":1,""t"":0.08,""seq"":2891,""ts"":1779197052463}"
"2026-05-19T13:24:12.488Z","1779197052488","remote_relay","speedl","2892","guest","operator","0.6438148395780701","0.1634771952907763","0.045800757185471885","2.922886263064863","-1.0643500800750598","-0.07945024730403426","{""type"":""speedl"",""xd"":[0,-0.017304234274637727,0,0,0,0],""a"":1,""t"":0.08,""seq"":2892,""ts"":1779197052483}"
"2026-05-19T13:24:12.508Z","1779197052508","remote_relay","speedl","2893","guest","operator","0.6438148395780701","0.1634771952907763","0.045800757185471885","2.922886263064863","-1.0643500800750598","-0.07945024730403426","{""type"":""speedl"",""xd"":[0,-0.017304234274637727,0,0,0,0],""a"":1,""t"":0.08,""seq"":2893,""ts"":1779197052503}"
"2026-05-19T13:24:12.528Z","1779197052528","remote_relay","speedl","2894","guest","operator","0.6438148395780701","0.1634771952907763","0.045800757185471885","2.922886263064863","-1.0643500800750598","-0.07945024730403426","{""type"":""speedl"",""xd"":[0,-0.017304234274637727,0,0,0,0],""a"":1,""t"":0.08,""seq"":2894,""ts"":1779197052523}"
"2026-05-19T13:24:12.547Z","1779197052547","remote_relay","speedl","2895","guest","operator","0.6438148395780701","0.1634771952907763","0.045800757185471885","2.922886263064863","-1.0643500800750598","-0.07945024730403426","{""type"":""speedl"",""xd"":[0,-0.017304234274637727,0,0,0,0],""a"":1,""t"":0.08,""seq"":2895,""ts"":1779197052543}"
"2026-05-19T13:24:12.568Z","1779197052568","remote_relay","speedl","2896","guest","operator","0.6438148395780701","0.1634771952907763","0.045800757185471885","2.922886263064863","-1.0643500800750598","-0.07945024730403426","{""type"":""speedl"",""xd"":[0,-0.017304234274637727,0,0,0,0],""a"":1,""t"":0.08,""seq"":2896,""ts"":1779197052563}"
"2026-05-19T13:24:12.588Z","1779197052588","remote_relay","speedl","2897","guest","operator","0.6438295152646663","0.16178049925282645","0.04580902788377328","2.922831769597495","-1.0643967177895395","-0.0793443208486526","{""type"":""speedl"",""xd"":[0,-0.017304234274637727,0,0,0,0],""a"":1,""t"":0.08,""seq"":2897,""ts"":1779197052583}"
"2026-05-19T13:24:12.609Z","1779197052609","remote_relay","speedl","2898","guest","operator","0.6438295152646663","0.16178049925282645","0.04580902788377328","2.922831769597495","-1.0643967177895395","-0.0793443208486526","{""type"":""speedl"",""xd"":[0,-0.017304234274637727,0,0,0,0],""a"":1,""t"":0.08,""seq"":2898,""ts"":1779197052603}"
"2026-05-19T13:24:12.630Z","1779197052630","remote_relay","speedl","2899","guest","operator","0.6438295152646663","0.16178049925282645","0.04580902788377328","2.922831769597495","-1.0643967177895395","-0.0793443208486526","{""type"":""speedl"",""xd"":[0,-0.017304234274637727,0,0,0,0],""a"":1,""t"":0.08,""seq"":2899,""ts"":1779197052625}"
"2026-05-19T13:24:12.647Z","1779197052647","remote_relay","speedl","2900","guest","operator","0.6438295152646663","0.16178049925282645","0.04580902788377328","2.922831769597495","-1.0643967177895395","-0.0793443208486526","{""type"":""speedl"",""xd"":[0,-0.017304234274637727,0,0,0,0],""a"":1,""t"":0.08,""seq"":2900,""ts"":1779197052643}"
"2026-05-19T13:24:12.668Z","1779197052668","remote_relay","speedl","2901","guest","operator","0.6437962704137725","0.16030601876538503","0.04574501020261029","2.9227508539616727","-1.064307366858395","-0.07949826469180651","{""type"":""speedl"",""xd"":[0,-0.017304234274637727,0,0,0,0],""a"":1,""t"":0.08,""seq"":2901,""ts"":1779197052664}"
"2026-05-19T13:24:12.689Z","1779197052689","remote_relay","speedl","2902","guest","operator","0.6437962704137725","0.16030601876538503","0.04574501020261029","2.9227508539616727","-1.064307366858395","-0.07949826469180651","{""type"":""speedl"",""xd"":[0,-0.017304234274637727,0,0,0,0],""a"":1,""t"":0.08,""seq"":2902,""ts"":1779197052683}"
"2026-05-19T13:24:12.709Z","1779197052709","remote_relay","speedl","2903","guest","operator","0.6437962704137725","0.16030601876538503","0.04574501020261029","2.9227508539616727","-1.064307366858395","-0.07949826469180651","{""type"":""speedl"",""xd"":[0,-0.017304234274637727,0,0,0,0],""a"":1,""t"":0.08,""seq"":2903,""ts"":1779197052704}"
"2026-05-19T13:24:12.730Z","1779197052730","remote_relay","speedl","2904","guest","operator","0.6437962704137725","0.16030601876538503","0.04574501020261029","2.9227508539616727","-1.064307366858395","-0.07949826469180651","{""type"":""speedl"",""xd"":[0,-0.017304234274637727,0,0,0,0],""a"":1,""t"":0.08,""seq"":2904,""ts"":1779197052725}"
"2026-05-19T13:24:12.747Z","1779197052747","remote_relay","speedl","2905","guest","operator","0.6437962704137725","0.16030601876538503","0.04574501020261029","2.9227508539616727","-1.064307366858395","-0.07949826469180651","{""type"":""speedl"",""xd"":[0,-0.017304234274637727,0,0,0,0],""a"":1,""t"":0.08,""seq"":2905,""ts"":1779197052743}"
"2026-05-19T13:24:12.767Z","1779197052767","remote_relay","speedl","2906","guest","operator","0.6437998616485688","0.1586264109299391","0.04579315901360176","2.9227776003187413","-1.0644027984677307","-0.07948981481648766","{""type"":""speedl"",""xd"":[0,-0.017304234274637727,0,0,0,0],""a"":1,""t"":0.08,""seq"":2906,""ts"":1779197052763}"
"2026-05-19T13:24:12.787Z","1779197052787","remote_relay","speedl","2907","guest","operator","0.6437998616485688","0.1586264109299391","0.04579315901360176","2.9227776003187413","-1.0644027984677307","-0.07948981481648766","{""type"":""speedl"",""xd"":[0,-0.017304234274637727,0,0,0,0],""a"":1,""t"":0.08,""seq"":2907,""ts"":1779197052783}"
"2026-05-19T13:24:12.809Z","1779197052809","remote_relay","speedl","2908","guest","operator","0.6437998616485688","0.1586264109299391","0.04579315901360176","2.9227776003187413","-1.0644027984677307","-0.07948981481648766","{""type"":""speedl"",""xd"":[0,-0.017304234274637727,0,0,0,0],""a"":1,""t"":0.08,""seq"":2908,""ts"":1779197052803}"
"2026-05-19T13:24:12.830Z","1779197052830","remote_relay","speedl","2909","guest","operator","0.6437998616485688","0.1586264109299391","0.04579315901360176","2.9227776003187413","-1.0644027984677307","-0.07948981481648766","{""type"":""speedl"",""xd"":[0,-0.017304234274637727,0,0,0,0],""a"":1,""t"":0.08,""seq"":2909,""ts"":1779197052825}"
"2026-05-19T13:24:12.847Z","1779197052847","remote_relay","speedl","2910","guest","operator","0.6437998616485688","0.1586264109299391","0.04579315901360176","2.9227776003187413","-1.0644027984677307","-0.07948981481648766","{""type"":""speedl"",""xd"":[0,-0.017304234274637727,0,0,0,0],""a"":1,""t"":0.08,""seq"":2910,""ts"":1779197052843}"
"2026-05-19T13:24:12.867Z","1779197052867","remote_relay","speedl","2911","guest","operator","0.6438047269227447","0.15688799482845786","0.04577627642616233","2.922872886454298","-1.0642990651495579","-0.07950268317416931","{""type"":""speedl"",""xd"":[0,-0.017304234274637727,0,0,0,0],""a"":1,""t"":0.08,""seq"":2911,""ts"":1779197052863}"
"2026-05-19T13:24:12.888Z","1779197052888","remote_relay","speedl","2912","guest","operator","0.6438047269227447","0.15688799482845786","0.04577627642616233","2.922872886454298","-1.0642990651495579","-0.07950268317416931","{""type"":""speedl"",""xd"":[0,-0.017304234274637727,0,0,0,0],""a"":1,""t"":0.08,""seq"":2912,""ts"":1779197052883}"
"2026-05-19T13:24:12.909Z","1779197052909","remote_relay","speedl","2913","guest","operator","0.6438047269227447","0.15688799482845786","0.04577627642616233","2.922872886454298","-1.0642990651495579","-0.07950268317416931","{""type"":""speedl"",""xd"":[0,-0.017304234274637727,0,0,0,0],""a"":1,""t"":0.08,""seq"":2913,""ts"":1779197052904}"
"2026-05-19T13:24:12.931Z","1779197052931","remote_relay","speedl","2914","guest","operator","0.6438047269227447","0.15688799482845786","0.04577627642616233","2.922872886454298","-1.0642990651495579","-0.07950268317416931","{""type"":""speedl"",""xd"":[0,-0.017304234274637727,0,0,0,0],""a"":1,""t"":0.08,""seq"":2914,""ts"":1779197052926}"
"2026-05-19T13:24:12.948Z","1779197052948","remote_relay","speedl","2915","guest","operator","0.6438047269227447","0.15688799482845786","0.04577627642616233","2.922872886454298","-1.0642990651495579","-0.07950268317416931","{""type"":""speedl"",""xd"":[0,-0.017304234274637727,0,0,0,0],""a"":1,""t"":0.08,""seq"":2915,""ts"":1779197052943}"
"2026-05-19T13:24:12.967Z","1779197052967","remote_relay","speedl","2916","guest","operator","0.6438110687675033","0.15517352078941032","0.045788744896011035","2.9228415901264113","-1.064301697779492","-0.07939861822421297","{""type"":""speedl"",""xd"":[0,-0.017304234274637727,0,0,0,0],""a"":1,""t"":0.08,""seq"":2916,""ts"":1779197052963}"
"2026-05-19T13:24:12.987Z","1779197052987","remote_relay","speedl","2917","guest","operator","0.6438110687675033","0.15517352078941032","0.045788744896011035","2.9228415901264113","-1.064301697779492","-0.07939861822421297","{""type"":""speedl"",""xd"":[0,-0.017304234274637727,0,0,0,0],""a"":1,""t"":0.08,""seq"":2917,""ts"":1779197052983}"
"2026-05-19T13:24:13.024Z","1779197053024","remote_relay","speedl","2918","guest","operator","0.6438110687675033","0.15517352078941032","0.045788744896011035","2.9228415901264113","-1.064301697779492","-0.07939861822421297","{""type"":""speedl"",""xd"":[0,-0.017304234274637727,0,0,0,0],""a"":1,""t"":0.08,""seq"":2918,""ts"":1779197053003}"
"2026-05-19T13:24:13.024Z","1779197053024","remote_relay","speedl_stop","2919","guest","operator","0.6438110687675033","0.15517352078941032","0.045788744896011035","2.9228415901264113","-1.064301697779492","-0.07939861822421297","{""type"":""speedl_stop"",""seq"":2919,""ts"":1779197053010}"
"2026-05-19T13:24:13.024Z","1779197053024","remote_relay","speedl_stop","2920","guest","operator","0.6438110687675033","0.15517352078941032","0.045788744896011035","2.9228415901264113","-1.064301697779492","-0.07939861822421297","{""type"":""speedl_stop"",""seq"":2920,""ts"":1779197053010}"
"2026-05-19T13:24:13.041Z","1779197053041","remote_relay","speedl_stop","2922","guest","operator","0.6438110687675033","0.15517352078941032","0.045788744896011035","2.9228415901264113","-1.064301697779492","-0.07939861822421297","{""type"":""speedl_stop"",""seq"":2922,""ts"":1779197053029}"
"2026-05-19T13:24:13.041Z","1779197053041","remote_relay","speedl_stop","2921","guest","operator","0.6438110687675033","0.15517352078941032","0.045788744896011035","2.9228415901264113","-1.064301697779492","-0.07939861822421297","{""type"":""speedl_stop"",""seq"":2921,""ts"":1779197053024}"
"2026-05-19T13:24:22.452Z","1779197062452","verify_center_script","run_script","2923","guest","operator","0.6438369528604057","0.15318779620701542","0.04581090188996806","2.9229077113436652","-1.064307894746308","-0.07938835087269461","{""type"":""run_script"",""script_size"":108,""script_first_line"":""def verify_center():"",""script"":""[redacted: exported as size + first line only]"",""seq"":2923,""ts"":1779197062441}"