ts,t_ms,x,y,z,rx,ry,rz,role,authority
"2026-05-19T13:21:24.531Z","1779196884531","0.5552839253821023","0.21121662713628875","0.045806786523004156","2.9228826278866316","-1.0643426719895097","-0.07942867671204558","guest","operator"
"2026-05-19T13:21:24.764Z","1779196884764","0.5552705798506331","0.21119038711352037","0.04579990928464869","2.92285103264366","-1.0642724078414154","-0.07937959931725917","guest","operator"
"2026-05-19T13:21:25.095Z","1779196885095","0.5552696622636965","0.21116673360185206","0.0457738466754557","2.9227619087181496","-1.0643167055922271","-0.07944165760445825","guest","operator"
"2026-05-19T13:21:25.398Z","1779196885398","0.5552733215642686","0.21120184893058244","0.045804995904881685","2.9228623663666697","-1.0643538267844188","-0.07939813923571815","guest","operator"
"2026-05-19T13:21:25.608Z","1779196885608","0.5552655242476746","0.21122266942056347","0.04579190708721975","2.922878267529457","-1.0643256795675924","-0.07949207068005736","guest","operator"
"2026-05-19T13:21:25.912Z","1779196885912","0.5552862937094458","0.21121411713223684","0.04582588204470506","2.9229228617803957","-1.0643085739189497","-0.0793770453869716","guest","operator"
"2026-05-19T13:21:26.168Z","1779196886168","0.5552734278369292","0.2111980317589284","0.045799702761460975","2.922851214877886","-1.0642474943184475","-0.07939694981540525","guest","operator"
"2026-05-19T13:21:26.534Z","1779196886534","0.5552680392781593","0.21119214781851486","0.04577234703977873","2.922832075935175","-1.0643500483831057","-0.07949467908235702","guest","operator"
"2026-05-19T13:21:26.749Z","1779196886749","0.5552659546797222","0.21121553490589048","0.045825390907646896","2.9229030779924985","-1.0643130884638796","-0.07941000986019502","guest","operator"
"2026-05-19T13:21:27.032Z","1779196887032","0.5552558228481155","0.21121434380211135","0.04578131019643408","2.9228491270398087","-1.0642488661634733","-0.0795052987392163","guest","operator"
"2026-05-19T13:21:27.352Z","1779196887352","0.5552691256554199","0.21118547976479332","0.045798581213752715","2.922840549501136","-1.0643021405840976","-0.07944345227387146","guest","operator"
"2026-05-19T13:21:27.607Z","1779196887607","0.5552656374207451","0.21116575692759154","0.04576321438282674","2.9227774691421993","-1.0642945339678789","-0.07945748256710505","guest","operator"
"2026-05-19T13:21:27.884Z","1779196887884","0.5552747301106317","0.21119970106042096","0.04582151986146929","2.9228738253470854","-1.0642820635471408","-0.07939283558698641","guest","operator"
"2026-05-19T13:21:28.113Z","1779196888113","0.5552857153403913","0.21122579589410395","0.04582149957708778","2.922890310983591","-1.0643295898279541","-0.07938544825712894","guest","operator"
"2026-05-19T13:21:28.373Z","1779196888373","0.555262049374683","0.21119627042164524","0.04579916244463719","2.9228813612478057","-1.0643146260557006","-0.07948861489084841","guest","operator"
"2026-05-19T13:21:28.673Z","1779196888673","0.5552940790504494","0.2111681190637389","0.04578041818839848","2.9227888612354618","-1.0643301077353484","-0.0793383479600027","guest","operator"
"2026-05-19T13:21:29.005Z","1779196889005","0.5553034245303952","0.21124045384424187","0.045825330295497374","2.9229481569060525","-1.0643624160158638","-0.07936213220607154","guest","operator"
"2026-05-19T13:21:29.236Z","1779196889236","0.5552814179820298","0.21119195617348174","0.04581275929413017","2.9229013297333073","-1.0642979942930435","-0.07939222855650034","guest","operator"
"2026-05-19T13:21:29.493Z","1779196889493","0.5552843063480865","0.21119877534381687","0.045791649613748264","2.9228669225081405","-1.0642782581478123","-0.0793945700085202","guest","operator"
"2026-05-19T13:21:29.754Z","1779196889754","0.5552926232616183","0.2112260019132056","0.045821845387023885","2.9229303206966795","-1.0642879732473742","-0.07935393320047877","guest","operator"
"2026-05-19T13:21:30.027Z","1779196890027","0.5552875270843359","0.21121034207817765","0.04583939017511174","2.922886048288068","-1.0643974541880583","-0.07940219672681217","guest","operator"
"2026-05-19T13:21:30.276Z","1779196890276","0.5552836911260137","0.21117998151979192","0.04578634592021408","2.9228074486426174","-1.064353058807997","-0.07940434330308763","guest","operator"
"2026-05-19T13:21:30.507Z","1779196890507","0.5552788070184573","0.21121072796159474","0.04578455754351979","2.9228343946330044","-1.064308094087183","-0.07938761841034285","guest","operator"
"2026-05-19T13:21:30.765Z","1779196890765","0.5552809399634709","0.211213657495271","0.04582760170154676","2.922907023721408","-1.0643008862776324","-0.07939606282516443","guest","operator"
"2026-05-19T13:21:31.024Z","1779196891024","0.555262243322794","0.21120426136085726","0.04580343420980604","2.922851631503118","-1.0643714866374685","-0.07947250615259455","guest","operator"
"2026-05-19T13:21:31.268Z","1779196891268","0.5552973813325768","0.2111924806238138","0.0457910891394058","2.9228261166152802","-1.0643502228401602","-0.07940059640493312","guest","operator"
"2026-05-19T13:21:31.531Z","1779196891531","0.5552501936477616","0.21120682310124841","0.045758513859822686","2.9228279141795603","-1.06417632556976","-0.07944864912743207","guest","operator"
"2026-05-19T13:21:31.734Z","1779196891734","0.5552795523609333","0.21123691566927968","0.04580376323690502","2.9229427345635504","-1.0643509563704874","-0.07946376329401615","guest","operator"
"2026-05-19T13:21:32.021Z","1779196892021","0.5552738524799679","0.2111852724434819","0.04579064552387235","2.9228229874792744","-1.0643163235922168","-0.0793846266315598","guest","operator"
"2026-05-19T13:21:32.221Z","1779196892221","0.555281781175651","0.2111852508604854","0.045785333989769667","2.9228360194899325","-1.0643507360994335","-0.07948473152528536","guest","operator"
"2026-05-19T13:21:32.490Z","1779196892490","0.5552811632821881","0.21118352091391013","0.04578155296679476","2.9228286651386823","-1.064353999621188","-0.07941339215084961","guest","operator"
"2026-05-19T13:21:32.714Z","1779196892714","0.5552931772946963","0.2112096541568034","0.045829414325748385","2.9229263815183555","-1.0642669482630123","-0.07933734131593939","guest","operator"
"2026-05-19T13:21:32.919Z","1779196892919","0.5553004950107362","0.21119449344657037","0.045815393664959875","2.9228894210203546","-1.0643184488104764","-0.07934869903430661","guest","operator"
"2026-05-19T13:21:33.323Z","1779196893323","0.5552719504975507","0.21119166865244124","0.04577122581699192","2.922787340929985","-1.0642696384062122","-0.07944774702896329","guest","operator"
"2026-05-19T13:21:33.530Z","1779196893530","0.5552860707863747","0.21119130719136708","0.045805797466927506","2.9229082309615784","-1.0643009835684603","-0.07939910856083705","guest","operator"
"2026-05-19T13:21:33.737Z","1779196893737","0.5552920872472779","0.21121113512073408","0.0458221528886357","2.9228992922305106","-1.064366578468174","-0.07938752084590796","guest","operator"
"2026-05-19T13:21:33.965Z","1779196893965","0.5552937159882931","0.21119137393464726","0.045819892609084784","2.922871404149077","-1.0643528052485505","-0.07932985652326674","guest","operator"
"2026-05-19T13:21:34.269Z","1779196894269","0.5550503509160137","0.21118415927322107","0.04573514484031371","2.9227390360659258","-1.0642743317669292","-0.0794753857733522","guest","operator"
"2026-05-19T13:21:34.513Z","1779196894513","0.5547469213272678","0.21118733811874688","0.045760802047034255","2.922806231437131","-1.0642964543635964","-0.07956477185201359","guest","operator"
"2026-05-19T13:21:34.750Z","1779196894750","0.554556696774177","0.21125052255702007","0.04579633335385619","2.922858922900737","-1.0641923405231566","-0.0793662040514039","guest","operator"
"2026-05-19T13:21:35.016Z","1779196895016","0.554245420216889","0.21133175806320012","0.04575407238142787","2.922766981562743","-1.0643162033163804","-0.07947801987763448","guest","operator"
"2026-05-19T13:21:35.317Z","1779196895317","0.5539020260048947","0.21142989774477847","0.045754610424561","2.922771116479369","-1.0642586036395438","-0.07953577852500802","guest","operator"
"2026-05-19T13:21:35.727Z","1779196895727","0.5537220648198045","0.21150004006811612","0.04574337607613552","2.9227916920920833","-1.0642781268415116","-0.07951666973750696","guest","operator"
"2026-05-19T13:21:35.946Z","1779196895946","0.5536563163159589","0.2115290490852221","0.0457749900478889","2.922780858547041","-1.0642887698424477","-0.07946637623212645","guest","operator"
"2026-05-19T13:21:36.228Z","1779196896228","0.553514260789627","0.21157348341216312","0.0457763651791461","2.9228372021781412","-1.0643290543012536","-0.07945609708852748","guest","operator"
"2026-05-19T13:21:36.511Z","1779196896511","0.5532382277306132","0.21164321268212724","0.04578635157840283","2.92281225046107","-1.0643986667968621","-0.0794018365668333","guest","operator"
"2026-05-19T13:21:36.711Z","1779196896711","0.5530046175997081","0.21172801465340343","0.04577048072749795","2.922807528828704","-1.0643199921924589","-0.07952803901991232","guest","operator"
"2026-05-19T13:21:36.990Z","1779196896990","0.5526299139532993","0.21261971010897562","0.045783013648430904","2.9228704879964647","-1.06422815212308","-0.0794087824406151","guest","operator"
"2026-05-19T13:21:37.195Z","1779196897195","0.5524389976285682","0.21366169006441116","0.04581265268610299","2.922858137547799","-1.0643725191703037","-0.0793972160762547","guest","operator"
"2026-05-19T13:21:37.430Z","1779196897430","0.5523829614859791","0.21393729317411092","0.04578742330714666","2.9228466901166654","-1.0641777275685271","-0.07936835683310167","guest","operator"
"2026-05-19T13:21:37.665Z","1779196897665","0.5523829614859791","0.21393729317411092","0.04578742330714666","2.9228466901166654","-1.0641777275685271","-0.07936835683310167","guest","operator"
"2026-05-19T13:21:37.952Z","1779196897952","0.5523829614859791","0.21393729317411092","0.04578742330714666","2.9228466901166654","-1.0641777275685271","-0.07936835683310167","guest","operator"
"2026-05-19T13:21:38.230Z","1779196898230","0.5523829614859791","0.21393729317411092","0.04578742330714666","2.9228466901166654","-1.0641777275685271","-0.07936835683310167","guest","operator"
"2026-05-19T13:21:38.430Z","1779196898430","0.5523829614859791","0.21393729317411092","0.04578742330714666","2.9228466901166654","-1.0641777275685271","-0.07936835683310167","guest","operator"
"2026-05-19T13:21:38.777Z","1779196898777","0.5523829614859791","0.21393729317411092","0.04578742330714666","2.9228466901166654","-1.0641777275685271","-0.07936835683310167","guest","operator"
"2026-05-19T13:21:38.977Z","1779196898977","0.5523829614859791","0.21393729317411092","0.04578742330714666","2.9228466901166654","-1.0641777275685271","-0.07936835683310167","guest","operator"
"2026-05-19T13:21:39.289Z","1779196899289","0.5523829614859791","0.21393729317411092","0.04578742330714666","2.9228466901166654","-1.0641777275685271","-0.07936835683310167","guest","operator"
"2026-05-19T13:21:39.522Z","1779196899522","0.5523829614859791","0.21393729317411092","0.04578742330714666","2.9228466901166654","-1.0641777275685271","-0.07936835683310167","guest","operator"
"2026-05-19T13:21:39.840Z","1779196899840","0.5523829614859791","0.21393729317411092","0.04578742330714666","2.9228466901166654","-1.0641777275685271","-0.07936835683310167","guest","operator"
"2026-05-19T13:21:40.200Z","1779196900200","0.5523829614859791","0.21393729317411092","0.04578742330714666","2.9228466901166654","-1.0641777275685271","-0.07936835683310167","guest","operator"
"2026-05-19T13:21:40.414Z","1779196900414","0.5523829614859791","0.21393729317411092","0.04578742330714666","2.9228466901166654","-1.0641777275685271","-0.07936835683310167","guest","operator"
"2026-05-19T13:21:40.702Z","1779196900702","0.5523829614859791","0.21393729317411092","0.04578742330714666","2.9228466901166654","-1.0641777275685271","-0.07936835683310167","guest","operator"
"2026-05-19T13:21:40.902Z","1779196900902","0.5523829614859791","0.21393729317411092","0.04578742330714666","2.9228466901166654","-1.0641777275685271","-0.07936835683310167","guest","operator"
"2026-05-19T13:21:41.286Z","1779196901286","0.5523829614859791","0.21393729317411092","0.04578742330714666","2.9228466901166654","-1.0641777275685271","-0.07936835683310167","guest","operator"
"2026-05-19T13:21:41.540Z","1779196901540","0.5523829614859791","0.21393729317411092","0.04578742330714666","2.9228466901166654","-1.0641777275685271","-0.07936835683310167","guest","operator"
"2026-05-19T13:21:41.745Z","1779196901745","0.5523829614859791","0.21393729317411092","0.04578742330714666","2.9228466901166654","-1.0641777275685271","-0.07936835683310167","guest","operator"
"2026-05-19T13:21:41.994Z","1779196901994","0.5523829614859791","0.21393729317411092","0.04578742330714666","2.9228466901166654","-1.0641777275685271","-0.07936835683310167","guest","operator"
"2026-05-19T13:21:42.274Z","1779196902274","0.5523829614859791","0.21393729317411092","0.04578742330714666","2.9228466901166654","-1.0641777275685271","-0.07936835683310167","guest","operator"
"2026-05-19T13:21:42.491Z","1779196902491","0.5523829614859791","0.21393729317411092","0.04578742330714666","2.9228466901166654","-1.0641777275685271","-0.07936835683310167","guest","operator"
"2026-05-19T13:21:42.781Z","1779196902781","0.5523829614859791","0.21393729317411092","0.04578742330714666","2.9228466901166654","-1.0641777275685271","-0.07936835683310167","guest","operator"
"2026-05-19T13:21:43.085Z","1779196903085","0.5523829614859791","0.21393729317411092","0.04578742330714666","2.9228466901166654","-1.0641777275685271","-0.07936835683310167","guest","operator"
"2026-05-19T13:21:43.425Z","1779196903425","0.5523829614859791","0.21393729317411092","0.04578742330714666","2.9228466901166654","-1.0641777275685271","-0.07936835683310167","guest","operator"
"2026-05-19T13:21:43.630Z","1779196903630","0.5523829614859791","0.21393729317411092","0.04578742330714666","2.9228466901166654","-1.0641777275685271","-0.07936835683310167","guest","operator"
"2026-05-19T13:21:43.844Z","1779196903844","0.5523829614859791","0.21393729317411092","0.04578742330714666","2.9228466901166654","-1.0641777275685271","-0.07936835683310167","guest","operator"
"2026-05-19T13:21:44.120Z","1779196904120","0.5523829614859791","0.21393729317411092","0.04578742330714666","2.9228466901166654","-1.0641777275685271","-0.07936835683310167","guest","operator"
"2026-05-19T13:21:44.399Z","1779196904399","0.5523829614859791","0.21393729317411092","0.04578742330714666","2.9228466901166654","-1.0641777275685271","-0.07936835683310167","guest","operator"
"2026-05-19T13:21:44.671Z","1779196904671","0.5523829614859791","0.21393729317411092","0.04578742330714666","2.9228466901166654","-1.0641777275685271","-0.07936835683310167","guest","operator"
"2026-05-19T13:21:44.954Z","1779196904954","0.5523829614859791","0.21393729317411092","0.04578742330714666","2.9228466901166654","-1.0641777275685271","-0.07936835683310167","guest","operator"
"2026-05-19T13:21:45.244Z","1779196905244","0.5523829614859791","0.21393729317411092","0.04578742330714666","2.9228466901166654","-1.0641777275685271","-0.07936835683310167","guest","operator"
"2026-05-19T13:21:45.533Z","1779196905533","0.5523829614859791","0.21393729317411092","0.04578742330714666","2.9228466901166654","-1.0641777275685271","-0.07936835683310167","guest","operator"
"2026-05-19T13:21:45.736Z","1779196905736","0.5523829614859791","0.21393729317411092","0.04578742330714666","2.9228466901166654","-1.0641777275685271","-0.07936835683310167","guest","operator"
"2026-05-19T13:21:45.946Z","1779196905946","0.5523829614859791","0.21393729317411092","0.04578742330714666","2.9228466901166654","-1.0641777275685271","-0.07936835683310167","guest","operator"
"2026-05-19T13:21:46.170Z","1779196906170","0.5523829614859791","0.21393729317411092","0.04578742330714666","2.9228466901166654","-1.0641777275685271","-0.07936835683310167","guest","operator"
"2026-05-19T13:21:46.396Z","1779196906396","0.5523829614859791","0.21393729317411092","0.04578742330714666","2.9228466901166654","-1.0641777275685271","-0.07936835683310167","guest","operator"
"2026-05-19T13:21:46.606Z","1779196906606","0.5523829614859791","0.21393729317411092","0.04578742330714666","2.9228466901166654","-1.0641777275685271","-0.07936835683310167","guest","operator"
"2026-05-19T13:21:46.817Z","1779196906817","0.5523829614859791","0.21393729317411092","0.04578742330714666","2.9228466901166654","-1.0641777275685271","-0.07936835683310167","guest","operator"
"2026-05-19T13:21:47.031Z","1779196907031","0.5523829614859791","0.21393729317411092","0.04578742330714666","2.9228466901166654","-1.0641777275685271","-0.07936835683310167","guest","operator"
"2026-05-19T13:21:47.256Z","1779196907256","0.5523829614859791","0.21393729317411092","0.04578742330714666","2.9228466901166654","-1.0641777275685271","-0.07936835683310167","guest","operator"
"2026-05-19T13:21:48.054Z","1779196908054","0.5523829614859791","0.21393729317411092","0.04578742330714666","2.9228466901166654","-1.0641777275685271","-0.07936835683310167","guest","operator"
"2026-05-19T13:22:08.661Z","1779196928661","0.5523829614859791","0.21393729317411092","0.04578742330714666","2.9228466901166654","-1.0641777275685271","-0.07936835683310167","guest","observer"
"2026-05-19T13:22:08.899Z","1779196928899","0.5523829614859791","0.21393729317411092","0.04578742330714666","2.9228466901166654","-1.0641777275685271","-0.07936835683310167","guest","observer"
"2026-05-19T13:22:12.534Z","1779196932534","0.550219771373417","0.22912925307044638","0.04580476521413129","2.9228988248606815","-1.0642052335391134","-0.07939220414337549","guest","observer"
"2026-05-19T13:22:12.751Z","1779196932751","0.550235263432975","0.22909868756848736","0.04576087116536062","2.9227801737119563","-1.0642517130142455","-0.0794225860736546","guest","observer"
"2026-05-19T13:22:13.012Z","1779196933012","0.5502100726265174","0.22911084128925988","0.045793565300413924","2.922857020363812","-1.0642545466364615","-0.0794827822252117","guest","observer"
"2026-05-19T13:22:13.226Z","1779196933226","0.5502018374146844","0.22911143751351462","0.04577396269711989","2.9228253692242676","-1.0642869850698649","-0.07955527326694962","guest","observer"
"2026-05-19T13:22:13.459Z","1779196933459","0.5502439513067845","0.22909055645763088","0.04580845009963991","2.9227977483948107","-1.0643307861195621","-0.07936270751238307","guest","observer"
"2026-05-19T13:22:13.660Z","1779196933660","0.550255719592504","0.22909538104984223","0.04579129897504805","2.9228456510008156","-1.0643423679693547","-0.07936024845350285","guest","observer"
"2026-05-19T13:22:14.007Z","1779196934007","0.5502277712221355","0.22912239758691094","0.04577685680645932","2.922835448903087","-1.0642608956791395","-0.07946430968173891","guest","observer"
"2026-05-19T13:22:14.254Z","1779196934254","0.5502377706281528","0.2290929850931846","0.04579311832689775","2.922801056170035","-1.0643397075792735","-0.07939439859280158","guest","observer"
"2026-05-19T13:22:14.463Z","1779196934463","0.5502108521405444","0.2291052226209681","0.04577357932394993","2.9228121402150693","-1.064284846835692","-0.0794782714483058","guest","requesting"
"2026-05-19T13:22:14.750Z","1779196934750","0.5502452544805378","0.22913078372626527","0.04581070307708221","2.9229148041920894","-1.0642595284698235","-0.07936644051970676","guest","requesting"
"2026-05-19T13:22:14.985Z","1779196934985","0.550235072541617","0.22909763878487385","0.04579902770580174","2.9228467142509573","-1.0643997420102331","-0.07943500672728399","guest","requesting"
"2026-05-19T13:22:15.232Z","1779196935232","0.5502361492335107","0.22911448748930321","0.0458066071006453","2.9228744191472282","-1.0642216349935922","-0.07932609674803667","guest","requesting"
"2026-05-19T13:22:15.484Z","1779196935484","0.5502604525354294","0.2291064022831038","0.04581583941302947","2.922816410938315","-1.0644045138564164","-0.07932337700196007","guest","requesting"
"2026-05-19T13:22:15.753Z","1779196935753","0.5502418221999089","0.2291349877828876","0.04581722562139634","2.922915841016613","-1.0642807198831565","-0.07937686410194976","guest","requesting"
"2026-05-19T13:22:15.985Z","1779196935985","0.5502588347262601","0.22913148865950086","0.04582128745923694","2.9229327414763056","-1.0642983102670858","-0.07933349585071751","guest","requesting"
"2026-05-19T13:22:16.213Z","1779196936213","0.5502525332700476","0.22912532358974108","0.045821678390748244","2.9229222847228695","-1.064355460347797","-0.07933024715494132","guest","requesting"
"2026-05-19T13:22:16.469Z","1779196936469","0.5502447979097017","0.2291001538898634","0.04583261536879918","2.9228908929960467","-1.0644203634250158","-0.07939155062661789","guest","requesting"
"2026-05-19T13:22:16.739Z","1779196936739","0.5502149156445385","0.2291057108471179","0.045764508521027786","2.9227867632838476","-1.0642785770207996","-0.07949771776476114","guest","operator"
"2026-05-19T13:22:16.949Z","1779196936949","0.5502179312522959","0.22910343898821453","0.04580467875897995","2.9228430910746797","-1.0643030583970536","-0.07944020755637073","guest","operator"
"2026-05-19T13:22:17.169Z","1779196937169","0.5502448438286832","0.22910615537796775","0.0457769952031776","2.922868558179325","-1.0642076166503753","-0.07940979901219448","guest","operator"
"2026-05-19T13:22:17.421Z","1779196937421","0.5502208947622678","0.22910309307295515","0.045778088068705675","2.9227763003315856","-1.0642829991473994","-0.07944209526677008","guest","operator"
"2026-05-19T13:22:17.751Z","1779196937751","0.5502495846938769","0.22910333994899124","0.04577045602608529","2.9228282086892805","-1.06432901505909","-0.07941690335701149","guest","operator"
"2026-05-19T13:22:18.056Z","1779196938056","0.5502362260758287","0.22913192738075805","0.045827615252130804","2.922911000191369","-1.0641980014455081","-0.07936778004025866","guest","operator"
"2026-05-19T13:22:18.400Z","1779196938400","0.5502427137284769","0.22914394519758263","0.045810382456527715","2.9229037786478314","-1.0642755911940591","-0.07936944065392429","guest","operator"
"2026-05-19T13:22:18.666Z","1779196938666","0.5502139202305254","0.22915039322557998","0.045800860641271396","2.922919872517859","-1.06426379777005","-0.07949276442569814","guest","operator"
"2026-05-19T13:22:18.926Z","1779196938926","0.5502427694849601","0.22914137064719575","0.04581130814531967","2.9229173212078403","-1.0643694772042924","-0.07940527624537672","guest","operator"
"2026-05-19T13:22:19.166Z","1779196939166","0.5502509981832547","0.22911866858964589","0.04580651585800788","2.9229143913145026","-1.0643602355685788","-0.07935386174946442","guest","operator"
"2026-05-19T13:22:19.419Z","1779196939419","0.5502301415110066","0.22912255815938337","0.04578468786621484","2.9228364100368474","-1.0642088596299781","-0.07935170834412965","guest","operator"
"2026-05-19T13:22:19.652Z","1779196939652","0.5502203889225978","0.22911882197388553","0.04582825902214205","2.9228977472261253","-1.0642678935094725","-0.07939327826286947","guest","operator"
"2026-05-19T13:22:19.902Z","1779196939902","0.5502219165965903","0.22912655926259579","0.04580153608214341","2.922855300071256","-1.0642515255931244","-0.0793917449505561","guest","operator"
"2026-05-19T13:22:20.223Z","1779196940223","0.5502607094047155","0.22912658755993065","0.04582686880321288","2.9229007640905387","-1.0642804449203827","-0.07930407280479229","guest","operator"
"2026-05-19T13:22:20.490Z","1779196940490","0.5502674287944996","0.22910371272680444","0.04582621952127869","2.922878113476681","-1.0643437422252864","-0.07924339427133362","guest","operator"
"2026-05-19T13:22:20.749Z","1779196940749","0.550256990020266","0.22908901670618953","0.045851021294352284","2.922857335407779","-1.0643804090958089","-0.07931200587671386","guest","operator"
"2026-05-19T13:22:20.990Z","1779196940990","0.5502350184196078","0.2291103288347372","0.045773221421518434","2.9228248665254193","-1.064266582356246","-0.07937390624560252","guest","operator"
"2026-05-19T13:22:21.236Z","1779196941236","0.5502347149699349","0.22909900777206382","0.045805050331757496","2.9228493144183214","-1.0642695015063024","-0.0794042209610056","guest","operator"
"2026-05-19T13:22:21.480Z","1779196941480","0.5502259844575803","0.22911995412267816","0.045805780615390895","2.9228787938553213","-1.064287301612417","-0.07938797136776918","guest","operator"
"2026-05-19T13:22:21.755Z","1779196941755","0.5502441220533598","0.229139545501931","0.045815537579234455","2.922913272563385","-1.064290558334316","-0.07932443067589307","guest","operator"
"2026-05-19T13:22:22.351Z","1779196942351","0.5502411287332012","0.22909884148859447","0.04579921446952498","2.9228270112481245","-1.064383274588803","-0.0793911167704333","guest","operator"
"2026-05-19T13:22:22.684Z","1779196942684","0.550226415755511","0.22908668702934037","0.04578804508013773","2.9227908454413662","-1.064406201751501","-0.07945683852582476","guest","operator"
"2026-05-19T13:22:22.956Z","1779196942956","0.5502392433292118","0.22908884656161257","0.04580101056665953","2.922850830186544","-1.0643586941366152","-0.07940981496471512","guest","operator"
"2026-05-19T13:22:23.228Z","1779196943228","0.5502392433292118","0.22908884656161257","0.04580101056665953","2.922850830186544","-1.0643586941366152","-0.07940981496471512","guest","operator"
"2026-05-19T13:22:23.445Z","1779196943445","0.5502392433292118","0.22908884656161257","0.04580101056665953","2.922850830186544","-1.0643586941366152","-0.07940981496471512","guest","operator"
"2026-05-19T13:22:23.712Z","1779196943712","0.5502392433292118","0.22908884656161257","0.04580101056665953","2.922850830186544","-1.0643586941366152","-0.07940981496471512","guest","operator"
"2026-05-19T13:22:23.918Z","1779196943918","0.5502392433292118","0.22908884656161257","0.04580101056665953","2.922850830186544","-1.0643586941366152","-0.07940981496471512","guest","operator"
"2026-05-19T13:22:24.219Z","1779196944219","0.5502392433292118","0.22908884656161257","0.04580101056665953","2.922850830186544","-1.0643586941366152","-0.07940981496471512","guest","operator"
"2026-05-19T13:22:24.512Z","1779196944512","0.5502392433292118","0.22908884656161257","0.04580101056665953","2.922850830186544","-1.0643586941366152","-0.07940981496471512","guest","operator"
"2026-05-19T13:22:24.713Z","1779196944713","0.5502392433292118","0.22908884656161257","0.04580101056665953","2.922850830186544","-1.0643586941366152","-0.07940981496471512","guest","operator"
"2026-05-19T13:22:24.950Z","1779196944950","0.5502392433292118","0.22908884656161257","0.04580101056665953","2.922850830186544","-1.0643586941366152","-0.07940981496471512","guest","operator"
"2026-05-19T13:22:25.212Z","1779196945212","0.5502392433292118","0.22908884656161257","0.04580101056665953","2.922850830186544","-1.0643586941366152","-0.07940981496471512","guest","operator"
"2026-05-19T13:22:25.497Z","1779196945497","0.5502392433292118","0.22908884656161257","0.04580101056665953","2.922850830186544","-1.0643586941366152","-0.07940981496471512","guest","operator"
"2026-05-19T13:22:25.768Z","1779196945768","0.5502392433292118","0.22908884656161257","0.04580101056665953","2.922850830186544","-1.0643586941366152","-0.07940981496471512","guest","operator"
"2026-05-19T13:22:25.978Z","1779196945978","0.5502392433292118","0.22908884656161257","0.04580101056665953","2.922850830186544","-1.0643586941366152","-0.07940981496471512","guest","operator"
"2026-05-19T13:22:26.239Z","1779196946239","0.5502392433292118","0.22908884656161257","0.04580101056665953","2.922850830186544","-1.0643586941366152","-0.07940981496471512","guest","operator"
"2026-05-19T13:22:26.466Z","1779196946466","0.5502392433292118","0.22908884656161257","0.04580101056665953","2.922850830186544","-1.0643586941366152","-0.07940981496471512","guest","operator"
"2026-05-19T13:22:26.723Z","1779196946723","0.5502392433292118","0.22908884656161257","0.04580101056665953","2.922850830186544","-1.0643586941366152","-0.07940981496471512","guest","operator"
"2026-05-19T13:22:26.994Z","1779196946994","0.5502392433292118","0.22908884656161257","0.04580101056665953","2.922850830186544","-1.0643586941366152","-0.07940981496471512","guest","operator"
"2026-05-19T13:22:27.248Z","1779196947248","0.5502392433292118","0.22908884656161257","0.04580101056665953","2.922850830186544","-1.0643586941366152","-0.07940981496471512","guest","operator"
"2026-05-19T13:22:27.501Z","1779196947501","0.5502392433292118","0.22908884656161257","0.04580101056665953","2.922850830186544","-1.0643586941366152","-0.07940981496471512","guest","operator"
"2026-05-19T13:22:27.725Z","1779196947725","0.5502392433292118","0.22908884656161257","0.04580101056665953","2.922850830186544","-1.0643586941366152","-0.07940981496471512","guest","operator"
"2026-05-19T13:22:27.975Z","1779196947975","0.5502392433292118","0.22908884656161257","0.04580101056665953","2.922850830186544","-1.0643586941366152","-0.07940981496471512","guest","operator"
"2026-05-19T13:22:28.227Z","1779196948227","0.5502392433292118","0.22908884656161257","0.04580101056665953","2.922850830186544","-1.0643586941366152","-0.07940981496471512","guest","operator"
"2026-05-19T13:22:28.480Z","1779196948480","0.5502392433292118","0.22908884656161257","0.04580101056665953","2.922850830186544","-1.0643586941366152","-0.07940981496471512","guest","operator"
"2026-05-19T13:22:33.721Z","1779196953721","0.5502392433292118","0.22908884656161257","0.04580101056665953","2.922850830186544","-1.0643586941366152","-0.07940981496471512","guest","operator"
"2026-05-19T13:22:33.989Z","1779196953989","0.5502392433292118","0.22908884656161257","0.04580101056665953","2.922850830186544","-1.0643586941366152","-0.07940981496471512","guest","observer"
"2026-05-19T13:22:34.196Z","1779196954196","0.5502392433292118","0.22908884656161257","0.04580101056665953","2.922850830186544","-1.0643586941366152","-0.07940981496471512","guest","observer"
"2026-05-19T13:22:34.434Z","1779196954434","0.5502392433292118","0.22908884656161257","0.04580101056665953","2.922850830186544","-1.0643586941366152","-0.07940981496471512","guest","observer"
"2026-05-19T13:22:34.675Z","1779196954675","0.5502392433292118","0.22908884656161257","0.04580101056665953","2.922850830186544","-1.0643586941366152","-0.07940981496471512","guest","observer"
"2026-05-19T13:22:34.998Z","1779196954998","0.5502392433292118","0.22908884656161257","0.04580101056665953","2.922850830186544","-1.0643586941366152","-0.07940981496471512","guest","observer"
"2026-05-19T13:22:35.244Z","1779196955244","0.5502392433292118","0.22908884656161257","0.04580101056665953","2.922850830186544","-1.0643586941366152","-0.07940981496471512","guest","observer"
"2026-05-19T13:22:35.445Z","1779196955445","0.5502392433292118","0.22908884656161257","0.04580101056665953","2.922850830186544","-1.0643586941366152","-0.07940981496471512","guest","observer"
"2026-05-19T13:22:35.674Z","1779196955674","0.5502392433292118","0.22908884656161257","0.04580101056665953","2.922850830186544","-1.0643586941366152","-0.07940981496471512","guest","observer"
"2026-05-19T13:22:35.877Z","1779196955877","0.5502392433292118","0.22908884656161257","0.04580101056665953","2.922850830186544","-1.0643586941366152","-0.07940981496471512","guest","observer"
"2026-05-19T13:22:36.077Z","1779196956077","0.5502392433292118","0.22908884656161257","0.04580101056665953","2.922850830186544","-1.0643586941366152","-0.07940981496471512","guest","observer"
"2026-05-19T13:22:36.315Z","1779196956315","0.5502392433292118","0.22908884656161257","0.04580101056665953","2.922850830186544","-1.0643586941366152","-0.07940981496471512","guest","observer"
"2026-05-19T13:22:36.556Z","1779196956556","0.5502392433292118","0.22908884656161257","0.04580101056665953","2.922850830186544","-1.0643586941366152","-0.07940981496471512","guest","observer"
"2026-05-19T13:22:36.762Z","1779196956762","0.5502392433292118","0.22908884656161257","0.04580101056665953","2.922850830186544","-1.0643586941366152","-0.07940981496471512","guest","observer"
"2026-05-19T13:22:36.997Z","1779196956997","0.5502392433292118","0.22908884656161257","0.04580101056665953","2.922850830186544","-1.0643586941366152","-0.07940981496471512","guest","observer"
"2026-05-19T13:22:37.363Z","1779196957363","0.5502392433292118","0.22908884656161257","0.04580101056665953","2.922850830186544","-1.0643586941366152","-0.07940981496471512","guest","observer"
"2026-05-19T13:22:37.566Z","1779196957566","0.5502392433292118","0.22908884656161257","0.04580101056665953","2.922850830186544","-1.0643586941366152","-0.07940981496471512","guest","observer"
"2026-05-19T13:22:37.860Z","1779196957860","0.5502392433292118","0.22908884656161257","0.04580101056665953","2.922850830186544","-1.0643586941366152","-0.07940981496471512","guest","observer"
"2026-05-19T13:22:38.148Z","1779196958148","0.5502392433292118","0.22908884656161257","0.04580101056665953","2.922850830186544","-1.0643586941366152","-0.07940981496471512","guest","observer"
"2026-05-19T13:22:38.410Z","1779196958410","0.5502392433292118","0.22908884656161257","0.04580101056665953","2.922850830186544","-1.0643586941366152","-0.07940981496471512","guest","observer"
"2026-05-19T13:22:38.638Z","1779196958638","0.5502392433292118","0.22908884656161257","0.04580101056665953","2.922850830186544","-1.0643586941366152","-0.07940981496471512","guest","observer"
"2026-05-19T13:22:38.845Z","1779196958845","0.5502392433292118","0.22908884656161257","0.04580101056665953","2.922850830186544","-1.0643586941366152","-0.07940981496471512","guest","observer"
"2026-05-19T13:22:39.095Z","1779196959095","0.5502392433292118","0.22908884656161257","0.04580101056665953","2.922850830186544","-1.0643586941366152","-0.07940981496471512","guest","observer"
"2026-05-19T13:22:39.305Z","1779196959305","0.5502392433292118","0.22908884656161257","0.04580101056665953","2.922850830186544","-1.0643586941366152","-0.07940981496471512","guest","observer"
"2026-05-19T13:22:39.522Z","1779196959522","0.5502392433292118","0.22908884656161257","0.04580101056665953","2.922850830186544","-1.0643586941366152","-0.07940981496471512","guest","observer"
"2026-05-19T13:22:40.029Z","1779196960029","0.5502392433292118","0.22908884656161257","0.04580101056665953","2.922850830186544","-1.0643586941366152","-0.07940981496471512","guest","observer"
"2026-05-19T13:22:40.255Z","1779196960255","0.5502392433292118","0.22908884656161257","0.04580101056665953","2.922850830186544","-1.0643586941366152","-0.07940981496471512","guest","observer"
"2026-05-19T13:22:40.533Z","1779196960533","0.5502392433292118","0.22908884656161257","0.04580101056665953","2.922850830186544","-1.0643586941366152","-0.07940981496471512","guest","observer"
"2026-05-19T13:22:40.775Z","1779196960775","0.5502392433292118","0.22908884656161257","0.04580101056665953","2.922850830186544","-1.0643586941366152","-0.07940981496471512","guest","observer"
"2026-05-19T13:22:41.054Z","1779196961054","0.5502392433292118","0.22908884656161257","0.04580101056665953","2.922850830186544","-1.0643586941366152","-0.07940981496471512","guest","observer"
"2026-05-19T13:22:41.546Z","1779196961546","0.5502392433292118","0.22908884656161257","0.04580101056665953","2.922850830186544","-1.0643586941366152","-0.07940981496471512","guest","observer"
"2026-05-19T13:22:41.901Z","1779196961901","0.5502392433292118","0.22908884656161257","0.04580101056665953","2.922850830186544","-1.0643586941366152","-0.07940981496471512","guest","observer"
"2026-05-19T13:22:42.215Z","1779196962215","0.5502392433292118","0.22908884656161257","0.04580101056665953","2.922850830186544","-1.0643586941366152","-0.07940981496471512","guest","observer"
"2026-05-19T13:22:42.449Z","1779196962449","0.5502392433292118","0.22908884656161257","0.04580101056665953","2.922850830186544","-1.0643586941366152","-0.07940981496471512","guest","observer"
"2026-05-19T13:22:42.649Z","1779196962649","0.5502392433292118","0.22908884656161257","0.04580101056665953","2.922850830186544","-1.0643586941366152","-0.07940981496471512","guest","observer"
"2026-05-19T13:22:43.027Z","1779196963027","0.5502392433292118","0.22908884656161257","0.04580101056665953","2.922850830186544","-1.0643586941366152","-0.07940981496471512","guest","observer"
"2026-05-19T13:22:43.250Z","1779196963250","0.5502392433292118","0.22908884656161257","0.04580101056665953","2.922850830186544","-1.0643586941366152","-0.07940981496471512","guest","observer"
"2026-05-19T13:22:43.492Z","1779196963492","0.5502392433292118","0.22908884656161257","0.04580101056665953","2.922850830186544","-1.0643586941366152","-0.07940981496471512","guest","observer"
"2026-05-19T13:22:43.705Z","1779196963705","0.5502392433292118","0.22908884656161257","0.04580101056665953","2.922850830186544","-1.0643586941366152","-0.07940981496471512","guest","observer"
"2026-05-19T13:22:43.941Z","1779196963941","0.5502392433292118","0.22908884656161257","0.04580101056665953","2.922850830186544","-1.0643586941366152","-0.07940981496471512","guest","observer"
"2026-05-19T13:22:44.239Z","1779196964239","0.5502392433292118","0.22908884656161257","0.04580101056665953","2.922850830186544","-1.0643586941366152","-0.07940981496471512","guest","observer"
"2026-05-19T13:22:44.500Z","1779196964500","0.5502392433292118","0.22908884656161257","0.04580101056665953","2.922850830186544","-1.0643586941366152","-0.07940981496471512","guest","observer"
"2026-05-19T13:22:44.711Z","1779196964711","0.5502392433292118","0.22908884656161257","0.04580101056665953","2.922850830186544","-1.0643586941366152","-0.07940981496471512","guest","observer"
"2026-05-19T13:22:44.986Z","1779196964986","0.5502392433292118","0.22908884656161257","0.04580101056665953","2.922850830186544","-1.0643586941366152","-0.07940981496471512","guest","observer"
"2026-05-19T13:22:45.241Z","1779196965241","0.5502392433292118","0.22908884656161257","0.04580101056665953","2.922850830186544","-1.0643586941366152","-0.07940981496471512","guest","observer"
"2026-05-19T13:22:45.471Z","1779196965471","0.5502392433292118","0.22908884656161257","0.04580101056665953","2.922850830186544","-1.0643586941366152","-0.07940981496471512","guest","observer"
"2026-05-19T13:22:45.689Z","1779196965689","0.5502392433292118","0.22908884656161257","0.04580101056665953","2.922850830186544","-1.0643586941366152","-0.07940981496471512","guest","observer"
"2026-05-19T13:22:45.913Z","1779196965913","0.5502392433292118","0.22908884656161257","0.04580101056665953","2.922850830186544","-1.0643586941366152","-0.07940981496471512","guest","observer"
"2026-05-19T13:22:46.150Z","1779196966150","0.5502392433292118","0.22908884656161257","0.04580101056665953","2.922850830186544","-1.0643586941366152","-0.07940981496471512","guest","observer"
"2026-05-19T13:22:46.411Z","1779196966411","0.5502392433292118","0.22908884656161257","0.04580101056665953","2.922850830186544","-1.0643586941366152","-0.07940981496471512","guest","observer"
"2026-05-19T13:22:46.735Z","1779196966735","0.5502392433292118","0.22908884656161257","0.04580101056665953","2.922850830186544","-1.0643586941366152","-0.07940981496471512","guest","observer"
"2026-05-19T13:22:47.058Z","1779196967058","0.5502392433292118","0.22908884656161257","0.04580101056665953","2.922850830186544","-1.0643586941366152","-0.07940981496471512","guest","observer"
"2026-05-19T13:22:47.355Z","1779196967355","0.5502392433292118","0.22908884656161257","0.04580101056665953","2.922850830186544","-1.0643586941366152","-0.07940981496471512","guest","observer"
"2026-05-19T13:22:47.651Z","1779196967651","0.5502392433292118","0.22908884656161257","0.04580101056665953","2.922850830186544","-1.0643586941366152","-0.07940981496471512","guest","observer"
"2026-05-19T13:22:47.989Z","1779196967989","0.5502392433292118","0.22908884656161257","0.04580101056665953","2.922850830186544","-1.0643586941366152","-0.07940981496471512","guest","observer"
"2026-05-19T13:22:48.309Z","1779196968309","0.5502392433292118","0.22908884656161257","0.04580101056665953","2.922850830186544","-1.0643586941366152","-0.07940981496471512","guest","observer"
"2026-05-19T13:22:48.509Z","1779196968509","0.5502392433292118","0.22908884656161257","0.04580101056665953","2.922850830186544","-1.0643586941366152","-0.07940981496471512","guest","observer"
"2026-05-19T13:22:50.305Z","1779196970305","0.5502392433292118","0.22908884656161257","0.04580101056665953","2.922850830186544","-1.0643586941366152","-0.07940981496471512","guest","observer"
"2026-05-19T13:22:50.550Z","1779196970550","0.5502392433292118","0.22908884656161257","0.04580101056665953","2.922850830186544","-1.0643586941366152","-0.07940981496471512","guest","observer"
"2026-05-19T13:22:50.810Z","1779196970810","0.5502392433292118","0.22908884656161257","0.04580101056665953","2.922850830186544","-1.0643586941366152","-0.07940981496471512","guest","observer"
"2026-05-19T13:22:51.062Z","1779196971062","0.5502392433292118","0.22908884656161257","0.04580101056665953","2.922850830186544","-1.0643586941366152","-0.07940981496471512","guest","observer"
"2026-05-19T13:22:51.378Z","1779196971378","0.5502392433292118","0.22908884656161257","0.04580101056665953","2.922850830186544","-1.0643586941366152","-0.07940981496471512","guest","observer"
"2026-05-19T13:22:51.578Z","1779196971578","0.5502392433292118","0.22908884656161257","0.04580101056665953","2.922850830186544","-1.0643586941366152","-0.07940981496471512","guest","observer"
"2026-05-19T13:22:51.805Z","1779196971805","0.5502392433292118","0.22908884656161257","0.04580101056665953","2.922850830186544","-1.0643586941366152","-0.07940981496471512","guest","observer"
"2026-05-19T13:22:52.083Z","1779196972083","0.5502392433292118","0.22908884656161257","0.04580101056665953","2.922850830186544","-1.0643586941366152","-0.07940981496471512","guest","observer"
"2026-05-19T13:22:52.307Z","1779196972307","0.5502392433292118","0.22908884656161257","0.04580101056665953","2.922850830186544","-1.0643586941366152","-0.07940981496471512","guest","observer"
"2026-05-19T13:22:52.587Z","1779196972587","0.5502392433292118","0.22908884656161257","0.04580101056665953","2.922850830186544","-1.0643586941366152","-0.07940981496471512","guest","observer"
"2026-05-19T13:22:52.825Z","1779196972825","0.5502392433292118","0.22908884656161257","0.04580101056665953","2.922850830186544","-1.0643586941366152","-0.07940981496471512","guest","observer"
"2026-05-19T13:22:53.086Z","1779196973086","0.5502392433292118","0.22908884656161257","0.04580101056665953","2.922850830186544","-1.0643586941366152","-0.07940981496471512","guest","observer"
"2026-05-19T13:22:53.301Z","1779196973301","0.5502392433292118","0.22908884656161257","0.04580101056665953","2.922850830186544","-1.0643586941366152","-0.07940981496471512","guest","observer"
"2026-05-19T13:22:53.558Z","1779196973558","0.5502392433292118","0.22908884656161257","0.04580101056665953","2.922850830186544","-1.0643586941366152","-0.07940981496471512","guest","observer"
"2026-05-19T13:22:53.892Z","1779196973892","0.5502392433292118","0.22908884656161257","0.04580101056665953","2.922850830186544","-1.0643586941366152","-0.07940981496471512","guest","observer"
"2026-05-19T13:22:54.223Z","1779196974223","0.5502392433292118","0.22908884656161257","0.04580101056665953","2.922850830186544","-1.0643586941366152","-0.07940981496471512","guest","observer"
"2026-05-19T13:22:54.458Z","1779196974458","0.5502392433292118","0.22908884656161257","0.04580101056665953","2.922850830186544","-1.0643586941366152","-0.07940981496471512","guest","observer"
"2026-05-19T13:22:54.742Z","1779196974742","0.5502392433292118","0.22908884656161257","0.04580101056665953","2.922850830186544","-1.0643586941366152","-0.07940981496471512","guest","observer"
"2026-05-19T13:22:54.965Z","1779196974965","0.5502392433292118","0.22908884656161257","0.04580101056665953","2.922850830186544","-1.0643586941366152","-0.07940981496471512","guest","observer"
"2026-05-19T13:22:55.309Z","1779196975309","0.5032792362597014","0.3116767980535132","0.0457802417526359","2.9228210179175047","-1.0643425540255875","-0.07950641269240884","guest","observer"
"2026-05-19T13:22:55.572Z","1779196975572","0.5033100452638006","0.31168753292687174","0.04584149431721418","2.9229427659980916","-1.0643634975655052","-0.07934261224029135","guest","observer"
"2026-05-19T13:22:58.440Z","1779196978440","0.5033002035613816","0.31167403314615505","0.04581616485564627","2.9228939679640695","-1.0643220315863888","-0.0793735691266499","guest","observer"
"2026-05-19T13:22:58.755Z","1779196978755","0.5032885597656348","0.31166326751533235","0.04578102574067425","2.922796387066112","-1.0643703688851256","-0.0794552774089428","guest","observer"
"2026-05-19T13:22:59.900Z","1779196979900","0.5033084992791464","0.31167430653617806","0.04580712410117374","2.9228758616200023","-1.0643235796430355","-0.07939347863725274","guest","observer"
"2026-05-19T13:23:00.171Z","1779196980171","0.5032938889918618","0.3116665166834386","0.04578781786534955","2.922825748747292","-1.0642989513523484","-0.07941797244423288","guest","observer"
"2026-05-19T13:23:00.410Z","1779196980410","0.5032877560784462","0.3116726181721773","0.04580267844968913","2.922847625180971","-1.0642556474758846","-0.07945511850348069","guest","observer"
"2026-05-19T13:23:00.633Z","1779196980633","0.5033040265778489","0.31169115386061563","0.04582500044895585","2.9229375599720155","-1.0643384366831077","-0.07940250541640341","guest","observer"
"2026-05-19T13:23:00.914Z","1779196980914","0.50327513415227","0.31167828288371735","0.04580524789396723","2.9228570615368246","-1.0643515919552098","-0.07947162142356579","guest","observer"
"2026-05-19T13:23:01.124Z","1779196981124","0.5033232151865807","0.31167470790425117","0.04581163112813241","2.922930574225875","-1.0643196830084996","-0.07932410763249098","guest","observer"
"2026-05-19T13:23:01.325Z","1779196981325","0.5032875864540506","0.31167088689409195","0.045757969552325584","2.9228135146430185","-1.0642323335006663","-0.07937957764121295","guest","observer"
"2026-05-19T13:23:01.554Z","1779196981554","0.5032840699981345","0.31169993929346296","0.04580937402709459","2.922883450159661","-1.064262356853434","-0.07937914477578996","guest","observer"
"2026-05-19T13:23:01.826Z","1779196981826","0.5032864053196643","0.3116705530765907","0.045797888614892424","2.9228341380368947","-1.0643627322941702","-0.07945931876418705","guest","observer"
"2026-05-19T13:23:02.077Z","1779196982077","0.5032675778657644","0.3116712684928399","0.04576346834119063","2.922789181728664","-1.0642331309920074","-0.07945873727211528","guest","observer"
"2026-05-19T13:23:02.356Z","1779196982356","0.5033021436558701","0.31166128772846347","0.04577402142770309","2.9228053245380625","-1.064310409425616","-0.07939600081746256","guest","observer"
"2026-05-19T13:23:02.558Z","1779196982558","0.5032938032978412","0.3116662578666518","0.04577883672001237","2.922810136593326","-1.064383314242058","-0.0794673353103623","guest","observer"
"2026-05-19T13:23:02.803Z","1779196982803","0.503312472691568","0.311647182279491","0.04580808508490242","2.9228721816048417","-1.0642990050864305","-0.07930645769878124","guest","observer"
"2026-05-19T13:23:03.147Z","1779196983147","0.5032884458344914","0.3116782270704941","0.045801378352899824","2.9228428127193498","-1.0643386792021936","-0.07939570792481927","guest","observer"
"2026-05-19T13:23:03.467Z","1779196983467","0.503283818090555","0.31169196141934674","0.045794230782239126","2.922912641879073","-1.0642563808921301","-0.07946751463459231","guest","observer"
"2026-05-19T13:23:03.674Z","1779196983674","0.503289682110313","0.3116926065749632","0.045806005174254205","2.92288893100758","-1.0643064412937089","-0.07940058206278447","guest","observer"
"2026-05-19T13:23:03.991Z","1779196983991","0.5032775749818927","0.311690867175719","0.04579151953963942","2.9228495005013184","-1.0642590137422976","-0.07945183981519623","guest","observer"
"2026-05-19T13:23:04.239Z","1779196984239","0.5032879119029208","0.31166730042588925","0.045800754842897334","2.922863306499144","-1.0643380227553112","-0.07942479509119424","guest","observer"
"2026-05-19T13:23:04.466Z","1779196984466","0.5033136778703453","0.3116493370699082","0.04581387793565744","2.92284086854485","-1.0643919943356643","-0.07938634221091331","guest","observer"
"2026-05-19T13:23:04.746Z","1779196984746","0.5032600581137708","0.31169373288112767","0.0457734244710222","2.922847810030061","-1.0642838050420307","-0.07954333343556644","guest","observer"
"2026-05-19T13:23:05.327Z","1779196985327","0.5032823516979568","0.3116636395265131","0.045758573982347006","2.9228089403621773","-1.064273641317005","-0.07942962512179255","guest","observer"
"2026-05-19T13:23:05.601Z","1779196985601","0.5032985006866284","0.31169082246358554","0.045785197142671014","2.922889996406154","-1.0643123592516306","-0.07944096076306686","guest","observer"
"2026-05-19T13:23:05.814Z","1779196985814","0.5033111810015318","0.31167416688955263","0.04581761872694601","2.922907661475345","-1.0643325803456354","-0.07937016849076514","guest","observer"
"2026-05-19T13:23:06.403Z","1779196986403","0.5032981639753648","0.31168496142914104","0.04580833146903493","2.9228644942521833","-1.0643040402913715","-0.07936108659902893","guest","observer"
"2026-05-19T13:23:06.691Z","1779196986691","0.5032934773561853","0.31169219723443675","0.04581362991518395","2.9228882317233507","-1.0643215561208217","-0.07941240066894473","guest","observer"
"2026-05-19T13:23:07.004Z","1779196987004","0.5033013090968227","0.31167236028741624","0.04579093350711569","2.922844363015113","-1.0643180826453476","-0.07942293015192232","guest","observer"
"2026-05-19T13:23:07.253Z","1779196987253","0.5032990164982892","0.3116631299240911","0.045801480442075465","2.9228471752663037","-1.0643737044868662","-0.07941993219017048","guest","observer"
"2026-05-19T13:23:07.509Z","1779196987509","0.5032833979445499","0.3116872864655169","0.045815397637398086","2.922846665055394","-1.0642910023565422","-0.07937460526031072","guest","observer"
"2026-05-19T13:23:07.744Z","1779196987744","0.5033197663741256","0.3116776836712437","0.04583340437864941","2.922913132000268","-1.0643409980435066","-0.07934223443063641","guest","observer"
"2026-05-19T13:23:08.189Z","1779196988189","0.5032940754219832","0.311679580551184","0.04581120454456267","2.9228805492586583","-1.064354354682224","-0.07944376942696303","guest","observer"
"2026-05-19T13:23:08.435Z","1779196988435","0.5033188012095494","0.3116740178230925","0.045826988103559785","2.922916399763028","-1.0643506781263268","-0.079375062144017","guest","observer"
"2026-05-19T13:23:08.782Z","1779196988782","0.5033125292408002","0.3116701102942852","0.04580951283774212","2.922863141382258","-1.064375562991826","-0.07931753568856782","guest","observer"
"2026-05-19T13:23:09.125Z","1779196989125","0.5033077063717635","0.3116754039693885","0.04580169471073642","2.922880881238695","-1.0643189885541553","-0.07935568594197831","guest","observer"
"2026-05-19T13:23:09.415Z","1779196989415","0.5032793752095911","0.31168645639518366","0.04577179417432786","2.922803157312519","-1.0642349174654917","-0.07939967390782698","guest","observer"
"2026-05-19T13:23:09.653Z","1779196989653","0.5032826450733755","0.3117004033287594","0.04581748090821025","2.922911352471954","-1.0642759723065576","-0.07943368215271343","guest","observer"
"2026-05-19T13:23:09.909Z","1779196989909","0.5032732717298251","0.31166965015294973","0.04575158769294849","2.922792453044693","-1.0643028239965433","-0.07946680053165706","guest","observer"
"2026-05-19T13:23:10.113Z","1779196990113","0.5032900134383351","0.3116884393824505","0.04582308462592111","2.9229189098389337","-1.0643465049794432","-0.07949019620096677","guest","observer"
"2026-05-19T13:23:10.313Z","1779196990313","0.503293736837841","0.3116507935122567","0.04579586486591622","2.922830738999463","-1.0643555428897369","-0.07945142795913293","guest","observer"
"2026-05-19T13:23:10.548Z","1779196990548","0.5032992301528945","0.31168409297756955","0.04583322196698891","2.9229150669755786","-1.064290411912016","-0.07940235986880398","guest","observer"
"2026-05-19T13:23:10.810Z","1779196990810","0.5032832274675685","0.31166275631158435","0.04580029257906923","2.9228474787081904","-1.0642879664587526","-0.07942063888058368","guest","requesting"
"2026-05-19T13:23:11.048Z","1779196991048","0.5032908921571858","0.3116528012119987","0.045808663072286676","2.9228425093144743","-1.0643051909270689","-0.0794003000474829","guest","requesting"
"2026-05-19T13:23:11.253Z","1779196991253","0.503291210432946","0.3116805465841744","0.04582955983570505","2.9229043901369742","-1.0643119348565562","-0.07939000564751827","guest","requesting"
"2026-05-19T13:23:11.460Z","1779196991460","0.5032890334037953","0.31167133799896035","0.04578670979820551","2.92281079293323","-1.064299465620245","-0.0794060694733359","guest","requesting"
"2026-05-19T13:23:11.746Z","1779196991746","0.503279357662294","0.31166501298741767","0.045788897547078405","2.9228377033126454","-1.0642971239407268","-0.07945228695287589","guest","operator"
"2026-05-19T13:23:12.012Z","1779196992012","0.5033083787707394","0.3116922415316593","0.04581174315302444","2.9229175734247006","-1.0642751569623197","-0.07938443537982195","guest","operator"
"2026-05-19T13:23:12.228Z","1779196992228","0.5033114185823077","0.3116589087885046","0.045795199181612595","2.9228321480782316","-1.0642790280681445","-0.07938018103002373","guest","operator"
"2026-05-19T13:23:12.441Z","1779196992441","0.5032943454919742","0.31166475004672906","0.045786730390575986","2.922837959188989","-1.064343777096491","-0.07946177021013837","guest","operator"
"2026-05-19T13:23:12.654Z","1779196992654","0.5032893416285126","0.31167248046414653","0.045771891025203265","2.9228042498803406","-1.064355124551557","-0.0795096715724204","guest","operator"
"2026-05-19T13:23:12.915Z","1779196992915","0.5032950939968889","0.31165401089546946","0.04578274244572075","2.9228364564288314","-1.0643372404955342","-0.0794732176703655","guest","operator"
"2026-05-19T13:23:13.206Z","1779196993206","0.5032992903920782","0.3116741736101655","0.045827501546610694","2.9229046188575047","-1.064380792516584","-0.07942905546462789","guest","operator"
"2026-05-19T13:23:13.493Z","1779196993493","0.5033177028719255","0.3116956393716322","0.045821894425981446","2.9229338632294266","-1.0643459128267996","-0.0793401458065988","guest","operator"
"2026-05-19T13:23:13.734Z","1779196993734","0.5032816586522391","0.3116612705411812","0.04578368563524074","2.922816906956083","-1.0643515097024843","-0.07945207033869826","guest","operator"
"2026-05-19T13:23:13.987Z","1779196993987","0.5033027496947332","0.3116387161955607","0.0458044636764276","2.9227895310658374","-1.064447389280448","-0.07938627965175954","guest","operator"
"2026-05-19T13:23:14.200Z","1779196994200","0.5032927243370452","0.311654291085448","0.045804483947649854","2.922812465564895","-1.0643486563315636","-0.07943667175013767","guest","operator"
"2026-05-19T13:23:14.473Z","1779196994473","0.5033021434151256","0.3116646056743925","0.04581028775972093","2.922854894033382","-1.0643908324966713","-0.07940281383508241","guest","operator"
"2026-05-19T13:23:14.863Z","1779196994863","0.5032970366790227","0.3116564453895692","0.045784375632195756","2.9228373566403585","-1.0643747893629092","-0.0794831073722532","guest","operator"
"2026-05-19T13:23:15.190Z","1779196995190","0.503278797331308","0.31165834121604025","0.04580002893548116","2.922842465884798","-1.064253078919024","-0.07943338261010538","guest","operator"
"2026-05-19T13:23:15.513Z","1779196995513","0.5033125020275877","0.31168222166495807","0.04581578780389481","2.922903746011611","-1.0644000206562834","-0.07940271697584803","guest","operator"
"2026-05-19T13:23:15.798Z","1779196995798","0.5033070094748447","0.3116786269508099","0.0458140655016718","2.922916746000065","-1.0642829030838443","-0.079404840503025","guest","operator"
"2026-05-19T13:23:16.000Z","1779196996000","0.5033202141029932","0.31164671069866834","0.0458003863600204","2.9228336834960036","-1.0643395339818116","-0.07932936327790255","guest","operator"
"2026-05-19T13:23:16.235Z","1779196996235","0.5032941073015161","0.3116864433737704","0.04578880629516496","2.9229038099481817","-1.064265989809386","-0.079416162984548","guest","operator"
"2026-05-19T13:23:16.474Z","1779196996474","0.5032905784037437","0.31167995892034944","0.045791076757295296","2.9228387061416563","-1.0642834127534853","-0.07941181471879648","guest","operator"
"2026-05-19T13:23:16.753Z","1779196996753","0.503291438405517","0.31168466220391966","0.04577807825882621","2.922836519004055","-1.0643103171508341","-0.0794694717539335","guest","operator"
"2026-05-19T13:23:16.974Z","1779196996974","0.5032765705755304","0.31168302475243115","0.04580339560973526","2.922907995301891","-1.0642150247541635","-0.07946115365006681","guest","operator"
"2026-05-19T13:23:17.192Z","1779196997192","0.5033115328205389","0.31167424532374255","0.045802748223940176","2.9228526311025","-1.0643346702474983","-0.07939297942824539","guest","operator"
"2026-05-19T13:23:17.501Z","1779196997501","0.5032801513256531","0.31168889177451575","0.04580541334159577","2.9228635569734833","-1.0643061740901107","-0.07944336929522207","guest","operator"
"2026-05-19T13:23:17.764Z","1779196997764","0.5032811663064786","0.3116595563664424","0.04578167758478516","2.922824939985669","-1.0643275185469614","-0.07948150857236007","guest","operator"
"2026-05-19T13:23:17.993Z","1779196997993","0.5032955015962899","0.3116615400455933","0.04578704773046999","2.922812040082334","-1.0643021061159477","-0.0794078500780506","guest","operator"
"2026-05-19T13:23:18.202Z","1779196998202","0.5034040622200571","0.31174914911842166","0.04587011332949678","2.9229237962722427","-1.0644131072341767","-0.07933108384693678","guest","operator"
"2026-05-19T13:23:18.479Z","1779196998479","0.5055737343321894","0.30851281039026635","0.045797985022136556","2.922955900595555","-1.064203984740522","-0.07940222377544812","guest","operator"
"2026-05-19T13:23:18.772Z","1779196998772","0.5090331107544833","0.3020351621381736","0.04573791409135794","2.922780101936922","-1.0643351165707813","-0.07949403344941325","guest","operator"
"2026-05-19T13:23:18.975Z","1779196998975","0.5113698881066002","0.29766398025198904","0.04573111678181821","2.922782349701749","-1.064226952449818","-0.07951332679117977","guest","operator"
"2026-05-19T13:23:19.189Z","1779196999189","0.5137966441181612","0.2931609075447958","0.045775273407350686","2.9228412091511324","-1.0642693477891296","-0.07950063923702984","guest","operator"
"2026-05-19T13:23:19.453Z","1779196999453","0.5169530561312643","0.28733693161008556","0.04580346775214217","2.92295821582432","-1.0642026841713297","-0.07944229932359413","guest","operator"
"2026-05-19T13:23:19.653Z","1779196999653","0.5192727042032754","0.2830133029268689","0.04578904518993401","2.9228742614862364","-1.0642598978698758","-0.07947085649108068","guest","operator"
"2026-05-19T13:23:19.857Z","1779196999857","0.5213994407553704","0.2788640445212166","0.045715806631059536","2.922665923758296","-1.0642716430775443","-0.07960117727571625","guest","operator"
"2026-05-19T13:23:20.133Z","1779197000133","0.524061310246858","0.2741489186663008","0.045871672269427344","2.9230443821600396","-1.064243967955909","-0.07935383789738493","guest","operator"
"2026-05-19T13:23:20.420Z","1779197000420","0.5273483832193131","0.26802617338946644","0.045818230374945534","2.9229409383931704","-1.064294403284335","-0.07943079074702437","guest","operator"
"2026-05-19T13:23:20.630Z","1779197000630","0.529699917074989","0.26363344495779095","0.04576923301605165","2.9228732772266857","-1.0642263279188764","-0.07944568074219262","guest","operator"
"2026-05-19T13:23:20.909Z","1779197000909","0.5329357753869918","0.2576515869491728","0.045801373205160395","2.9228174953575246","-1.0643335261115698","-0.07929730402973703","guest","operator"
"2026-05-19T13:23:21.196Z","1779197001196","0.5363892841232762","0.25121348332597576","0.04581248843188587","2.922890920634243","-1.0643494040531878","-0.07948310195190614","guest","operator"
"2026-05-19T13:23:21.405Z","1779197001405","0.5387819701903228","0.24680994156640101","0.045821226038465945","2.9229059500886394","-1.0643721397349104","-0.07941061171313155","guest","operator"
"2026-05-19T13:23:21.615Z","1779197001615","0.541203731245157","0.2423583796028142","0.04583337601623874","2.9229225924702438","-1.0642821812260614","-0.07934512466783498","guest","operator"
"2026-05-19T13:23:21.892Z","1779197001892","0.5445750392632244","0.2360563484868457","0.04582095696100613","2.9228597974591555","-1.0644721125366337","-0.07938615374884882","guest","operator"
"2026-05-19T13:23:22.172Z","1779197002172","0.5478508389159675","0.22998343756882328","0.04580639372450854","2.9228541865031246","-1.064310068703897","-0.07941491974029902","guest","operator"
"2026-05-19T13:23:22.522Z","1779197002522","0.5480788096992208","0.229596822519282","0.04582143089343607","2.9229452019758764","-1.0641777240332693","-0.07934118582855797","guest","operator"
"2026-05-19T13:23:22.807Z","1779197002807","0.5480671881823278","0.2295624728347377","0.04580073974423343","2.922925946264687","-1.0642356038169853","-0.07944274287659106","guest","operator"
"2026-05-19T13:23:23.056Z","1779197003056","0.5480671881823278","0.2295624728347377","0.04580073974423343","2.922925946264687","-1.0642356038169853","-0.07944274287659106","guest","operator"
"2026-05-19T13:23:23.335Z","1779197003335","0.5480671881823278","0.2295624728347377","0.04580073974423343","2.922925946264687","-1.0642356038169853","-0.07944274287659106","guest","operator"
"2026-05-19T13:23:23.602Z","1779197003602","0.5480671881823278","0.2295624728347377","0.04580073974423343","2.922925946264687","-1.0642356038169853","-0.07944274287659106","guest","operator"
"2026-05-19T13:23:23.925Z","1779197003925","0.5480671881823278","0.2295624728347377","0.04580073974423343","2.922925946264687","-1.0642356038169853","-0.07944274287659106","guest","operator"
"2026-05-19T13:23:24.130Z","1779197004130","0.5480671881823278","0.2295624728347377","0.04580073974423343","2.922925946264687","-1.0642356038169853","-0.07944274287659106","guest","operator"
"2026-05-19T13:23:24.433Z","1779197004433","0.5480671881823278","0.2295624728347377","0.04580073974423343","2.922925946264687","-1.0642356038169853","-0.07944274287659106","guest","operator"
"2026-05-19T13:23:24.705Z","1779197004705","0.5480671881823278","0.2295624728347377","0.04580073974423343","2.922925946264687","-1.0642356038169853","-0.07944274287659106","guest","operator"
"2026-05-19T13:23:24.905Z","1779197004905","0.5480671881823278","0.2295624728347377","0.04580073974423343","2.922925946264687","-1.0642356038169853","-0.07944274287659106","guest","operator"
"2026-05-19T13:23:25.185Z","1779197005185","0.5480671881823278","0.2295624728347377","0.04580073974423343","2.922925946264687","-1.0642356038169853","-0.07944274287659106","guest","operator"
"2026-05-19T13:23:25.468Z","1779197005468","0.5480671881823278","0.2295624728347377","0.04580073974423343","2.922925946264687","-1.0642356038169853","-0.07944274287659106","guest","operator"
"2026-05-19T13:23:25.760Z","1779197005760","0.5480671881823278","0.2295624728347377","0.04580073974423343","2.922925946264687","-1.0642356038169853","-0.07944274287659106","guest","operator"
"2026-05-19T13:23:26.006Z","1779197006006","0.5480671881823278","0.2295624728347377","0.04580073974423343","2.922925946264687","-1.0642356038169853","-0.07944274287659106","guest","operator"
"2026-05-19T13:23:26.210Z","1779197006210","0.5480671881823278","0.2295624728347377","0.04580073974423343","2.922925946264687","-1.0642356038169853","-0.07944274287659106","guest","operator"
"2026-05-19T13:23:26.481Z","1779197006481","0.5480671881823278","0.2295624728347377","0.04580073974423343","2.922925946264687","-1.0642356038169853","-0.07944274287659106","guest","operator"
"2026-05-19T13:23:26.752Z","1779197006752","0.5480671881823278","0.2295624728347377","0.04580073974423343","2.922925946264687","-1.0642356038169853","-0.07944274287659106","guest","operator"
"2026-05-19T13:23:26.999Z","1779197006999","0.5480671881823278","0.2295624728347377","0.04580073974423343","2.922925946264687","-1.0642356038169853","-0.07944274287659106","guest","operator"
"2026-05-19T13:23:27.268Z","1779197007268","0.5480671881823278","0.2295624728347377","0.04580073974423343","2.922925946264687","-1.0642356038169853","-0.07944274287659106","guest","operator"
"2026-05-19T13:23:27.496Z","1779197007496","0.5480671881823278","0.2295624728347377","0.04580073974423343","2.922925946264687","-1.0642356038169853","-0.07944274287659106","guest","operator"
"2026-05-19T13:23:27.753Z","1779197007753","0.5480671881823278","0.2295624728347377","0.04580073974423343","2.922925946264687","-1.0642356038169853","-0.07944274287659106","guest","operator"
"2026-05-19T13:23:27.988Z","1779197007988","0.5480671881823278","0.2295624728347377","0.04580073974423343","2.922925946264687","-1.0642356038169853","-0.07944274287659106","guest","operator"
"2026-05-19T13:23:28.263Z","1779197008263","0.5480671881823278","0.2295624728347377","0.04580073974423343","2.922925946264687","-1.0642356038169853","-0.07944274287659106","guest","operator"
"2026-05-19T13:23:28.499Z","1779197008499","0.5480671881823278","0.2295624728347377","0.04580073974423343","2.922925946264687","-1.0642356038169853","-0.07944274287659106","guest","operator"
"2026-05-19T13:23:28.857Z","1779197008857","0.5480671881823278","0.2295624728347377","0.04580073974423343","2.922925946264687","-1.0642356038169853","-0.07944274287659106","guest","operator"
"2026-05-19T13:23:29.173Z","1779197009173","0.5480671881823278","0.2295624728347377","0.04580073974423343","2.922925946264687","-1.0642356038169853","-0.07944274287659106","guest","operator"
"2026-05-19T13:23:29.435Z","1779197009435","0.5480671881823278","0.2295624728347377","0.04580073974423343","2.922925946264687","-1.0642356038169853","-0.07944274287659106","guest","operator"
"2026-05-19T13:23:29.670Z","1779197009670","0.5480671881823278","0.2295624728347377","0.04580073974423343","2.922925946264687","-1.0642356038169853","-0.07944274287659106","guest","operator"
"2026-05-19T13:23:29.915Z","1779197009915","0.5480671881823278","0.2295624728347377","0.04580073974423343","2.922925946264687","-1.0642356038169853","-0.07944274287659106","guest","operator"
"2026-05-19T13:23:30.247Z","1779197010247","0.5480671881823278","0.2295624728347377","0.04580073974423343","2.922925946264687","-1.0642356038169853","-0.07944274287659106","guest","operator"
"2026-05-19T13:23:30.549Z","1779197010549","0.5480671881823278","0.2295624728347377","0.04580073974423343","2.922925946264687","-1.0642356038169853","-0.07944274287659106","guest","operator"
"2026-05-19T13:23:30.810Z","1779197010810","0.5480671881823278","0.2295624728347377","0.04580073974423343","2.922925946264687","-1.0642356038169853","-0.07944274287659106","guest","operator"
"2026-05-19T13:23:31.170Z","1779197011170","0.5480671881823278","0.2295624728347377","0.04580073974423343","2.922925946264687","-1.0642356038169853","-0.07944274287659106","guest","operator"
"2026-05-19T13:23:31.404Z","1779197011404","0.5480671881823278","0.2295624728347377","0.04580073974423343","2.922925946264687","-1.0642356038169853","-0.07944274287659106","guest","operator"
"2026-05-19T13:23:31.617Z","1779197011617","0.5480671881823278","0.2295624728347377","0.04580073974423343","2.922925946264687","-1.0642356038169853","-0.07944274287659106","guest","operator"
"2026-05-19T13:23:31.835Z","1779197011835","0.5480671881823278","0.2295624728347377","0.04580073974423343","2.922925946264687","-1.0642356038169853","-0.07944274287659106","guest","operator"
"2026-05-19T13:23:32.067Z","1779197012067","0.5480671881823278","0.2295624728347377","0.04580073974423343","2.922925946264687","-1.0642356038169853","-0.07944274287659106","guest","operator"
"2026-05-19T13:23:32.366Z","1779197012366","0.5480671881823278","0.2295624728347377","0.04580073974423343","2.922925946264687","-1.0642356038169853","-0.07944274287659106","guest","operator"
"2026-05-19T13:23:32.727Z","1779197012727","0.5480671881823278","0.2295624728347377","0.04580073974423343","2.922925946264687","-1.0642356038169853","-0.07944274287659106","guest","operator"
"2026-05-19T13:23:32.945Z","1779197012945","0.5480671881823278","0.2295624728347377","0.04580073974423343","2.922925946264687","-1.0642356038169853","-0.07944274287659106","guest","operator"
"2026-05-19T13:23:33.181Z","1779197013181","0.5480671881823278","0.2295624728347377","0.04580073974423343","2.922925946264687","-1.0642356038169853","-0.07944274287659106","guest","operator"
"2026-05-19T13:23:33.406Z","1779197013406","0.5480671881823278","0.2295624728347377","0.04580073974423343","2.922925946264687","-1.0642356038169853","-0.07944274287659106","guest","operator"
"2026-05-19T13:23:33.645Z","1779197013645","0.5480671881823278","0.2295624728347377","0.04580073974423343","2.922925946264687","-1.0642356038169853","-0.07944274287659106","guest","operator"
"2026-05-19T13:23:33.981Z","1779197013981","0.5480671881823278","0.2295624728347377","0.04580073974423343","2.922925946264687","-1.0642356038169853","-0.07944274287659106","guest","operator"
"2026-05-19T13:23:34.239Z","1779197014239","0.5480671881823278","0.2295624728347377","0.04580073974423343","2.922925946264687","-1.0642356038169853","-0.07944274287659106","guest","operator"
"2026-05-19T13:23:34.470Z","1779197014470","0.5480671881823278","0.2295624728347377","0.04580073974423343","2.922925946264687","-1.0642356038169853","-0.07944274287659106","guest","operator"
"2026-05-19T13:23:34.708Z","1779197014708","0.5480671881823278","0.2295624728347377","0.04580073974423343","2.922925946264687","-1.0642356038169853","-0.07944274287659106","guest","operator"
"2026-05-19T13:23:34.908Z","1779197014908","0.5480671881823278","0.2295624728347377","0.04580073974423343","2.922925946264687","-1.0642356038169853","-0.07944274287659106","guest","operator"
"2026-05-19T13:23:35.148Z","1779197015148","0.5480671881823278","0.2295624728347377","0.04580073974423343","2.922925946264687","-1.0642356038169853","-0.07944274287659106","guest","operator"
"2026-05-19T13:23:35.490Z","1779197015490","0.5480671881823278","0.2295624728347377","0.04580073974423343","2.922925946264687","-1.0642356038169853","-0.07944274287659106","guest","operator"
"2026-05-19T13:23:35.870Z","1779197015870","0.5480671881823278","0.2295624728347377","0.04580073974423343","2.922925946264687","-1.0642356038169853","-0.07944274287659106","guest","operator"
"2026-05-19T13:23:36.083Z","1779197016083","0.5480671881823278","0.2295624728347377","0.04580073974423343","2.922925946264687","-1.0642356038169853","-0.07944274287659106","guest","operator"
"2026-05-19T13:23:36.312Z","1779197016312","0.5480671881823278","0.2295624728347377","0.04580073974423343","2.922925946264687","-1.0642356038169853","-0.07944274287659106","guest","operator"
"2026-05-19T13:23:36.631Z","1779197016631","0.5480671881823278","0.2295624728347377","0.04580073974423343","2.922925946264687","-1.0642356038169853","-0.07944274287659106","guest","operator"
"2026-05-19T13:23:36.905Z","1779197016905","0.5480671881823278","0.2295624728347377","0.04580073974423343","2.922925946264687","-1.0642356038169853","-0.07944274287659106","guest","operator"
"2026-05-19T13:23:37.109Z","1779197017109","0.5480671881823278","0.2295624728347377","0.04580073974423343","2.922925946264687","-1.0642356038169853","-0.07944274287659106","guest","operator"
"2026-05-19T13:23:37.311Z","1779197017311","0.5480671881823278","0.2295624728347377","0.04580073974423343","2.922925946264687","-1.0642356038169853","-0.07944274287659106","guest","operator"
"2026-05-19T13:23:37.556Z","1779197017556","0.5480671881823278","0.2295624728347377","0.04580073974423343","2.922925946264687","-1.0642356038169853","-0.07944274287659106","guest","operator"
"2026-05-19T13:23:37.812Z","1779197017812","0.5480671881823278","0.2295624728347377","0.04580073974423343","2.922925946264687","-1.0642356038169853","-0.07944274287659106","guest","operator"
"2026-05-19T13:23:38.017Z","1779197018017","0.5480671881823278","0.2295624728347377","0.04580073974423343","2.922925946264687","-1.0642356038169853","-0.07944274287659106","guest","operator"
"2026-05-19T13:23:38.305Z","1779197018305","0.5480671881823278","0.2295624728347377","0.04580073974423343","2.922925946264687","-1.0642356038169853","-0.07944274287659106","guest","operator"
"2026-05-19T13:23:38.668Z","1779197018668","0.5480671881823278","0.2295624728347377","0.04580073974423343","2.922925946264687","-1.0642356038169853","-0.07944274287659106","guest","operator"
"2026-05-19T13:23:38.989Z","1779197018989","0.5480671881823278","0.2295624728347377","0.04580073974423343","2.922925946264687","-1.0642356038169853","-0.07944274287659106","guest","operator"
"2026-05-19T13:23:39.231Z","1779197019231","0.5480671881823278","0.2295624728347377","0.04580073974423343","2.922925946264687","-1.0642356038169853","-0.07944274287659106","guest","operator"
"2026-05-19T13:23:39.492Z","1779197019492","0.5480671881823278","0.2295624728347377","0.04580073974423343","2.922925946264687","-1.0642356038169853","-0.07944274287659106","guest","operator"
"2026-05-19T13:23:39.753Z","1779197019753","0.5480671881823278","0.2295624728347377","0.04580073974423343","2.922925946264687","-1.0642356038169853","-0.07944274287659106","guest","operator"
"2026-05-19T13:23:40.000Z","1779197020000","0.5480671881823278","0.2295624728347377","0.04580073974423343","2.922925946264687","-1.0642356038169853","-0.07944274287659106","guest","operator"
"2026-05-19T13:23:40.267Z","1779197020267","0.5480671881823278","0.2295624728347377","0.04580073974423343","2.922925946264687","-1.0642356038169853","-0.07944274287659106","guest","operator"
"2026-05-19T13:23:40.543Z","1779197020543","0.5480671881823278","0.2295624728347377","0.04580073974423343","2.922925946264687","-1.0642356038169853","-0.07944274287659106","guest","operator"
"2026-05-19T13:23:40.865Z","1779197020865","0.5480671881823278","0.2295624728347377","0.04580073974423343","2.922925946264687","-1.0642356038169853","-0.07944274287659106","guest","operator"
"2026-05-19T13:23:41.070Z","1779197021070","0.5480671881823278","0.2295624728347377","0.04580073974423343","2.922925946264687","-1.0642356038169853","-0.07944274287659106","guest","operator"
"2026-05-19T13:23:41.318Z","1779197021318","0.5480671881823278","0.2295624728347377","0.04580073974423343","2.922925946264687","-1.0642356038169853","-0.07944274287659106","guest","operator"
"2026-05-19T13:23:41.597Z","1779197021597","0.5480671881823278","0.2295624728347377","0.04580073974423343","2.922925946264687","-1.0642356038169853","-0.07944274287659106","guest","operator"
"2026-05-19T13:23:41.877Z","1779197021877","0.5480671881823278","0.2295624728347377","0.04580073974423343","2.922925946264687","-1.0642356038169853","-0.07944274287659106","guest","operator"
"2026-05-19T13:23:42.083Z","1779197022083","0.5480671881823278","0.2295624728347377","0.04580073974423343","2.922925946264687","-1.0642356038169853","-0.07944274287659106","guest","operator"
"2026-05-19T13:23:42.382Z","1779197022382","0.5480671881823278","0.2295624728347377","0.04580073974423343","2.922925946264687","-1.0642356038169853","-0.07944274287659106","guest","operator"
"2026-05-19T13:23:42.606Z","1779197022606","0.5480671881823278","0.2295624728347377","0.04580073974423343","2.922925946264687","-1.0642356038169853","-0.07944274287659106","guest","operator"
"2026-05-19T13:23:42.899Z","1779197022899","0.5480671881823278","0.2295624728347377","0.04580073974423343","2.922925946264687","-1.0642356038169853","-0.07944274287659106","guest","operator"
"2026-05-19T13:23:43.243Z","1779197023243","0.5480671881823278","0.2295624728347377","0.04580073974423343","2.922925946264687","-1.0642356038169853","-0.07944274287659106","guest","operator"
"2026-05-19T13:23:43.496Z","1779197023496","0.5480671881823278","0.2295624728347377","0.04580073974423343","2.922925946264687","-1.0642356038169853","-0.07944274287659106","guest","operator"
"2026-05-19T13:23:43.752Z","1779197023752","0.5480671881823278","0.2295624728347377","0.04580073974423343","2.922925946264687","-1.0642356038169853","-0.07944274287659106","guest","operator"
"2026-05-19T13:23:44.048Z","1779197024048","0.5480671881823278","0.2295624728347377","0.04580073974423343","2.922925946264687","-1.0642356038169853","-0.07944274287659106","guest","operator"
"2026-05-19T13:23:44.343Z","1779197024343","0.5480671881823278","0.2295624728347377","0.04580073974423343","2.922925946264687","-1.0642356038169853","-0.07944274287659106","guest","operator"
"2026-05-19T13:23:44.607Z","1779197024607","0.5480671881823278","0.2295624728347377","0.04580073974423343","2.922925946264687","-1.0642356038169853","-0.07944274287659106","guest","operator"
"2026-05-19T13:23:44.926Z","1779197024926","0.5480671881823278","0.2295624728347377","0.04580073974423343","2.922925946264687","-1.0642356038169853","-0.07944274287659106","guest","operator"
"2026-05-19T13:23:45.128Z","1779197025128","0.5480671881823278","0.2295624728347377","0.04580073974423343","2.922925946264687","-1.0642356038169853","-0.07944274287659106","guest","operator"
"2026-05-19T13:23:45.330Z","1779197025330","0.5480671881823278","0.2295624728347377","0.04580073974423343","2.922925946264687","-1.0642356038169853","-0.07944274287659106","guest","operator"
"2026-05-19T13:23:45.612Z","1779197025612","0.5480671881823278","0.2295624728347377","0.04580073974423343","2.922925946264687","-1.0642356038169853","-0.07944274287659106","guest","operator"
"2026-05-19T13:23:45.857Z","1779197025857","0.5480671881823278","0.2295624728347377","0.04580073974423343","2.922925946264687","-1.0642356038169853","-0.07944274287659106","guest","operator"
"2026-05-19T13:23:46.209Z","1779197026209","0.5480671881823278","0.2295624728347377","0.04580073974423343","2.922925946264687","-1.0642356038169853","-0.07944274287659106","guest","operator"
"2026-05-19T13:23:46.428Z","1779197026428","0.5480671881823278","0.2295624728347377","0.04580073974423343","2.922925946264687","-1.0642356038169853","-0.07944274287659106","guest","operator"
"2026-05-19T13:23:46.686Z","1779197026686","0.5480671881823278","0.2295624728347377","0.04580073974423343","2.922925946264687","-1.0642356038169853","-0.07944274287659106","guest","operator"
"2026-05-19T13:23:46.936Z","1779197026936","0.5480671881823278","0.2295624728347377","0.04580073974423343","2.922925946264687","-1.0642356038169853","-0.07944274287659106","guest","operator"
"2026-05-19T13:23:47.260Z","1779197027260","0.5480671881823278","0.2295624728347377","0.04580073974423343","2.922925946264687","-1.0642356038169853","-0.07944274287659106","guest","operator"
"2026-05-19T13:23:47.505Z","1779197027505","0.5480671881823278","0.2295624728347377","0.04580073974423343","2.922925946264687","-1.0642356038169853","-0.07944274287659106","guest","operator"
"2026-05-19T13:23:47.779Z","1779197027779","0.5480671881823278","0.2295624728347377","0.04580073974423343","2.922925946264687","-1.0642356038169853","-0.07944274287659106","guest","operator"
"2026-05-19T13:23:47.981Z","1779197027981","0.5480671881823278","0.2295624728347377","0.04580073974423343","2.922925946264687","-1.0642356038169853","-0.07944274287659106","guest","operator"
"2026-05-19T13:23:48.220Z","1779197028220","0.5480671881823278","0.2295624728347377","0.04580073974423343","2.922925946264687","-1.0642356038169853","-0.07944274287659106","guest","operator"
"2026-05-19T13:23:48.496Z","1779197028496","0.5480671881823278","0.2295624728347377","0.04580073974423343","2.922925946264687","-1.0642356038169853","-0.07944274287659106","guest","operator"
"2026-05-19T13:23:48.877Z","1779197028877","0.5480671881823278","0.2295624728347377","0.04580073974423343","2.922925946264687","-1.0642356038169853","-0.07944274287659106","guest","operator"
"2026-05-19T13:23:49.269Z","1779197029269","0.5480671881823278","0.2295624728347377","0.04580073974423343","2.922925946264687","-1.0642356038169853","-0.07944274287659106","guest","operator"
"2026-05-19T13:23:49.489Z","1779197029489","0.5480671881823278","0.2295624728347377","0.04580073974423343","2.922925946264687","-1.0642356038169853","-0.07944274287659106","guest","operator"
"2026-05-19T13:23:49.738Z","1779197029738","0.5480671881823278","0.2295624728347377","0.04580073974423343","2.922925946264687","-1.0642356038169853","-0.07944274287659106","guest","operator"
"2026-05-19T13:23:49.982Z","1779197029982","0.5480671881823278","0.2295624728347377","0.04580073974423343","2.922925946264687","-1.0642356038169853","-0.07944274287659106","guest","operator"
"2026-05-19T13:23:50.247Z","1779197030247","0.5480671881823278","0.2295624728347377","0.04580073974423343","2.922925946264687","-1.0642356038169853","-0.07944274287659106","guest","operator"
"2026-05-19T13:23:50.494Z","1779197030494","0.5480671881823278","0.2295624728347377","0.04580073974423343","2.922925946264687","-1.0642356038169853","-0.07944274287659106","guest","operator"
"2026-05-19T13:23:50.742Z","1779197030742","0.5480671881823278","0.2295624728347377","0.04580073974423343","2.922925946264687","-1.0642356038169853","-0.07944274287659106","guest","operator"
"2026-05-19T13:23:50.991Z","1779197030991","0.5480671881823278","0.2295624728347377","0.04580073974423343","2.922925946264687","-1.0642356038169853","-0.07944274287659106","guest","operator"
"2026-05-19T13:23:51.201Z","1779197031201","0.5480671881823278","0.2295624728347377","0.04580073974423343","2.922925946264687","-1.0642356038169853","-0.07944274287659106","guest","operator"
"2026-05-19T13:23:51.407Z","1779197031407","0.5480671881823278","0.2295624728347377","0.04580073974423343","2.922925946264687","-1.0642356038169853","-0.07944274287659106","guest","operator"
"2026-05-19T13:23:51.652Z","1779197031652","0.5480671881823278","0.2295624728347377","0.04580073974423343","2.922925946264687","-1.0642356038169853","-0.07944274287659106","guest","operator"
"2026-05-19T13:23:51.992Z","1779197031992","0.5480671881823278","0.2295624728347377","0.04580073974423343","2.922925946264687","-1.0642356038169853","-0.07944274287659106","guest","operator"
"2026-05-19T13:23:52.300Z","1779197032300","0.5480671881823278","0.2295624728347377","0.04580073974423343","2.922925946264687","-1.0642356038169853","-0.07944274287659106","guest","operator"
"2026-05-19T13:23:52.612Z","1779197032612","0.5480671881823278","0.2295624728347377","0.04580073974423343","2.922925946264687","-1.0642356038169853","-0.07944274287659106","guest","operator"
"2026-05-19T13:23:52.835Z","1779197032835","0.5480671881823278","0.2295624728347377","0.04580073974423343","2.922925946264687","-1.0642356038169853","-0.07944274287659106","guest","operator"
"2026-05-19T13:23:53.252Z","1779197033252","0.5480671881823278","0.2295624728347377","0.04580073974423343","2.922925946264687","-1.0642356038169853","-0.07944274287659106","guest","operator"
"2026-05-19T13:23:53.491Z","1779197033491","0.5480671881823278","0.2295624728347377","0.04580073974423343","2.922925946264687","-1.0642356038169853","-0.07944274287659106","guest","operator"
"2026-05-19T13:23:53.706Z","1779197033706","0.5480671881823278","0.2295624728347377","0.04580073974423343","2.922925946264687","-1.0642356038169853","-0.07944274287659106","guest","operator"
"2026-05-19T13:23:53.906Z","1779197033906","0.5480671881823278","0.2295624728347377","0.04580073974423343","2.922925946264687","-1.0642356038169853","-0.07944274287659106","guest","operator"
"2026-05-19T13:23:54.193Z","1779197034193","0.5480671881823278","0.2295624728347377","0.04580073974423343","2.922925946264687","-1.0642356038169853","-0.07944274287659106","guest","operator"
"2026-05-19T13:23:54.485Z","1779197034485","0.5480671881823278","0.2295624728347377","0.04580073974423343","2.922925946264687","-1.0642356038169853","-0.07944274287659106","guest","operator"
"2026-05-19T13:23:54.779Z","1779197034779","0.5480671881823278","0.2295624728347377","0.04580073974423343","2.922925946264687","-1.0642356038169853","-0.07944274287659106","guest","operator"
"2026-05-19T13:23:55.076Z","1779197035076","0.6438297190504362","0.4395657036566052","0.045837491416488046","2.9228717840445912","-1.0642948606676035","-0.07928431005584392","guest","operator"
"2026-05-19T13:23:55.374Z","1779197035374","0.6438352446214994","0.4383812305503818","0.04579364768497646","2.922910167519401","-1.064267417886764","-0.07938932755593751","guest","operator"
"2026-05-19T13:23:55.649Z","1779197035649","0.6438102069028724","0.43716065189362335","0.045776174204862824","2.922785186432736","-1.0642823706462674","-0.07946030508276637","guest","operator"
"2026-05-19T13:23:55.948Z","1779197035948","0.6438245293086085","0.43597689680962615","0.045798926506407545","2.922885661956857","-1.0642952512082957","-0.07947030285736015","guest","operator"
"2026-05-19T13:23:56.148Z","1779197036148","0.643811711473046","0.4349920989614668","0.045805758359747234","2.922841645539296","-1.06426540671096","-0.07945073608092129","guest","operator"
"2026-05-19T13:23:56.359Z","1779197036359","0.6437905128328869","0.43380366550930743","0.04573136488913351","2.9226765975393216","-1.064336934920039","-0.0795683223281338","guest","operator"
"2026-05-19T13:23:56.660Z","1779197036660","0.6437861656681072","0.43207698356209545","0.045764153229933074","2.922743075370129","-1.0642370060967996","-0.0794209793309559","guest","operator"
"2026-05-19T13:23:56.861Z","1779197036861","0.6438393336253677","0.4303919327592705","0.045780698912632756","2.9228004135861068","-1.0643539343461845","-0.07946983416731963","guest","operator"
"2026-05-19T13:23:57.142Z","1779197037142","0.6438582796489108","0.427372857116138","0.04591450202989006","2.923011983952583","-1.0643547458579976","-0.07933551163745743","guest","operator"
"2026-05-19T13:23:57.343Z","1779197037343","0.6438280691845711","0.42404914474533856","0.04580354957845578","2.9228215882170985","-1.0643533090288169","-0.07939238708801227","guest","operator"
"2026-05-19T13:23:57.547Z","1779197037547","0.6438226278560474","0.4204953608147094","0.045787160416747796","2.9227809213365026","-1.0643329319850063","-0.0794183552984529","guest","operator"
"2026-05-19T13:23:57.848Z","1779197037848","0.6438166515483286","0.41539550017381444","0.04580836830233914","2.9228380418466857","-1.0643135745000765","-0.07951359697348863","guest","operator"
"2026-05-19T13:23:58.160Z","1779197038160","0.6438236933331284","0.4101967822021983","0.045802380532396963","2.9229135472444097","-1.0642864175569178","-0.07948355678335936","guest","operator"
"2026-05-19T13:23:58.420Z","1779197038420","0.6437692787937633","0.40527755046744535","0.045757593425192616","2.9228194090811797","-1.0642149811169648","-0.07953781897858675","guest","operator"
"2026-05-19T13:23:58.623Z","1779197038623","0.6438304301477371","0.40186608236371824","0.045793101401097464","2.9229099333123965","-1.064263282827844","-0.07939754148753544","guest","operator"
"2026-05-19T13:23:58.923Z","1779197038923","0.6438537277159085","0.3967271468984744","0.04581297852764801","2.922882589309955","-1.0644206976042874","-0.07950494734344826","guest","operator"
"2026-05-19T13:23:59.223Z","1779197039223","0.6437983334655885","0.391470339202117","0.04578559397400617","2.9228041121931496","-1.0643054068217237","-0.07948703848090685","guest","operator"
"2026-05-19T13:23:59.518Z","1779197039518","0.6438823476176518","0.3862986583688655","0.0458599106091625","2.922963821097078","-1.064290942916663","-0.07926825500108003","guest","operator"
"2026-05-19T13:23:59.724Z","1779197039724","0.6438212370339853","0.38286400880831","0.04579492931286758","2.922856012748933","-1.0642646171509582","-0.0794277520229275","guest","operator"
"2026-05-19T13:23:59.992Z","1779197039992","0.6437775636012307","0.37784749920169514","0.04576892132071497","2.9227941560768533","-1.0641447857398574","-0.0794303318378264","guest","operator"
"2026-05-19T13:24:00.212Z","1779197040212","0.6438117068949869","0.37455766675875507","0.0457972249096093","2.922848791855513","-1.064303652987564","-0.07944019747859266","guest","operator"
"2026-05-19T13:24:00.480Z","1779197040480","0.6438682152404357","0.3696886022735186","0.045860616263768667","2.922896682240014","-1.064401337222474","-0.07931084801875647","guest","operator"
"2026-05-19T13:24:00.681Z","1779197040681","0.6438494667788728","0.3662814601399574","0.045850822870172614","2.9229276535070055","-1.06434753008518","-0.07934060282265994","guest","operator"
"2026-05-19T13:24:00.980Z","1779197040980","0.6437958232355658","0.3610598220383165","0.045759256788591995","2.9227530619270734","-1.064247880432733","-0.07946860181512293","guest","operator"
"2026-05-19T13:24:01.180Z","1779197041180","0.6437984794056442","0.35761734309837495","0.0457777387558696","2.922797566760217","-1.0642523231802419","-0.07952904135985125","guest","operator"
"2026-05-19T13:24:01.381Z","1779197041381","0.6438134116962169","0.35420906369092964","0.04578327648064004","2.9229001987449528","-1.0642043745857914","-0.07946680126545982","guest","operator"
"2026-05-19T13:24:01.581Z","1779197041581","0.643828402603668","0.35066746211633115","0.045803713974160415","2.9229114973538586","-1.0642079467399082","-0.0793742100831367","guest","operator"
"2026-05-19T13:24:01.782Z","1779197041782","0.6437428806298917","0.34719414289936823","0.04573256108428023","2.92277352303583","-1.0641630944277962","-0.07960287358172924","guest","operator"
"2026-05-19T13:24:01.991Z","1779197041991","0.6438198378042879","0.34375950167168173","0.045757096392220836","2.9228065710241244","-1.0643142335030933","-0.07936988357421569","guest","operator"
"2026-05-19T13:24:02.271Z","1779197042271","0.6438686075026936","0.33899549116166555","0.0458647754031396","2.923048276727943","-1.0643674525506834","-0.07935632379285557","guest","operator"
"2026-05-19T13:24:02.539Z","1779197042539","0.6438334523746904","0.3341047505006653","0.04580797210149401","2.922879416358526","-1.0643584810776987","-0.0794163464502661","guest","operator"
"2026-05-19T13:24:02.743Z","1779197042743","0.643819847580326","0.3305456911026416","0.0458000469684465","2.9228527467604843","-1.0643079610581212","-0.07942413148755599","guest","operator"
"2026-05-19T13:24:03.027Z","1779197043027","0.6437964772029063","0.32543111332937846","0.04581983539933254","2.9229518763795554","-1.0641511536637471","-0.0794086527153201","guest","operator"
"2026-05-19T13:24:03.249Z","1779197043249","0.6438534262414454","0.3219525393025409","0.04589130374408304","2.9230468111455843","-1.0642511326521906","-0.07929973245803146","guest","operator"
"2026-05-19T13:24:03.521Z","1779197043521","0.6438785277867178","0.31712447509977226","0.04586816683721054","2.922947119193391","-1.0643773542570407","-0.07927679878943962","guest","operator"
"2026-05-19T13:24:03.724Z","1779197043724","0.6438137142640092","0.3133652481957279","0.04573337175335229","2.922721293542686","-1.0643623108181202","-0.07951864475384526","guest","operator"
"2026-05-19T13:24:04.024Z","1779197044024","0.6438221133514127","0.30836276833825094","0.04576264160918153","2.922747453180514","-1.0644190395041093","-0.07946979680541791","guest","operator"
"2026-05-19T13:24:04.324Z","1779197044324","0.6438713643114566","0.3033199487012268","0.04585553520797306","2.9229557020951544","-1.0644012626202173","-0.07933487374295962","guest","operator"
"2026-05-19T13:24:04.620Z","1779197044620","0.6438943725247049","0.2981607145952519","0.045873202854863626","2.9229705352291426","-1.0643613467562878","-0.07925248241949123","guest","operator"
"2026-05-19T13:24:04.826Z","1779197044826","0.6438110268035709","0.2946449923231921","0.04581146667339106","2.922886815152766","-1.064278208935212","-0.07941487145212447","guest","operator"
"2026-05-19T13:24:05.130Z","1779197045130","0.6437804066508483","0.2894242841271643","0.045747944338393576","2.922836228192033","-1.0642302282820237","-0.07950677479899386","guest","operator"
"2026-05-19T13:24:05.420Z","1779197045420","0.6438386017825569","0.28424433128541393","0.045836558874178895","2.9229494785057026","-1.0642893439513137","-0.07930463537436937","guest","operator"
"2026-05-19T13:24:05.629Z","1779197045629","0.6438468768077654","0.28079771130956066","0.04581814423967323","2.9228648944797015","-1.06432275353527","-0.07935747831492437","guest","operator"
"2026-05-19T13:24:05.929Z","1779197045929","0.6438132928119685","0.27557407483931845","0.04582031081862975","2.9228817432388006","-1.064276282068095","-0.07945960951402667","guest","operator"
"2026-05-19T13:24:06.206Z","1779197046206","0.6437915173745057","0.27075206875851376","0.0457922196220128","2.9228635040498654","-1.0642759212744013","-0.07948567541307833","guest","operator"
"2026-05-19T13:24:06.410Z","1779197046410","0.6437979217140309","0.2672836698165234","0.04578832032144345","2.922843657518711","-1.0642642759176817","-0.079492693858901","guest","operator"
"2026-05-19T13:24:06.692Z","1779197046692","0.6438287868109037","0.2624236003944542","0.04585227320054819","2.922919944952478","-1.0642742931158022","-0.07942117850053527","guest","operator"
"2026-05-19T13:24:06.986Z","1779197046986","0.6438412534701269","0.25726481823168235","0.045812213029337606","2.9228428140359184","-1.0643710954431667","-0.0794247509065401","guest","operator"
"2026-05-19T13:24:07.261Z","1779197047261","0.6438236292622558","0.25245667764266183","0.04580260136528283","2.922898536358924","-1.0642073808298749","-0.07940145657942818","guest","operator"
"2026-05-19T13:24:07.571Z","1779197047571","0.6437792263697886","0.24893008409877143","0.04579947177682275","2.922845884676209","-1.064269741411908","-0.07950594216514155","guest","operator"
"2026-05-19T13:24:07.821Z","1779197047821","0.6437769120535313","0.24369916612160217","0.045771329194293775","2.922827092810904","-1.0641704014990516","-0.07948801669248443","guest","operator"
"2026-05-19T13:24:08.076Z","1779197048076","0.6438317962157268","0.23873805220799582","0.04582509455819456","2.922899304908269","-1.064303758848555","-0.07933959251027069","guest","operator"
"2026-05-19T13:24:08.289Z","1779197048289","0.6438989134888692","0.2355254883483135","0.04585680072575948","2.9229157192050343","-1.0644638827537012","-0.07920395756832517","guest","operator"
"2026-05-19T13:24:08.593Z","1779197048593","0.6438107916449272","0.2301981251254972","0.045763413905838685","2.9227730461221024","-1.0643675011284106","-0.07950582982676256","guest","operator"
"2026-05-19T13:24:08.903Z","1779197048903","0.6438083217500554","0.225124526713156","0.04576284223238719","2.922772192821968","-1.0643274507531184","-0.0794796172831609","guest","operator"
"2026-05-19T13:24:09.144Z","1779197049144","0.6438133794345295","0.22175430335527335","0.04575819305527473","2.9227622473301778","-1.0642827640490669","-0.07939129564084811","guest","operator"
"2026-05-19T13:24:09.417Z","1779197049417","0.6437923218593012","0.2165714054035204","0.045770031453800625","2.9228577421380657","-1.0642311735224323","-0.07952431996419522","guest","operator"
"2026-05-19T13:24:09.724Z","1779197049724","0.6438451248075776","0.21120969070155216","0.04582623900485397","2.9229508646119924","-1.0642530465485203","-0.07937044754730674","guest","operator"
"2026-05-19T13:24:09.975Z","1779197049975","0.6438427162451305","0.20615743117474458","0.04579910764230116","2.922819647040177","-1.0643986918690787","-0.07939072646149074","guest","operator"
"2026-05-19T13:24:10.190Z","1779197050190","0.6438703406189475","0.20311883447962087","0.04585080870513497","2.922948049085901","-1.064270499767798","-0.07925171373998106","guest","operator"
"2026-05-19T13:24:10.421Z","1779197050421","0.6438167084817746","0.19959918305108984","0.0457910428137403","2.9228438059284656","-1.0642003363484385","-0.07943835259998991","guest","operator"
"2026-05-19T13:24:10.667Z","1779197050667","0.6438182187177915","0.19436435929398357","0.04582792071218336","2.9229320127942846","-1.0641943062510604","-0.0793814493688537","guest","operator"
"2026-05-19T13:24:10.979Z","1779197050979","0.6438168562383567","0.18916419243910018","0.045791286621545135","2.9228352392063517","-1.064322265152793","-0.07940028117773172","guest","operator"
"2026-05-19T13:24:11.262Z","1779197051262","0.6438065281200964","0.18460864638239283","0.0457212191554939","2.922812956732884","-1.0642452498510155","-0.07953727884412072","guest","operator"
"2026-05-19T13:24:11.472Z","1779197051472","0.6438310279516403","0.1814931389349278","0.04578194447057776","2.9228177458621434","-1.064263759337389","-0.0794351703288363","guest","operator"
"2026-05-19T13:24:11.727Z","1779197051727","0.6438221439217614","0.17663327216100272","0.04578645301115186","2.9228299965798246","-1.0643290100886198","-0.07943200594982561","guest","operator"
"2026-05-19T13:24:11.994Z","1779197051994","0.6438147038338066","0.1717814861238283","0.04578353965485238","2.922875846812126","-1.0642111748516472","-0.0794536721054771","guest","operator"
"2026-05-19T13:24:12.284Z","1779197052284","0.6438289600146037","0.1668169898902038","0.04576725108466009","2.922814249399023","-1.0642655966671641","-0.07940795748284724","guest","operator"
"2026-05-19T13:24:12.573Z","1779197052573","0.6438295152646663","0.16178049925282645","0.04580902788377328","2.922831769597495","-1.0643967177895395","-0.0793443208486526","guest","operator"
"2026-05-19T13:24:12.860Z","1779197052860","0.6438047269227447","0.15688799482845786","0.04577627642616233","2.922872886454298","-1.0642990651495579","-0.07950268317416931","guest","operator"
"2026-05-19T13:24:13.209Z","1779197053209","0.6438289373122373","0.153228866181079","0.045776035371225154","2.9228511069244574","-1.064315494275096","-0.07942925193534202","guest","operator"
"2026-05-19T13:24:13.478Z","1779197053478","0.6438196633264145","0.15318291285035088","0.045759563193821906","2.9228070442986067","-1.0642992619452805","-0.07945056205009066","guest","operator"
"2026-05-19T13:24:13.826Z","1779197053826","0.6438250525880471","0.15318205511654095","0.04577302777348627","2.9228641371563144","-1.0642425122939265","-0.07939364669044331","guest","operator"
"2026-05-19T13:24:14.156Z","1779197054156","0.6438178006811528","0.15316166427811703","0.0457762715123356","2.922793276759188","-1.0642446168613031","-0.07941414166982871","guest","operator"
"2026-05-19T13:24:14.461Z","1779197054461","0.6438292045641557","0.153204061672881","0.04578558400873892","2.9229030778496585","-1.0641767018543362","-0.07941129606123527","guest","operator"
"2026-05-19T13:24:14.670Z","1779197054670","0.6438224048674437","0.15319085031111546","0.045790884072745536","2.9228785624933105","-1.0642896336214116","-0.07938179612031214","guest","operator"
"2026-05-19T13:24:14.995Z","1779197054995","0.6438101445979332","0.1531581878695724","0.04576857049266586","2.9227933416693523","-1.0642749163798628","-0.0794859812628754","guest","operator"
"2026-05-19T13:24:15.250Z","1779197055250","0.6438436201207756","0.15320011156397226","0.045791081364143366","2.922924915461934","-1.0642085798734187","-0.07931029470370501","guest","operator"
"2026-05-19T13:24:15.491Z","1779197055491","0.6438065587449505","0.153184704254287","0.0457781956102066","2.922855860946656","-1.0641542260573433","-0.0794312902437566","guest","operator"
"2026-05-19T13:24:15.750Z","1779197055750","0.6438144453055661","0.15318341689923834","0.045769736582015164","2.9228550613800923","-1.0642489226271452","-0.07947256645663432","guest","operator"
"2026-05-19T13:24:16.000Z","1779197056000","0.6438017184858281","0.15320937511452862","0.04576252015486948","2.9228581427095452","-1.0642172915011978","-0.07951924414173683","guest","operator"
"2026-05-19T13:24:16.255Z","1779197056255","0.6438338290137725","0.15320825791636875","0.045807838786170424","2.922925503420823","-1.0643161437522832","-0.07939118186406577","guest","operator"
"2026-05-19T13:24:16.505Z","1779197056505","0.6438257982844164","0.15316892332273818","0.04581080484771263","2.9229083726751997","-1.0642318345498007","-0.07937590246238493","guest","operator"
"2026-05-19T13:24:16.821Z","1779197056821","0.6438390246466107","0.1532280205619502","0.04579679303011075","2.922932043344298","-1.0642349538031877","-0.07939414142092242","guest","operator"
"2026-05-19T13:24:17.823Z","1779197057823","0.6438441446226543","0.15317348942722694","0.04579508168110469","2.9228472620761203","-1.064355741044486","-0.07938737253426238","guest","operator"
"2026-05-19T13:24:21.218Z","1779197061218","0.6438321782966303","0.15316970826208562","0.0457937966576453","2.922886338814175","-1.0642931507268814","-0.07940302923279682","guest","operator"
"2026-05-19T13:24:21.546Z","1779197061546","0.6438130733695536","0.15318632377929622","0.04580266400040364","2.922883778354984","-1.0642743938004222","-0.07942809618202681","guest","operator"
"2026-05-19T13:24:21.808Z","1779197061808","0.6438441268696631","0.15318070641278497","0.04578788539178269","2.9228909831362215","-1.0642800160753938","-0.07937337969935303","guest","operator"
"2026-05-19T13:24:22.089Z","1779197062089","0.6438627313737372","0.15322988507594126","0.04583734658473351","2.9229953376120204","-1.0642866137267868","-0.0792837262993695","guest","operator"
"2026-05-19T13:24:22.309Z","1779197062309","0.643815495893436","0.15319265355178938","0.045796230244046165","2.922898855693213","-1.0642136577722308","-0.0794236969033897","guest","operator"
"2026-05-19T13:24:22.555Z","1779197062555","0.6438007836797522","0.15316525302674272","0.045770497903392826","2.922830234747031","-1.0642755363891854","-0.07949430017203153","guest","operator"
"2026-05-19T13:24:22.809Z","1779197062809","0.6437995529797741","0.1532173714347135","0.04577179399034936","2.922861522234675","-1.0641975282270115","-0.0794786307716691","guest","operator"
"2026-05-19T13:24:23.162Z","1779197063162","0.642176074141086","0.15419284840307262","0.04588263719428698","2.9229422077302996","-1.0643355375687862","-0.07929975261833307","guest","operator"
"2026-05-19T13:24:23.442Z","1779197063442","0.6266434831958759","0.16459168072251265","0.045824512327148875","2.922796059642762","-1.0644701622170658","-0.07937566135746882","guest","operator"
"2026-05-19T13:24:23.673Z","1779197063673","0.6100056531823432","0.17568390879082382","0.04583559010867802","2.922919626748253","-1.0643462753237443","-0.07920078056868304","guest","operator"
"2026-05-19T13:24:23.994Z","1779197063994","0.6023776394304894","0.1808095318793265","0.045879035259776574","2.922985996033488","-1.0642558654692977","-0.07916631737549305","guest","operator"
"2026-05-19T13:24:24.236Z","1779197064236","0.5613192153137214","0.20815279249718435","0.045944014221616314","2.9231200466692275","-1.0640737342217041","-0.07908989322141642","guest","operator"
"2026-05-19T13:24:24.460Z","1779197064460","0.553607735414032","0.21301222140542747","0.04568221677253162","2.9226235899550694","-1.064227221246877","-0.07956909224137422","guest","operator"
"2026-05-19T13:24:24.739Z","1779197064739","0.552454222581609","0.21392941932709858","0.04579904413555683","2.922879863601464","-1.0643073306139785","-0.07930812775797957","guest","operator"
"2026-05-19T13:24:25.085Z","1779197065085","0.5523945144180621","0.21392445504551202","0.04576770186773038","2.9228338322505496","-1.064199984398857","-0.07937034661811322","guest","operator"
"2026-05-19T13:24:25.396Z","1779197065396","0.5524010308451414","0.21394199362806654","0.04578958269959707","2.9228582910666434","-1.0641914942265074","-0.07926952632677949","guest","operator"
"2026-05-19T13:24:25.708Z","1779197065708","0.5524103743754384","0.21395462691102615","0.04581671793478703","2.9228987585619848","-1.0642577606260315","-0.07930979176440629","guest","operator"
"2026-05-19T13:24:26.015Z","1779197066015","0.552395308087237","0.21392248187521742","0.04580815489631879","2.922848282722617","-1.0642775864195895","-0.07931014749482426","guest","operator"
"2026-05-19T13:24:26.244Z","1779197066244","0.5524201793407266","0.21394960109699368","0.04580814241054429","2.9229130793377607","-1.0641757134677152","-0.07924097385653728","guest","operator"
"2026-05-19T13:24:26.460Z","1779197066460","0.5523893132358347","0.21393856688644658","0.04580520514914732","2.9228785747688004","-1.0641058015630314","-0.07932845733151046","guest","operator"
"2026-05-19T13:24:26.818Z","1779197066818","0.5524127593945329","0.21397154171443553","0.045853726265807276","2.9229842534738175","-1.0641838765546003","-0.07927456853220648","guest","operator"
"2026-05-19T13:24:27.056Z","1779197067056","0.5524160697136357","0.2139602165650351","0.045801872685262424","2.9228897674587313","-1.0641983523366256","-0.0793022373739025","guest","operator"
"2026-05-19T13:24:27.317Z","1779197067317","0.5524122403388204","0.21396563164442353","0.04583214824220053","2.922939869264712","-1.0641905433452459","-0.07930247876087577","guest","operator"
"2026-05-19T13:24:27.580Z","1779197067580","0.5524054994146419","0.21392064944925798","0.04582058575403744","2.92289579206997","-1.0641992824713888","-0.07931204774705393","guest","operator"
"2026-05-19T13:24:27.813Z","1779197067813","0.5523930945817962","0.2139425970089899","0.045808921535857444","2.9228486594364913","-1.0642049305486114","-0.07930959049199648","guest","operator"
"2026-05-19T13:24:28.157Z","1779197068157","0.5523939201277548","0.21393049534091435","0.04579811100519654","2.9228568532151877","-1.064249363914565","-0.07941609720333283","guest","operator"
"2026-05-19T13:24:28.398Z","1779197068398","0.5524059098452433","0.2139482346318189","0.04582334808816446","2.922923771995656","-1.0641978508959404","-0.07932626149120106","guest","operator"
"2026-05-19T13:24:28.653Z","1779197068653","0.5523919619017905","0.2139722630914045","0.045826415957317845","2.9229266272746024","-1.0641238212200952","-0.0793566134193962","guest","operator"
"2026-05-19T13:24:28.973Z","1779197068973","0.5523930457774895","0.21394242860058085","0.045810485851262156","2.9228662667164387","-1.0642107106756544","-0.07930721858455862","guest","operator"
"2026-05-19T13:24:29.245Z","1779197069245","0.5524029074444965","0.21391727945299344","0.04579538558145757","2.922845042014331","-1.0642335161405347","-0.07926974028239611","guest","operator"
"2026-05-19T13:24:29.501Z","1779197069501","0.5524093178833008","0.21393020531941273","0.045829124091643025","2.9228724584725514","-1.064308069471002","-0.07928205553262481","guest","operator"
"2026-05-19T13:24:29.827Z","1779197069827","0.5524050897932269","0.21395290029389197","0.0458178863945069","2.9229012503796774","-1.0642011720713427","-0.07927197668626779","guest","operator"
"2026-05-19T13:24:30.082Z","1779197070082","0.5524080672459589","0.21391926194551186","0.045820345156934866","2.922847794681502","-1.0642439385377094","-0.07925420488041246","guest","operator"
"2026-05-19T13:24:30.289Z","1779197070289","0.5524026276983106","0.2139509110181608","0.04582471946985195","2.922922458024798","-1.064210450639079","-0.07928172864181848","guest","operator"
"2026-05-19T13:24:30.492Z","1779197070492","0.5523990551262773","0.2139467300444561","0.04582851579987343","2.922914047926136","-1.0642022622464955","-0.07933376056903986","guest","operator"
"2026-05-19T13:24:30.793Z","1779197070793","0.5523788356827004","0.21393454398177875","0.04576644291636514","2.9228135282148453","-1.064158020485144","-0.07937297758797737","guest","operator"
"2026-05-19T13:24:31.063Z","1779197071063","0.5523975046841357","0.2139488335066047","0.04583516149110342","2.9229328144100726","-1.0641730104753988","-0.07929447338153069","guest","operator"
"2026-05-19T13:24:31.498Z","1779197071498","0.5524133311702872","0.21393665090848252","0.04583512646992488","2.9229243193684034","-1.0642495762812854","-0.07923854122232638","guest","operator"
"2026-05-19T13:24:31.794Z","1779197071794","0.5523958656514837","0.21390034208781658","0.045787277562544415","2.922782889299373","-1.0643523860867514","-0.0793863315664122","guest","operator"
"2026-05-19T13:24:31.998Z","1779197071998","0.5524382698408361","0.21393036518613678","0.045826193594656256","2.922902916123039","-1.0642747071945826","-0.07920165146978535","guest","operator"
"2026-05-19T13:24:32.225Z","1779197072225","0.552426264678017","0.2139190661582713","0.045839657017692215","2.9228987709820156","-1.0643018087619809","-0.07924430230442517","guest","operator"
"2026-05-19T13:24:32.571Z","1779197072571","0.5524153540185773","0.21394378311548062","0.04582596910800174","2.9229379320197886","-1.0641705343455041","-0.07925304694945212","guest","operator"
"2026-05-19T13:24:32.885Z","1779197072885","0.5523941122672178","0.2139256067895551","0.04579981853398152","2.922810540922508","-1.0643009449814114","-0.07937511416080915","guest","operator"
"2026-05-19T13:24:33.133Z","1779197073133","0.5523930343663185","0.21393011772515363","0.045802634824682054","2.92287578669301","-1.0642689139498818","-0.07937174683038487","guest","operator"
"2026-05-19T13:24:33.507Z","1779197073507","0.552415545009812","0.213924328704224","0.045827459178587604","2.922885668946398","-1.064207697301994","-0.07921314304280364","guest","operator"
"2026-05-19T13:24:33.749Z","1779197073749","0.5523873829315532","0.21393999279703815","0.04579543493360799","2.922852825267437","-1.0641845807994341","-0.07937105123709676","guest","operator"
"2026-05-19T13:24:33.977Z","1779197073977","0.5524138558367047","0.21396235758825125","0.0458297738802213","2.922974560764695","-1.0641732052437876","-0.07929927938153337","guest","operator"
"2026-05-19T13:24:34.524Z","1779197074524","0.5523945606069479","0.2139525242249343","0.04579460229697646","2.9228880236018564","-1.0641496339506638","-0.07932564298841507","guest","operator"
"2026-05-19T13:24:34.747Z","1779197074747","0.5523846872480072","0.21395579070527507","0.045815998113883344","2.9229413674432223","-1.064136050468105","-0.07935456335314982","guest","operator"
"2026-05-19T13:24:35.124Z","1779197075124","0.5523853182709135","0.21393861419364643","0.045784502720426445","2.9228104730611983","-1.0642055709902072","-0.0794053380558167","guest","operator"
"2026-05-19T13:24:35.425Z","1779197075425","0.5523924314210775","0.21391224848214171","0.04579733576122791","2.9228276218733664","-1.064191939427597","-0.0793352159274856","guest","operator"
"2026-05-19T13:24:35.645Z","1779197075645","0.5523792520640406","0.21393365180654303","0.04577213004595368","2.9228143645376963","-1.0642311506036934","-0.07946110857816928","guest","operator"
"2026-05-19T13:24:37.131Z","1779197077131","0.5524155137918454","0.2139142721064622","0.04584184038360581","2.922862839384427","-1.064345286577155","-0.0792795791903842","guest","operator"
"2026-05-19T13:24:37.364Z","1779197077364","0.5523696245451438","0.21392231724191293","0.04576761124321996","2.922802063358188","-1.0641755339250758","-0.07944135824721067","guest","operator"
"2026-05-19T13:24:37.636Z","1779197077636","0.5523912641098844","0.21392690288935037","0.045794961726763866","2.9228348365658343","-1.0641922534164423","-0.0793311002844037","guest","operator"
"2026-05-19T13:24:37.942Z","1779197077942","0.5524029898303179","0.21393901785515881","0.04581195092352483","2.9228893759147367","-1.0642183215974708","-0.07929086146189399","guest","operator"
"2026-05-19T13:24:38.181Z","1779197078181","0.5524235797536748","0.21394555702630716","0.04583137619354041","2.922930287518902","-1.064253603530039","-0.07923042632949172","guest","operator"
"2026-05-19T13:24:38.486Z","1779197078486","0.5524235797536748","0.21394555702630716","0.04583137619354041","2.922930287518902","-1.064253603530039","-0.07923042632949172","guest","operator"
"2026-05-19T13:24:38.733Z","1779197078733","0.5524235797536748","0.21394555702630716","0.04583137619354041","2.922930287518902","-1.064253603530039","-0.07923042632949172","guest","operator"
"2026-05-19T13:24:38.960Z","1779197078960","0.5524235797536748","0.21394555702630716","0.04583137619354041","2.922930287518902","-1.064253603530039","-0.07923042632949172","guest","operator"
"2026-05-19T13:24:39.163Z","1779197079163","0.5524235797536748","0.21394555702630716","0.04583137619354041","2.922930287518902","-1.064253603530039","-0.07923042632949172","guest","operator"
"2026-05-19T13:24:39.397Z","1779197079397","0.5524235797536748","0.21394555702630716","0.04583137619354041","2.922930287518902","-1.064253603530039","-0.07923042632949172","guest","operator"
"2026-05-19T13:24:39.741Z","1779197079741","0.5524235797536748","0.21394555702630716","0.04583137619354041","2.922930287518902","-1.064253603530039","-0.07923042632949172","guest","operator"
"2026-05-19T13:24:40.046Z","1779197080046","0.5524235797536748","0.21394555702630716","0.04583137619354041","2.922930287518902","-1.064253603530039","-0.07923042632949172","guest","operator"
"2026-05-19T13:24:40.336Z","1779197080336","0.5524235797536748","0.21394555702630716","0.04583137619354041","2.922930287518902","-1.064253603530039","-0.07923042632949172","guest","operator"
"2026-05-19T13:24:40.565Z","1779197080565","0.5524235797536748","0.21394555702630716","0.04583137619354041","2.922930287518902","-1.064253603530039","-0.07923042632949172","guest","operator"
"2026-05-19T13:24:40.902Z","1779197080902","0.5524235797536748","0.21394555702630716","0.04583137619354041","2.922930287518902","-1.064253603530039","-0.07923042632949172","guest","operator"
"2026-05-19T13:24:41.187Z","1779197081187","0.5524235797536748","0.21394555702630716","0.04583137619354041","2.922930287518902","-1.064253603530039","-0.07923042632949172","guest","operator"
"2026-05-19T13:24:41.460Z","1779197081460","0.5524235797536748","0.21394555702630716","0.04583137619354041","2.922930287518902","-1.064253603530039","-0.07923042632949172","guest","operator"
"2026-05-19T13:24:41.740Z","1779197081740","0.5524235797536748","0.21394555702630716","0.04583137619354041","2.922930287518902","-1.064253603530039","-0.07923042632949172","guest","operator"
"2026-05-19T13:24:41.960Z","1779197081960","0.5524235797536748","0.21394555702630716","0.04583137619354041","2.922930287518902","-1.064253603530039","-0.07923042632949172","guest","operator"
"2026-05-19T13:24:42.294Z","1779197082294","0.5524235797536748","0.21394555702630716","0.04583137619354041","2.922930287518902","-1.064253603530039","-0.07923042632949172","guest","operator"
"2026-05-19T13:24:42.557Z","1779197082557","0.5524235797536748","0.21394555702630716","0.04583137619354041","2.922930287518902","-1.064253603530039","-0.07923042632949172","guest","operator"
"2026-05-19T13:24:42.854Z","1779197082854","0.5524235797536748","0.21394555702630716","0.04583137619354041","2.922930287518902","-1.064253603530039","-0.07923042632949172","guest","operator"
"2026-05-19T13:24:43.063Z","1779197083063","0.5524235797536748","0.21394555702630716","0.04583137619354041","2.922930287518902","-1.064253603530039","-0.07923042632949172","guest","operator"
"2026-05-19T13:24:43.314Z","1779197083314","0.5524235797536748","0.21394555702630716","0.04583137619354041","2.922930287518902","-1.064253603530039","-0.07923042632949172","guest","operator"
"2026-05-19T13:24:43.643Z","1779197083643","0.5524235797536748","0.21394555702630716","0.04583137619354041","2.922930287518902","-1.064253603530039","-0.07923042632949172","guest","operator"
"2026-05-19T13:24:43.995Z","1779197083995","0.5524235797536748","0.21394555702630716","0.04583137619354041","2.922930287518902","-1.064253603530039","-0.07923042632949172","guest","operator"
"2026-05-19T13:24:44.250Z","1779197084250","0.5524235797536748","0.21394555702630716","0.04583137619354041","2.922930287518902","-1.064253603530039","-0.07923042632949172","guest","operator"
"2026-05-19T13:24:44.488Z","1779197084488","0.5524235797536748","0.21394555702630716","0.04583137619354041","2.922930287518902","-1.064253603530039","-0.07923042632949172","guest","operator"
"2026-05-19T13:24:44.735Z","1779197084735","0.5524235797536748","0.21394555702630716","0.04583137619354041","2.922930287518902","-1.064253603530039","-0.07923042632949172","guest","operator"
"2026-05-19T13:24:44.998Z","1779197084998","0.5524235797536748","0.21394555702630716","0.04583137619354041","2.922930287518902","-1.064253603530039","-0.07923042632949172","guest","operator"
"2026-05-19T13:24:45.209Z","1779197085209","0.5524235797536748","0.21394555702630716","0.04583137619354041","2.922930287518902","-1.064253603530039","-0.07923042632949172","guest","operator"
"2026-05-19T13:24:45.410Z","1779197085410","0.5524235797536748","0.21394555702630716","0.04583137619354041","2.922930287518902","-1.064253603530039","-0.07923042632949172","guest","operator"
"2026-05-19T13:24:45.659Z","1779197085659","0.5524235797536748","0.21394555702630716","0.04583137619354041","2.922930287518902","-1.064253603530039","-0.07923042632949172","guest","operator"
"2026-05-19T13:24:45.997Z","1779197085997","0.5524235797536748","0.21394555702630716","0.04583137619354041","2.922930287518902","-1.064253603530039","-0.07923042632949172","guest","operator"
"2026-05-19T13:24:46.261Z","1779197086261","0.5524235797536748","0.21394555702630716","0.04583137619354041","2.922930287518902","-1.064253603530039","-0.07923042632949172","guest","operator"
"2026-05-19T13:24:46.562Z","1779197086562","0.5524235797536748","0.21394555702630716","0.04583137619354041","2.922930287518902","-1.064253603530039","-0.07923042632949172","guest","operator"
"2026-05-19T13:24:46.850Z","1779197086850","0.5524235797536748","0.21394555702630716","0.04583137619354041","2.922930287518902","-1.064253603530039","-0.07923042632949172","guest","operator"
"2026-05-19T13:24:47.077Z","1779197087077","0.5524235797536748","0.21394555702630716","0.04583137619354041","2.922930287518902","-1.064253603530039","-0.07923042632949172","guest","operator"
"2026-05-19T13:24:47.515Z","1779197087515","0.5524235797536748","0.21394555702630716","0.04583137619354041","2.922930287518902","-1.064253603530039","-0.07923042632949172","guest","operator"
"2026-05-19T13:24:47.748Z","1779197087748","0.5524235797536748","0.21394555702630716","0.04583137619354041","2.922930287518902","-1.064253603530039","-0.07923042632949172","guest","operator"
"2026-05-19T13:24:47.959Z","1779197087959","0.5524235797536748","0.21394555702630716","0.04583137619354041","2.922930287518902","-1.064253603530039","-0.07923042632949172","guest","operator"
"2026-05-19T13:24:48.201Z","1779197088201","0.5524235797536748","0.21394555702630716","0.04583137619354041","2.922930287518902","-1.064253603530039","-0.07923042632949172","guest","operator"
"2026-05-19T13:24:48.428Z","1779197088428","0.5524235797536748","0.21394555702630716","0.04583137619354041","2.922930287518902","-1.064253603530039","-0.07923042632949172","guest","operator"
"2026-05-19T13:24:48.691Z","1779197088691","0.5524235797536748","0.21394555702630716","0.04583137619354041","2.922930287518902","-1.064253603530039","-0.07923042632949172","guest","operator"
"2026-05-19T13:24:48.912Z","1779197088912","0.5524235797536748","0.21394555702630716","0.04583137619354041","2.922930287518902","-1.064253603530039","-0.07923042632949172","guest","operator"
"2026-05-19T13:24:49.246Z","1779197089246","0.5524235797536748","0.21394555702630716","0.04583137619354041","2.922930287518902","-1.064253603530039","-0.07923042632949172","guest","operator"
"2026-05-19T13:24:49.559Z","1779197089559","0.5524235797536748","0.21394555702630716","0.04583137619354041","2.922930287518902","-1.064253603530039","-0.07923042632949172","guest","operator"
"2026-05-19T13:24:49.837Z","1779197089837","0.5524235797536748","0.21394555702630716","0.04583137619354041","2.922930287518902","-1.064253603530039","-0.07923042632949172","guest","operator"
"2026-05-19T13:24:50.063Z","1779197090063","0.5524235797536748","0.21394555702630716","0.04583137619354041","2.922930287518902","-1.064253603530039","-0.07923042632949172","guest","operator"
"2026-05-19T13:24:50.278Z","1779197090278","0.5524235797536748","0.21394555702630716","0.04583137619354041","2.922930287518902","-1.064253603530039","-0.07923042632949172","guest","operator"
"2026-05-19T13:24:50.575Z","1779197090575","0.5524235797536748","0.21394555702630716","0.04583137619354041","2.922930287518902","-1.064253603530039","-0.07923042632949172","guest","operator"
"2026-05-19T13:24:50.815Z","1779197090815","0.5524235797536748","0.21394555702630716","0.04583137619354041","2.922930287518902","-1.064253603530039","-0.07923042632949172","guest","operator"
"2026-05-19T13:24:51.078Z","1779197091078","0.5524235797536748","0.21394555702630716","0.04583137619354041","2.922930287518902","-1.064253603530039","-0.07923042632949172","guest","operator"
"2026-05-19T13:24:51.283Z","1779197091283","0.5524235797536748","0.21394555702630716","0.04583137619354041","2.922930287518902","-1.064253603530039","-0.07923042632949172","guest","operator"
"2026-05-19T13:24:51.492Z","1779197091492","0.5524235797536748","0.21394555702630716","0.04583137619354041","2.922930287518902","-1.064253603530039","-0.07923042632949172","guest","operator"
"2026-05-19T13:24:51.726Z","1779197091726","0.5524235797536748","0.21394555702630716","0.04583137619354041","2.922930287518902","-1.064253603530039","-0.07923042632949172","guest","operator"
"2026-05-19T13:24:51.954Z","1779197091954","0.5524235797536748","0.21394555702630716","0.04583137619354041","2.922930287518902","-1.064253603530039","-0.07923042632949172","guest","operator"
"2026-05-19T13:24:52.204Z","1779197092204","0.5524235797536748","0.21394555702630716","0.04583137619354041","2.922930287518902","-1.064253603530039","-0.07923042632949172","guest","operator"
"2026-05-19T13:24:52.548Z","1779197092548","0.5524235797536748","0.21394555702630716","0.04583137619354041","2.922930287518902","-1.064253603530039","-0.07923042632949172","guest","operator"
"2026-05-19T13:24:52.822Z","1779197092822","0.5524235797536748","0.21394555702630716","0.04583137619354041","2.922930287518902","-1.064253603530039","-0.07923042632949172","guest","operator"
"2026-05-19T13:24:53.057Z","1779197093057","0.5524235797536748","0.21394555702630716","0.04583137619354041","2.922930287518902","-1.064253603530039","-0.07923042632949172","guest","operator"
"2026-05-19T13:24:53.308Z","1779197093308","0.5524235797536748","0.21394555702630716","0.04583137619354041","2.922930287518902","-1.064253603530039","-0.07923042632949172","guest","operator"
"2026-05-19T13:24:53.588Z","1779197093588","0.5524235797536748","0.21394555702630716","0.04583137619354041","2.922930287518902","-1.064253603530039","-0.07923042632949172","guest","operator"
"2026-05-19T13:24:53.803Z","1779197093803","0.5524235797536748","0.21394555702630716","0.04583137619354041","2.922930287518902","-1.064253603530039","-0.07923042632949172","guest","operator"
"2026-05-19T13:24:54.088Z","1779197094088","0.5524235797536748","0.21394555702630716","0.04583137619354041","2.922930287518902","-1.064253603530039","-0.07923042632949172","guest","operator"
"2026-05-19T13:24:59.635Z","1779197099635","0.5524235797536748","0.21394555702630716","0.04583137619354041","2.922930287518902","-1.064253603530039","-0.07923042632949172","guest","operator"
"2026-05-19T13:25:03.215Z","1779197103215","0.5524235797536748","0.21394555702630716","0.04583137619354041","2.922930287518902","-1.064253603530039","-0.07923042632949172","guest","operator"
"2026-05-19T13:25:03.517Z","1779197103517","0.5524235797536748","0.21394555702630716","0.04583137619354041","2.922930287518902","-1.064253603530039","-0.07923042632949172","guest","observer"
"2026-05-19T13:25:03.743Z","1779197103743","0.5524235797536748","0.21394555702630716","0.04583137619354041","2.922930287518902","-1.064253603530039","-0.07923042632949172","guest","observer"
"2026-05-19T13:25:04.078Z","1779197104078","0.5524235797536748","0.21394555702630716","0.04583137619354041","2.922930287518902","-1.064253603530039","-0.07923042632949172","guest","observer"
"2026-05-19T13:25:04.387Z","1779197104387","0.5524235797536748","0.21394555702630716","0.04583137619354041","2.922930287518902","-1.064253603530039","-0.07923042632949172","guest","observer"
"2026-05-19T13:25:04.643Z","1779197104643","0.5524235797536748","0.21394555702630716","0.04583137619354041","2.922930287518902","-1.064253603530039","-0.07923042632949172","guest","observer"
"2026-05-19T13:25:04.945Z","1779197104945","0.5524235797536748","0.21394555702630716","0.04583137619354041","2.922930287518902","-1.064253603530039","-0.07923042632949172","guest","observer"
"2026-05-19T13:25:05.246Z","1779197105246","0.5524235797536748","0.21394555702630716","0.04583137619354041","2.922930287518902","-1.064253603530039","-0.07923042632949172","guest","observer"
"2026-05-19T13:25:05.550Z","1779197105550","0.5524235797536748","0.21394555702630716","0.04583137619354041","2.922930287518902","-1.064253603530039","-0.07923042632949172","guest","observer"
"2026-05-19T13:25:05.793Z","1779197105793","0.5524235797536748","0.21394555702630716","0.04583137619354041","2.922930287518902","-1.064253603530039","-0.07923042632949172","guest","observer"
"2026-05-19T13:25:06.048Z","1779197106048","0.5524235797536748","0.21394555702630716","0.04583137619354041","2.922930287518902","-1.064253603530039","-0.07923042632949172","guest","observer"
"2026-05-19T13:25:06.324Z","1779197106324","0.5524235797536748","0.21394555702630716","0.04583137619354041","2.922930287518902","-1.064253603530039","-0.07923042632949172","guest","observer"
"2026-05-19T13:25:06.639Z","1779197106639","0.5524235797536748","0.21394555702630716","0.04583137619354041","2.922930287518902","-1.064253603530039","-0.07923042632949172","guest","observer"
"2026-05-19T13:25:06.930Z","1779197106930","0.5524235797536748","0.21394555702630716","0.04583137619354041","2.922930287518902","-1.064253603530039","-0.07923042632949172","guest","observer"
"2026-05-19T13:25:07.164Z","1779197107164","0.5524235797536748","0.21394555702630716","0.04583137619354041","2.922930287518902","-1.064253603530039","-0.07923042632949172","guest","observer"
"2026-05-19T13:25:07.532Z","1779197107532","0.5524235797536748","0.21394555702630716","0.04583137619354041","2.922930287518902","-1.064253603530039","-0.07923042632949172","guest","observer"
"2026-05-19T13:25:07.741Z","1779197107741","0.5524235797536748","0.21394555702630716","0.04583137619354041","2.922930287518902","-1.064253603530039","-0.07923042632949172","guest","observer"
"2026-05-19T13:25:08.086Z","1779197108086","0.5524235797536748","0.21394555702630716","0.04583137619354041","2.922930287518902","-1.064253603530039","-0.07923042632949172","guest","observer"
"2026-05-19T13:25:08.319Z","1779197108319","0.5524235797536748","0.21394555702630716","0.04583137619354041","2.922930287518902","-1.064253603530039","-0.07923042632949172","guest","observer"
"2026-05-19T13:25:08.562Z","1779197108562","0.5524235797536748","0.21394555702630716","0.04583137619354041","2.922930287518902","-1.064253603530039","-0.07923042632949172","guest","observer"
"2026-05-19T13:25:08.803Z","1779197108803","0.5524235797536748","0.21394555702630716","0.04583137619354041","2.922930287518902","-1.064253603530039","-0.07923042632949172","guest","observer"
"2026-05-19T13:25:09.150Z","1779197109150","0.5524235797536748","0.21394555702630716","0.04583137619354041","2.922930287518902","-1.064253603530039","-0.07923042632949172","guest","observer"
"2026-05-19T13:25:09.402Z","1779197109402","0.5524235797536748","0.21394555702630716","0.04583137619354041","2.922930287518902","-1.064253603530039","-0.07923042632949172","guest","observer"
"2026-05-19T13:25:09.608Z","1779197109608","0.5524235797536748","0.21394555702630716","0.04583137619354041","2.922930287518902","-1.064253603530039","-0.07923042632949172","guest","observer"
"2026-05-19T13:25:09.815Z","1779197109815","0.5524235797536748","0.21394555702630716","0.04583137619354041","2.922930287518902","-1.064253603530039","-0.07923042632949172","guest","observer"
"2026-05-19T13:25:10.061Z","1779197110061","0.5524235797536748","0.21394555702630716","0.04583137619354041","2.922930287518902","-1.064253603530039","-0.07923042632949172","guest","observer"
"2026-05-19T13:25:10.305Z","1779197110305","0.5524206942631916","0.21393433709541865","0.045820040090128744","2.9228918923154543","-1.0642752926465382","-0.07927328674661857","guest","observer"
"2026-05-19T13:25:10.639Z","1779197110639","0.552413012735095","0.21394485110816483","0.04580291168071701","2.922917549944695","-1.0641874260211013","-0.07933813486135118","guest","observer"
"2026-05-19T13:25:10.952Z","1779197110952","0.5524060052896407","0.2139586345794923","0.04580638835516712","2.922917307020111","-1.0641618241287312","-0.07928840725041976","guest","observer"
"2026-05-19T13:25:11.223Z","1779197111223","0.5524162917968176","0.21393677931378244","0.04582640172523453","2.922917129410591","-1.0642129992828058","-0.07928622125474041","guest","observer"
"2026-05-19T13:25:11.463Z","1779197111463","0.5524172327460065","0.21391879560692237","0.04579574824910995","2.922822237959868","-1.0642260910432384","-0.07924822437560042","guest","observer"
"2026-05-19T13:25:11.713Z","1779197111713","0.5524120098772229","0.2139166768871596","0.04580581637105008","2.9228168650738273","-1.0641982114240924","-0.07927294683010128","guest","observer"
"2026-05-19T13:25:12.058Z","1779197112058","0.5523984432265304","0.2139422168409873","0.04578145610564269","2.9228867908203924","-1.064176709456587","-0.07934672132846306","guest","observer"
"2026-05-19T13:25:12.392Z","1779197112392","0.5524254325719089","0.21393398716434167","0.0458219400878315","2.9228917676713806","-1.0641945800684594","-0.07921164342053345","guest","observer"
"2026-05-19T13:25:12.657Z","1779197112657","0.5524078666978521","0.21394777130649156","0.045828808747498395","2.922915938815297","-1.0642141395508244","-0.07924763318576501","guest","observer"
"2026-05-19T13:25:12.871Z","1779197112871","0.5524163276278797","0.21393412797747502","0.04580599364562246","2.922878470641363","-1.064254409932772","-0.07930661402630987","guest","observer"
"2026-05-19T13:25:13.111Z","1779197113111","0.5523936770516913","0.21393913121291688","0.04579550426187318","2.922875570018485","-1.0642202066678528","-0.07932297610925333","guest","observer"
"2026-05-19T13:25:13.414Z","1779197113414","0.5523926942080208","0.21394986030904992","0.04581341823766444","2.9228492546138423","-1.064165969724951","-0.07924648578080201","guest","observer"
"2026-05-19T13:25:13.683Z","1779197113683","0.552396138540272","0.2139270782178003","0.04580042112883939","2.9228445348498977","-1.0641831760090539","-0.07932513593524051","guest","observer"
"2026-05-19T13:25:13.988Z","1779197113988","0.5524237529971571","0.21393484349040864","0.04581637586702858","2.922861429138512","-1.0643096576689324","-0.07931329664425014","guest","observer"
"2026-05-19T13:25:14.314Z","1779197114314","0.5524106511457728","0.21392654033437558","0.04583226330001866","2.9228915221097345","-1.0642793701421407","-0.07929792721854742","guest","observer"
"2026-05-19T13:25:14.632Z","1779197114632","0.5523878075874666","0.2139392092604818","0.045815277865302595","2.9228631364854283","-1.0643015127707447","-0.07939527196246624","guest","observer"
"2026-05-19T13:25:14.949Z","1779197114949","0.5523821826186371","0.213937805230695","0.04581849702448215","2.9228687718376105","-1.0642633477408452","-0.07941895336308889","guest","observer"
"2026-05-19T13:25:15.243Z","1779197115243","0.552402831486175","0.21393091025801594","0.0458039391807791","2.922874099898465","-1.0642308932429612","-0.07937390986395824","guest","observer"
"2026-05-19T13:25:15.559Z","1779197115559","0.5524065961685769","0.21395303636206994","0.04580037386744065","2.9228995495325885","-1.0642517239071914","-0.07933554565617201","guest","observer"
"2026-05-19T13:25:15.830Z","1779197115830","0.5523922033028985","0.21393041411493272","0.04580152028711401","2.922847502068795","-1.0641712309636402","-0.07937506842970915","guest","observer"
"2026-05-19T13:25:16.054Z","1779197116054","0.5523950484461159","0.2139445950687981","0.04581810676825654","2.9228705204717356","-1.0641921727818138","-0.07931541425800334","guest","observer"
"2026-05-19T13:25:16.295Z","1779197116295","0.5523808830194827","0.21395041854817573","0.04582092545390026","2.922866884988491","-1.0641771819011034","-0.07930884816366832","guest","observer"
"2026-05-19T13:25:16.540Z","1779197116540","0.5523808509092203","0.2139565750358551","0.04579819882728542","2.922909592705441","-1.0640837664412643","-0.07937718069959243","guest","observer"
"2026-05-19T13:25:16.857Z","1779197116857","0.5524135437505546","0.21392376800068091","0.045824623973241024","2.922878004960808","-1.0642690720040877","-0.07930794607687593","guest","observer"
"2026-05-19T13:25:17.203Z","1779197117203","0.5524066212705473","0.21392476188035195","0.04581871974687171","2.922841905013409","-1.0642747301247246","-0.07928670961878019","guest","observer"
"2026-05-19T13:25:17.418Z","1779197117418","0.5523794892528806","0.21392505731077394","0.0457724985925769","2.9227825978643343","-1.0642100082616124","-0.07939330622566343","guest","observer"
"2026-05-19T13:25:17.675Z","1779197117675","0.5524175079517714","0.21393258494865613","0.04582235704172652","2.922870819575948","-1.0642692871899553","-0.07931969100394842","guest","observer"
"2026-05-19T13:25:17.931Z","1779197117931","0.5524171712186833","0.21395057087173183","0.045827366556654786","2.922929435295791","-1.064212000337473","-0.07931558811629827","guest","observer"
"2026-05-19T13:25:18.173Z","1779197118173","0.5523870117677183","0.21390089564624956","0.04579241928211014","2.922771838999613","-1.0643214074615084","-0.07939487688508616","guest","observer"
"2026-05-19T13:25:18.447Z","1779197118447","0.5524122793075321","0.21393231931748272","0.04583008467969493","2.922880235910437","-1.064277449067297","-0.07926952282939477","guest","observer"
"2026-05-19T13:25:18.675Z","1779197118675","0.5524113529656297","0.21392188924060085","0.045827616268423355","2.922860160755123","-1.064235693468244","-0.0792994264672544","guest","observer"
"2026-05-19T13:25:18.950Z","1779197118950","0.5524065745382551","0.21393507073998486","0.04579080066768679","2.922846585083726","-1.0641487453831235","-0.07930567620837499","guest","observer"
"2026-05-19T13:25:19.208Z","1779197119208","0.5523971393368196","0.21391882026600373","0.045771044050317844","2.9227799294744248","-1.064253465180242","-0.0793411317702133","guest","observer"
"2026-05-19T13:25:19.453Z","1779197119453","0.5524194935656335","0.21392191183524048","0.04583156685665574","2.9228717570391884","-1.0643070814658542","-0.07927684597548205","guest","observer"
"2026-05-19T13:25:19.736Z","1779197119736","0.5523850668666959","0.21391315811718237","0.04580190161451078","2.922838293588066","-1.0642569477181625","-0.07938342883563132","guest","observer"
"2026-05-19T13:25:19.937Z","1779197119937","0.55241140633005","0.21391422734811072","0.045800307284770525","2.9228444473057404","-1.0642892116451599","-0.0792977767555133","guest","observer"
"2026-05-19T13:25:20.209Z","1779197120209","0.552359435187027","0.21393216046445243","0.04578180350020433","2.9228133952476827","-1.0641492664971899","-0.07947612917767215","guest","observer"
"2026-05-19T13:25:20.411Z","1779197120411","0.5523851081610079","0.21394810470289938","0.04581345040359655","2.922850193547684","-1.0641593662288333","-0.07935924936304573","guest","observer"
"2026-05-19T13:25:20.744Z","1779197120744","0.552404086181937","0.21395957755712602","0.04582713124166854","2.9229197537051372","-1.064285270421131","-0.07930002771083403","guest","observer"
"2026-05-19T13:25:20.974Z","1779197120974","0.5523905042676018","0.2139337025488371","0.04578052492604809","2.922840100544887","-1.0642662067061133","-0.07940797364616532","guest","observer"
"2026-05-19T13:25:21.229Z","1779197121229","0.5523838941148492","0.21396144310148205","0.045807174680531665","2.9228800052805144","-1.0642087570828853","-0.07933614115106727","guest","observer"
"2026-05-19T13:25:21.455Z","1779197121455","0.5524157640733123","0.21395621745168647","0.04582660945933603","2.9229601296902468","-1.064205417011837","-0.07929467279830561","guest","observer"
"2026-05-19T13:25:21.716Z","1779197121716","0.5523853472553604","0.21390530139374564","0.045796524681719825","2.9228050713567533","-1.064298070447709","-0.07935257228920888","guest","observer"