ts,seq,cmd_type,relay_rtt_ms,authority
0.0,1,speedl_stop,20,operator
0.018,2,speedl_stop,20,operator
0.039,3,speedl_stop,20,operator
0.059,4,speedl_stop,20,operator
0.079,5,speedl_stop,20,operator
0.099,6,speedl_stop,20,operator
0.119,7,speedl_stop,20,operator
0.139,8,speedl_stop,20,operator
0.16,9,speedl_stop,20,operator
0.179,10,speedl_stop,20,operator
0.199,11,speedl_stop,20,operator
0.219,12,speedl_stop,20,operator
0.239,13,speedl_stop,103,operator
0.259,14,speedl_stop,103,operator
0.279,15,speedl_stop,103,operator
0.299,16,speedl_stop,103,operator
0.319,17,speedl_stop,103,operator
0.339,18,speedl_stop,103,operator
0.359,19,speedl_stop,103,operator
0.379,20,speedl_stop,103,operator
0.399,21,speedl,103,operator
0.419,22,speedl,103,operator
0.439,23,speedl,103,operator
0.459,24,speedl,103,operator
0.48,25,speedl,103,operator
0.501,26,speedl,103,operator
0.519,27,speedl,103,operator
0.539,28,speedl,103,operator
0.56,29,speedl,103,operator
0.579,30,speedl,196,operator
0.599,31,speedl,196,operator
0.621,32,speedl,196,operator
0.639,33,speedl,196,operator
0.659,34,speedl,196,operator
0.679,35,speedl,32,operator
0.699,36,speedl,32,operator
0.72,37,speedl,32,operator
0.739,38,speedl,32,operator
0.76,39,speedl,32,operator
0.78,40,speedl,32,operator
0.799,41,speedl,32,operator
0.819,42,speedl,32,operator
0.839,43,speedl,32,operator
0.86,44,speedl,32,operator
0.879,45,speedl,32,operator
0.899,46,speedl,32,operator
0.921,47,speedl,32,operator
0.94,48,speedl,32,operator
0.959,49,speedl,67,operator
0.98,50,speedl,67,operator
0.999,51,speedl,67,operator
1.019,52,speedl,67,operator
1.039,53,speedl,67,operator
1.059,54,speedl,67,operator
1.079,55,speedl,67,operator
1.099,56,speedl,67,operator
1.119,57,speedl,67,operator
1.139,58,speedl,67,operator
1.159,59,speedl,67,operator
1.18,60,speedl,45,operator
1.199,61,speedl,45,operator
1.219,62,speedl,45,operator
1.239,63,speedl,45,operator
1.26,64,speedl,45,operator
1.279,65,speedl,45,operator
1.299,66,speedl,45,operator
1.321,67,speedl,45,operator
1.339,68,speedl,45,operator
1.359,69,speedl,45,operator
1.38,70,speedl,45,operator
1.399,71,speedl,45,operator
1.421,72,speedl,45,operator
1.439,73,speedl,48,operator
1.46,74,speedl,48,operator
1.479,75,speedl,48,operator
1.499,76,speedl,48,operator
1.518,77,speedl,48,operator
1.539,78,speedl,48,operator
1.559,79,speedl,48,operator
1.579,80,speedl,48,operator
1.599,81,speedl,48,operator
1.621,82,speedl,48,operator
1.639,83,speedl,48,operator
1.659,84,speedl,48,operator
1.679,85,speedl,48,operator
1.699,86,speedl,48,operator
1.719,87,speedl,48,operator
1.739,88,speedl,48,operator
1.759,89,speedl,183,operator
1.779,90,speedl,183,operator
1.799,91,speedl,183,operator
1.819,92,speedl,183,operator
1.839,93,speedl,183,operator
1.859,94,speedl,183,operator
1.879,95,speedl,183,operator
1.899,96,speedl,183,operator
1.92,97,speedl,183,operator
1.939,98,speedl,47,operator
1.959,99,speedl,47,operator
1.979,100,speedl,47,operator
1.999,101,speedl,47,operator
2.019,102,speedl,47,operator
2.039,103,speedl,47,operator
2.059,104,speedl,47,operator
2.08,105,speedl,47,operator
2.099,106,speedl,47,operator
2.12,107,speedl,47,operator
2.14,108,speedl,47,operator
2.159,109,speedl,47,operator
2.18,110,speedl,34,operator
2.2,111,speedl,34,operator
2.22,112,speedl,34,operator
2.239,113,speedl,34,operator
2.259,114,speedl,34,operator
2.28,115,speedl,34,operator
2.298,116,speedl,34,operator
2.319,117,speedl,34,operator
2.339,118,speedl,34,operator
2.359,119,speedl,34,operator
2.379,120,speedl,34,operator
2.399,121,speedl,19,operator
2.419,122,speedl,19,operator
2.44,123,speedl,19,operator
2.46,124,speedl,19,operator
2.479,125,speedl,19,operator
2.499,126,speedl,19,operator
2.519,127,speedl,19,operator
2.539,128,speedl,19,operator
2.559,129,speedl,19,operator
2.58,130,speedl,19,operator
2.599,131,speedl,19,operator
2.62,132,speedl,19,operator
2.639,133,speedl,19,operator
2.659,134,speedl,19,operator
2.679,135,speedl,34,operator
2.699,136,speedl,34,operator
2.72,137,speedl,34,operator
2.739,138,speedl,34,operator
2.759,139,speedl,34,operator
2.779,140,speedl,34,operator
2.799,141,speedl,34,operator
2.82,142,speedl,34,operator
2.839,143,speedl,34,operator
2.859,144,speedl,34,operator
2.879,145,speedl,34,operator
2.899,146,speedl,34,operator
2.92,147,speedl,34,operator
2.939,148,speedl,47,operator
2.959,149,speedl,47,operator
2.98,150,speedl,47,operator
3.0,151,speedl,47,operator
3.02,152,speedl,47,operator
3.039,153,speedl,47,operator
3.059,154,speedl,47,operator
3.079,155,speedl,47,operator
3.099,156,speedl,47,operator
3.121,157,speedl,47,operator
3.139,158,speedl,47,operator
3.159,159,speedl,47,operator
3.179,160,speedl,38,operator
3.199,161,speedl,38,operator
3.221,162,speedl,38,operator
3.238,163,speedl,38,operator
3.26,164,speedl,38,operator
3.279,165,speedl,38,operator
3.299,166,speedl,38,operator
3.321,167,speedl,38,operator
3.339,168,speedl,38,operator
3.36,169,speedl,38,operator
3.379,170,speedl,38,operator
3.399,171,speedl,38,operator
3.422,172,speedl,33,operator
3.439,173,speedl,33,operator
3.459,174,speedl,33,operator
3.479,175,speedl,33,operator
3.499,176,speedl,33,operator
3.522,177,speedl,33,operator
3.539,178,speedl,33,operator
3.559,179,speedl,33,operator
3.579,180,speedl,33,operator
3.599,181,speedl,33,operator
3.62,182,speedl,33,operator
3.639,183,speedl,33,operator
3.659,184,speedl,33,operator
3.679,185,speedl,36,operator
3.699,186,speedl,36,operator
3.72,187,speedl,36,operator
3.739,188,speedl,36,operator
3.759,189,speedl,36,operator
3.779,190,speedl,36,operator
3.801,191,speedl,36,operator
3.819,192,speedl,36,operator
3.839,193,speedl,36,operator
3.859,194,speedl,36,operator
3.879,195,speedl,36,operator
3.899,196,speedl,36,operator
3.919,197,speedl,40,operator
3.939,198,speedl,40,operator
3.959,199,speedl,40,operator
3.979,200,speedl,40,operator
4.0,201,speedl,40,operator
4.02,202,speedl,40,operator
4.039,203,speedl,40,operator
4.058,204,speedl,40,operator
4.079,205,speedl,40,operator
4.099,206,speedl,40,operator
4.119,207,speedl,40,operator
4.139,208,speedl,40,operator
4.16,209,speedl,40,operator
4.179,210,speedl,52,operator
4.199,211,speedl,52,operator
4.22,212,speedl,52,operator
4.239,213,speedl,52,operator
4.259,214,speedl,52,operator
4.279,215,speedl,52,operator
4.285,216,speedl_stop,52,operator
4.318,217,speedl_stop,52,operator
4.318,218,speedl_stop,52,operator
4.96,219,speedl_stop,33,operator
4.981,220,speedl_stop,89,operator
5.001,221,speedl_stop,89,operator
5.02,222,speedl_stop,89,operator
5.027,223,speedl_stop,89,operator
5.557,224,speedl_stop,88,operator
5.577,225,speedl_stop,88,operator
5.597,226,speedl_stop,88,operator
5.617,227,speedl_stop,88,operator
5.637,228,speedl_stop,88,operator
5.657,229,speedl_stop,21,operator
5.677,230,speedl_stop,21,operator
5.697,231,speedl_stop,21,operator
5.717,232,speedl_stop,21,operator
5.738,233,speedl_stop,21,operator
5.758,234,speedl_stop,21,operator
5.777,235,speedl_stop,21,operator
5.797,236,speedl_stop,21,operator
5.82,237,speedl_stop,21,operator
5.838,238,speedl_stop,21,operator
5.857,239,speedl_stop,21,operator
5.877,240,speedl_stop,21,operator
5.897,241,speedl_stop,21,operator
5.917,242,speedl_stop,38,operator
5.938,243,speedl_stop,38,operator
5.957,244,speedl_stop,38,operator
5.977,245,speedl_stop,38,operator
5.998,246,speedl_stop,38,operator
6.017,247,speedl_stop,38,operator
6.037,248,speedl_stop,38,operator
6.058,249,speedl_stop,38,operator
6.077,250,speedl_stop,38,operator
6.097,251,speedl_stop,38,operator
6.117,252,speedl_stop,38,operator
6.138,253,speedl_stop,38,operator
6.157,254,speedl,38,operator
6.178,255,speedl,39,operator
6.198,256,speedl,39,operator
6.221,257,speedl,39,operator
6.237,258,speedl,39,operator
6.257,259,speedl,39,operator
6.278,260,speedl,39,operator
6.298,261,speedl,39,operator
6.317,262,speedl,39,operator
6.337,263,speedl,39,operator
6.358,264,speedl,39,operator
6.377,265,speedl,39,operator
6.398,266,speedl,39,operator
6.417,267,speedl,34,operator
6.437,268,speedl,34,operator
6.458,269,speedl,34,operator
6.479,270,speedl,34,operator
6.498,271,speedl,34,operator
6.52,272,speedl,34,operator
6.537,273,speedl,34,operator
6.558,274,speedl,34,operator
6.577,275,speedl,34,operator
6.597,276,speedl,34,operator
6.617,277,speedl,34,operator
6.637,278,speedl,34,operator
6.659,279,speedl,34,operator
6.677,280,speedl,34,operator
6.698,281,speedl,49,operator
6.722,282,speedl,49,operator
6.737,283,speedl,49,operator
6.777,284,speedl,49,operator
6.797,285,speedl,49,operator
6.817,286,speedl,49,operator
6.838,287,speedl,49,operator
6.858,288,speedl,49,operator
6.877,289,speedl,49,operator
6.898,290,speedl,17,operator
6.921,291,speedl,17,operator
6.939,292,speedl,17,operator
6.957,293,speedl,17,operator
6.977,294,speedl,17,operator
6.997,295,speedl,17,operator
7.017,296,speedl,17,operator
7.037,297,speedl_stop,17,operator
7.037,298,speedl_stop,17,operator
7.038,299,speedl_stop,17,operator
7.057,300,speedl_stop,17,operator
7.077,301,speedl_stop,17,operator
7.097,302,speedl_stop,17,operator
7.12,303,speedl_stop,17,operator
7.131,304,speedl_stop,17,operator
7.637,305,speedl_stop,88,operator
7.654,306,speedl_stop,88,operator
7.675,307,speedl_stop,30,operator
7.694,308,speedl_stop,30,operator
7.715,309,speedl_stop,30,operator
7.737,310,speedl_stop,30,operator
7.755,311,speedl_stop,30,operator
7.776,312,speedl_stop,30,operator
7.795,313,speedl_stop,30,operator
7.814,314,speedl_stop,30,operator
7.835,315,speedl_stop,30,operator
7.855,316,speedl_stop,30,operator
7.874,317,speedl_stop,30,operator
8.037,318,speedl,28,operator
8.056,319,speedl,28,operator
8.075,320,speedl,28,operator
8.095,321,speedl,28,operator
8.115,322,speedl,28,operator
8.134,323,speedl,28,operator
8.155,324,speedl,17,operator
8.174,325,speedl,17,operator
8.195,326,speedl,17,operator
8.214,327,speedl,17,operator
8.238,328,speedl,17,operator
8.255,329,speedl,17,operator
8.275,330,speedl,17,operator
8.295,331,speedl,17,operator
8.315,332,speedl,17,operator
8.335,333,speedl,17,operator
8.355,334,speedl,17,operator
8.374,335,speedl,17,operator
8.395,336,speedl,17,operator
8.415,337,speedl,39,operator
8.437,338,speedl,39,operator
8.455,339,speedl,39,operator
8.475,340,speedl,39,operator
8.496,341,speedl,39,operator
8.515,342,speedl,39,operator
8.536,343,speedl,39,operator
8.555,344,speedl,39,operator
8.575,345,speedl,39,operator
8.594,346,speedl,39,operator
8.615,347,speedl,39,operator
8.637,348,speedl,39,operator
8.654,349,speedl,39,operator
8.674,350,speedl,27,operator
8.695,351,speedl,27,operator
8.714,352,speedl,27,operator
8.737,353,speedl,27,operator
8.755,354,speedl,27,operator
8.775,355,speedl,27,operator
8.795,356,speedl,27,operator
8.815,357,speedl,27,operator
8.837,358,speedl,27,operator
8.855,359,speedl,27,operator
8.875,360,speedl,27,operator
8.895,361,speedl,27,operator
8.915,362,speedl,35,operator
8.934,363,speedl,35,operator
8.955,364,speedl,35,operator
8.974,365,speedl,35,operator
8.995,366,speedl,35,operator
9.015,367,speedl,35,operator
9.037,368,speedl,35,operator
9.055,369,speedl,35,operator
9.074,370,speedl,35,operator
9.095,371,speedl,35,operator
9.115,372,speedl,35,operator
9.135,373,speedl,35,operator
9.155,374,speedl,35,operator
9.175,375,speedl,35,operator
9.195,376,speedl,35,operator
9.215,377,speedl,35,operator
9.237,378,speedl,35,operator
9.255,379,speedl,35,operator
9.275,380,speedl,35,operator
9.295,381,speedl,35,operator
9.315,382,speedl,35,operator
9.337,383,speedl,35,operator
9.355,384,speedl,35,operator
9.375,385,speedl,35,operator
9.395,386,speedl,17,operator
9.414,387,speedl,17,operator
9.435,388,speedl,17,operator
9.455,389,speedl,17,operator
9.474,390,speedl,17,operator
9.496,391,speedl,17,operator
9.515,392,speedl,17,operator
9.536,393,speedl,17,operator
9.555,394,speedl,17,operator
9.574,395,speedl,17,operator
9.595,396,speedl,17,operator
9.615,397,speedl,17,operator
9.637,398,speedl,17,operator
9.655,399,speedl,17,operator
9.675,400,speedl,36,operator
9.695,401,speedl,36,operator
9.715,402,speedl,36,operator
9.737,403,speedl,36,operator
9.755,404,speedl,36,operator
9.775,405,speedl,36,operator
9.795,406,speedl,36,operator
9.815,407,speedl,36,operator
9.835,408,speedl,36,operator
9.855,409,speedl,36,operator
9.875,410,speedl,36,operator
9.895,411,speedl,36,operator
9.914,412,speedl,30,operator
9.937,413,speedl,30,operator
9.954,414,speedl,30,operator
9.974,415,speedl,30,operator
9.995,416,speedl,30,operator
10.015,417,speedl,30,operator
10.037,418,speedl,30,operator
10.054,419,speedl,30,operator
10.074,420,speedl,30,operator
10.095,421,speedl,30,operator
10.115,422,speedl,30,operator
10.137,423,speedl,30,operator
10.155,424,speedl,30,operator
10.175,425,speedl,35,operator
10.194,426,speedl,35,operator
10.215,427,speedl,35,operator
10.239,428,speedl,35,operator
10.255,429,speedl,35,operator
10.276,430,speedl,35,operator
10.295,431,speedl,35,operator
10.316,432,speedl,35,operator
10.338,433,speedl,35,operator
10.355,434,speedl,35,operator
10.374,435,speedl,35,operator
10.395,436,speedl,35,operator
10.414,437,speedl,33,operator
10.438,438,speedl,33,operator
10.454,439,speedl,33,operator
10.475,440,speedl,33,operator
10.495,441,speedl,33,operator
10.514,442,speedl,33,operator
10.538,443,speedl,33,operator
10.556,444,speedl,33,operator
10.574,445,speedl,33,operator
10.596,446,speedl,33,operator
10.615,447,speedl,33,operator
10.637,448,speedl,33,operator
10.655,449,speedl,33,operator
10.675,450,speedl,33,operator
10.694,451,speedl,53,operator
10.714,452,speedl,53,operator
10.736,453,speedl,53,operator
10.755,454,speedl,53,operator
10.775,455,speedl,53,operator
10.794,456,speedl,53,operator
10.814,457,speedl,53,operator
10.836,458,speedl,53,operator
10.856,459,speedl,53,operator
10.874,460,speedl,53,operator
10.895,461,speedl,53,operator
10.915,462,speedl,53,operator
10.937,463,speedl,38,operator
10.955,464,speedl,38,operator
10.975,465,speedl,38,operator
10.995,466,speedl,38,operator
11.015,467,speedl,38,operator
11.037,468,speedl,38,operator
11.054,469,speedl,38,operator
11.074,470,speedl,38,operator
11.094,471,speedl,38,operator
11.114,472,speedl,38,operator
11.134,473,speedl,38,operator
11.155,474,speedl,38,operator
11.175,475,speedl,38,operator
11.194,476,speedl,43,operator
11.214,477,speedl,43,operator
11.237,478,speedl,43,operator
11.254,479,speedl,43,operator
11.274,480,speedl,43,operator
11.295,481,speedl,43,operator
11.315,482,speedl,43,operator
11.335,483,speedl,43,operator
11.354,484,speedl,43,operator
11.375,485,speedl,43,operator
11.395,486,speedl,43,operator
11.414,487,speedl,28,operator
11.437,488,speedl,28,operator
11.454,489,speedl,28,operator
11.475,490,speedl,28,operator
11.494,491,speedl,28,operator
11.514,492,speedl,28,operator
11.536,493,speedl,28,operator
11.555,494,speedl,28,operator
11.575,495,speedl,28,operator
11.594,496,speedl,28,operator
11.615,497,speedl,28,operator
11.634,498,speedl,28,operator
11.654,499,speedl,28,operator
11.675,500,speedl,28,operator
11.695,501,speedl,41,operator
11.714,502,speedl,41,operator
11.737,503,speedl,41,operator
11.754,504,speedl,41,operator
11.774,505,speedl,41,operator
11.794,506,speedl,41,operator
11.816,507,speedl,41,operator
11.837,508,speedl,41,operator
11.856,509,speedl,41,operator
11.875,510,speedl,41,operator
11.895,511,speedl,41,operator
11.914,512,speedl,32,operator
11.937,513,speedl,32,operator
11.954,514,speedl,32,operator
11.974,515,speedl,32,operator
11.995,516,speedl,32,operator
12.014,517,speedl,32,operator
12.034,518,speedl,32,operator
12.055,519,speedl,32,operator
12.074,520,speedl,32,operator
12.095,521,speedl,32,operator
12.115,522,speedl,32,operator
12.134,523,speedl,32,operator
12.155,524,speedl,32,operator
12.175,525,speedl,32,operator
12.195,526,speedl,61,operator
12.215,527,speedl,61,operator
12.237,528,speedl,61,operator
12.254,529,speedl,61,operator
12.274,530,speedl,61,operator
12.283,531,speedl_stop,61,operator
12.283,532,speedl_stop,61,operator
12.294,533,speedl_stop,61,operator
12.315,534,speedl_stop,61,operator
12.334,535,speedl_stop,61,operator
12.354,536,speedl_stop,61,operator
12.374,537,speedl_stop,61,operator
12.395,538,speedl_stop,61,operator
12.415,539,speedl_stop,34,operator
12.437,540,speedl_stop,34,operator
12.455,541,speedl_stop,34,operator
12.476,542,speedl_stop,34,operator
12.495,543,speedl_stop,34,operator
12.516,544,speedl_stop,34,operator
12.536,545,speedl_stop,34,operator
12.556,546,speedl_stop,34,operator
12.575,547,speedl_stop,34,operator
12.595,548,speedl_stop,34,operator
12.615,549,speedl_stop,34,operator
12.634,550,speedl_stop,34,operator
12.654,551,speedl_stop,34,operator
12.675,552,speedl_stop,30,operator
12.695,553,speedl_stop,30,operator
12.715,554,speedl_stop,30,operator
12.737,555,speedl_stop,30,operator
12.755,556,speedl_stop,30,operator
12.774,557,speedl_stop,30,operator
12.795,558,speedl_stop,30,operator
12.815,559,speedl_stop,30,operator
12.837,560,speedl_stop,30,operator
12.855,561,speedl_stop,30,operator
12.875,562,speedl_stop,30,operator
12.895,563,speedl_stop,30,operator
12.914,564,speedl_stop,32,operator
12.934,565,speedl_stop,32,operator
12.954,566,speedl_stop,32,operator
12.974,567,speedl_stop,32,operator
12.995,568,speedl_stop,32,operator
13.015,569,speedl_stop,32,operator
13.038,570,speedl_stop,32,operator
13.055,571,speedl_stop,32,operator
13.074,572,speedl_stop,32,operator
13.094,573,speedl_stop,32,operator
13.114,574,speedl_stop,32,operator
13.138,575,speedl_stop,32,operator
13.154,576,speedl_stop,32,operator
13.175,577,speedl_stop,32,operator
13.195,578,speedl_stop,32,operator
13.215,579,speedl_stop,32,operator
13.234,580,speedl_stop,32,operator
13.254,581,speedl_stop,32,operator
13.274,582,speedl_stop,32,operator
13.294,583,speedl_stop,32,operator
13.316,584,speedl_stop,32,operator
13.335,585,speedl_stop,32,operator
13.354,586,speedl_stop,32,operator
13.375,587,speedl_stop,32,operator
13.395,588,speedl_stop,32,operator
13.415,589,speedl_stop,27,operator
13.434,590,speedl_stop,27,operator
13.454,591,speedl_stop,27,operator
13.474,592,speedl_stop,27,operator
13.495,593,speedl_stop,27,operator
13.515,594,speedl_stop,27,operator
13.536,595,speedl_stop,27,operator
13.554,596,speedl_stop,27,operator
13.576,597,speedl_stop,27,operator
13.595,598,speedl_stop,27,operator
13.615,599,speedl_stop,27,operator
13.637,600,speedl_stop,27,operator
13.654,601,speedl_stop,27,operator
13.674,602,speedl_stop,34,operator
13.695,603,speedl_stop,34,operator
13.716,604,speedl_stop,34,operator
13.735,605,speedl_stop,34,operator
13.755,606,speedl_stop,34,operator
13.774,607,speedl_stop,34,operator
13.795,608,speedl_stop,34,operator
13.815,609,speedl_stop,34,operator
13.834,610,speedl_stop,34,operator
13.855,611,speedl_stop,34,operator
13.876,612,speedl_stop,34,operator
13.895,613,speedl_stop,34,operator
13.915,614,speedl_stop,39,operator
13.934,615,speedl_stop,39,operator
13.955,616,speedl_stop,39,operator
13.975,617,speedl_stop,39,operator
13.995,618,speedl_stop,39,operator
14.015,619,speedl_stop,39,operator
14.037,620,speedl_stop,39,operator
14.055,621,speedl_stop,39,operator
14.074,622,speedl_stop,39,operator
14.095,623,speedl_stop,39,operator
14.115,624,speedl_stop,39,operator
14.135,625,speedl_stop,39,operator
14.154,626,speedl_stop,39,operator
14.174,627,speedl_stop,38,operator
14.195,628,speedl_stop,38,operator
14.215,629,speedl_stop,38,operator
14.234,630,speedl_stop,38,operator
14.236,631,speedl_stop,38,operator
21.955,632,speedj,30,operator
21.975,633,speedj,89,operator
21.996,634,speedj,89,operator
22.015,635,speedj,89,operator
22.027,636,speedj_stop,89,operator
22.486,637,speedj,78,operator
22.507,638,speedj,78,operator
22.527,639,speedj,78,operator
22.546,640,speedj,78,operator
22.565,641,speedj_stop,78,operator
22.722,642,speedj,15,operator
22.744,643,speedj,15,operator
22.763,644,speedj,15,operator
22.783,645,speedj,15,operator
22.792,646,speedj_stop,15,operator
22.862,647,speedj,15,operator
22.883,648,speedj,15,operator
22.902,649,speedj,17,operator
22.923,650,speedj,17,operator
22.943,651,speedj,17,operator
22.951,652,speedj_stop,17,operator
24.126,653,speedj,20,operator
24.146,654,speedj,20,operator
24.166,655,speedj,42,operator
24.187,656,speedj,42,operator
24.206,657,speedj,42,operator
24.224,658,speedj_stop,42,operator
24.293,659,speedj,42,operator
24.314,660,speedj,42,operator
24.334,661,speedj,42,operator
24.354,662,speedj,42,operator
24.373,663,speedj,42,operator
24.389,664,speedj_stop,42,operator
24.461,665,speedj,29,operator
24.482,666,speedj,29,operator
24.505,667,speedj,29,operator
24.521,668,speedj,29,operator
24.541,669,speedj,29,operator
24.563,670,speedj,29,operator
24.564,671,speedj_stop,29,operator
24.621,672,speedj,29,operator
24.641,673,speedj,29,operator
24.662,674,speedj,41,operator
24.681,675,speedj,41,operator
24.701,676,speedj,41,operator
24.713,677,speedj_stop,41,operator
24.78,678,speedj,41,operator
24.801,679,speedj,41,operator
24.82,680,speedj,41,operator
24.84,681,speedj,41,operator
24.861,682,speedj,41,operator
24.868,683,speedj_stop,41,operator
24.956,684,speedj,31,operator
24.977,685,speedj,31,operator
24.997,686,speedj,31,operator
25.017,687,speedj,31,operator
25.037,688,speedj,31,operator
25.057,689,speedj,31,operator
25.076,690,speedj,31,operator
25.08,691,speedj_stop,31,operator
25.121,692,speedj,31,operator
25.141,693,speedj,31,operator
25.163,694,speedj,31,operator
25.182,695,speedj,30,operator
25.201,696,speedj,30,operator
25.222,697,speedj,30,operator
25.242,698,speedj,30,operator
25.251,699,speedj_stop,30,operator
27.383,700,speedj,77,operator
27.404,701,speedj,77,operator
27.424,702,speedj,30,operator
27.444,703,speedj,30,operator
27.464,704,speedj,30,operator
27.484,705,speedj,30,operator
27.504,706,speedj,30,operator
27.507,707,speedj_stop,30,operator
27.57,708,speedj,30,operator
27.59,709,speedj,30,operator
27.61,710,speedj,30,operator
27.63,711,speedj,30,operator
27.651,712,speedj,30,operator
27.657,713,speedj_stop,30,operator
27.949,714,speedj,42,operator
27.971,715,speedj,76,operator
27.99,716,speedj,76,operator
28.01,717,speedj,76,operator
28.03,718,speedj,76,operator
28.036,719,speedj_stop,76,operator
28.141,720,speedj,76,operator
28.161,721,speedj,24,operator
28.181,722,speedj,24,operator
28.205,723,speedj,24,operator
28.222,724,speedj,24,operator
28.237,725,speedj_stop,24,operator
28.495,726,speedj,23,operator
28.517,727,speedj,23,operator
28.536,728,speedj,23,operator
28.557,729,speedj,23,operator
28.576,730,speedj,23,operator
28.596,731,speedj,23,operator
28.608,732,speedj_stop,23,operator
29.912,733,speedj,18,operator
29.933,734,speedj,18,operator
29.955,735,speedj,18,operator
29.973,736,speedj,18,operator
29.993,737,speedj,18,operator
30.013,738,speedj,18,operator
30.033,739,speedj,18,operator
30.054,740,speedj,18,operator
30.073,741,speedj,18,operator
30.093,742,speedj,18,operator
30.113,743,speedj,18,operator
30.123,744,speedj_stop,18,operator
30.231,745,speedj,30,operator
30.252,746,speedj,30,operator
30.272,747,speedj,30,operator
30.291,748,speedj,30,operator
30.308,749,speedj_stop,30,operator
30.394,750,speedj,30,operator
30.414,751,speedj,25,operator
30.434,752,speedj,25,operator
30.455,753,speedj,25,operator
30.474,754,speedj,25,operator
30.49,755,speedj_stop,25,operator
30.75,756,speedj,60,operator
30.771,757,speedj,60,operator
30.79,758,speedj,60,operator
30.81,759,speedj,60,operator
30.831,760,speedj,60,operator
30.834,761,speedj_stop,60,operator
31.11,762,speedj,75,operator
31.132,763,speedj,75,operator
31.15,764,speedj,75,operator
31.172,765,speedj,75,operator
31.19,766,speedj,34,operator
31.211,767,speedj,34,operator
31.231,768,speedj,34,operator
31.25,769,speedj,34,operator
31.271,770,speedj,34,operator
31.291,771,speedj,34,operator
31.311,772,speedj,34,operator
31.33,773,speedj,34,operator
31.351,774,speedj,34,operator
31.371,775,speedj,34,operator
31.391,776,speedj,34,operator
31.41,777,speedj,34,operator
31.43,778,speedj,32,operator
31.45,779,speedj,32,operator
31.471,780,speedj,32,operator
31.491,781,speedj,32,operator
31.511,782,speedj,32,operator
31.531,783,speedj,32,operator
31.551,784,speedj,32,operator
31.57,785,speedj,32,operator
31.59,786,speedj,32,operator
31.61,787,speedj,32,operator
31.63,788,speedj,32,operator
31.65,789,speedj,32,operator
31.67,790,speedj,32,operator
31.69,791,speedj,43,operator
31.712,792,speedj,43,operator
31.73,793,speedj,43,operator
31.735,794,speedj_stop,43,operator
31.966,795,speedj,61,operator
31.988,796,speedj,61,operator
32.007,797,speedj,61,operator
32.027,798,speedj,61,operator
32.047,799,speedj,61,operator
32.055,800,speedj_stop,61,operator
32.114,801,speedj,61,operator
32.136,802,speedj,61,operator
32.155,803,speedj,61,operator
32.176,804,speedj,61,operator
32.195,805,speedj_stop,57,operator
32.288,806,speedj,57,operator
32.308,807,speedj,57,operator
32.329,808,speedj,57,operator
32.348,809,speedj,57,operator
32.371,810,speedj,57,operator
32.388,811,speedj,57,operator
32.408,812,speedj,29,operator
32.429,813,speedj,29,operator
32.448,814,speedj,29,operator
32.471,815,speedj,29,operator
32.477,816,speedj_stop,29,operator
34.259,817,speedj,37,operator
34.28,818,speedj,37,operator
34.301,819,speedj,37,operator
34.321,820,speedj,37,operator
34.341,821,speedj,37,operator
34.352,822,speedj_stop,37,operator
35.354,823,speedj,28,operator
35.374,824,speedj,28,operator
35.394,825,speedj,28,operator
35.414,826,speedj,33,operator
35.434,827,speedj,33,operator
35.437,828,speedj_stop,33,operator
36.196,829,speedj,18,operator
36.217,830,speedj,18,operator
36.238,831,speedj,18,operator
36.254,832,speedj_stop,18,operator
36.905,833,speedj,17,operator
36.926,834,speedj,40,operator
36.946,835,speedj,40,operator
36.967,836,speedj,40,operator
36.988,837,speedj,40,operator
37.003,838,speedj_stop,40,operator
37.498,839,speedj,76,operator
37.521,840,speedj,76,operator
37.539,841,speedj,76,operator
37.561,842,speedj,76,operator
37.58,843,speedj,76,operator
37.596,844,speedj_stop,76,operator
38.138,845,speedj,65,operator
38.158,846,speedj,23,operator
38.179,847,speedj,23,operator
38.199,848,speedj,23,operator
38.218,849,speedj,23,operator
38.238,850,speedj,23,operator
38.251,851,speedj_stop,23,operator
40.953,852,speedl,16,operator
40.968,853,speedl,57,operator
40.989,854,speedl,57,operator
41.009,855,speedl,57,operator
41.029,856,speedl,57,operator
41.049,857,speedl,57,operator
41.149,858,speedl,57,operator
41.169,859,speedl,35,operator
41.189,860,speedl,35,operator
41.209,861,speedl,35,operator
41.231,862,speedl,35,operator
41.25,863,speedl,35,operator
41.273,864,speedl,35,operator
41.29,865,speedl,35,operator
41.309,866,speedl,35,operator
41.329,867,speedl,35,operator
41.349,868,speedl,35,operator
41.373,869,speedl,35,operator
41.389,870,speedl,35,operator
41.411,871,speedl,35,operator
41.429,872,speedl,36,operator
41.449,873,speedl,36,operator
41.473,874,speedl,36,operator
41.49,875,speedl,36,operator
41.51,876,speedl,36,operator
41.529,877,speedl,36,operator
41.55,878,speedl,36,operator
41.572,879,speedl,36,operator
41.589,880,speedl,36,operator
41.61,881,speedl,36,operator
41.629,882,speedl,36,operator
41.649,883,speedl,36,operator
41.672,884,speedl,39,operator
41.69,885,speedl,39,operator
41.709,886,speedl,39,operator
41.729,887,speedl,39,operator
41.749,888,speedl,39,operator
41.769,889,speedl,39,operator
41.789,890,speedl,39,operator
41.81,891,speedl,39,operator
41.83,892,speedl,39,operator
41.849,893,speedl,39,operator
41.869,894,speedl,39,operator
41.889,895,speedl,39,operator
41.908,896,speedl,39,operator
41.929,897,speedl,33,operator
41.949,898,speedl,33,operator
41.972,899,speedl,33,operator
41.989,900,speedl,33,operator
42.009,901,speedl,33,operator
42.029,902,speedl,33,operator
42.051,903,speedl,33,operator
42.071,904,speedl,33,operator
42.089,905,speedl,33,operator
42.11,906,speedl,33,operator
42.129,907,speedl,33,operator
42.149,908,speedl,33,operator
42.169,909,speedl,38,operator
42.189,910,speedl,38,operator
42.21,911,speedl,38,operator
42.229,912,speedl,38,operator
42.249,913,speedl,38,operator
42.269,914,speedl,38,operator
42.289,915,speedl,38,operator
42.309,916,speedl,38,operator
42.33,917,speedl,38,operator
42.349,918,speedl,38,operator
42.369,919,speedl,38,operator
42.389,920,speedl,38,operator
42.409,921,speedl,38,operator
42.429,922,speedl,39,operator
42.449,923,speedl,39,operator
42.469,924,speedl,39,operator
42.489,925,speedl,39,operator
42.509,926,speedl,39,operator
42.529,927,speedl,39,operator
42.549,928,speedl,39,operator
42.571,929,speedl,39,operator
42.589,930,speedl,39,operator
42.609,931,speedl,39,operator
42.629,932,speedl,39,operator
42.649,933,speedl,39,operator
42.673,934,speedl,39,operator
42.69,935,speedl,36,operator
42.709,936,speedl,36,operator
42.729,937,speedl,36,operator
42.749,938,speedl,36,operator
42.769,939,speedl,36,operator
42.789,940,speedl,36,operator
42.809,941,speedl,36,operator
42.829,942,speedl,36,operator
42.85,943,speedl,36,operator
42.872,944,speedl,36,operator
42.889,945,speedl,36,operator
42.909,946,speedl,36,operator
42.93,947,speedl,36,operator
42.95,948,speedl,41,operator
42.969,949,speedl,41,operator
42.989,950,speedl,41,operator
43.009,951,speedl,41,operator
43.029,952,speedl,41,operator
43.049,953,speedl,41,operator
43.07,954,speedl,41,operator
43.089,955,speedl,41,operator
43.109,956,speedl,41,operator
43.129,957,speedl,41,operator
43.15,958,speedl,41,operator
43.169,959,speedl,41,operator
43.188,960,speedl,35,operator
43.21,961,speedl,35,operator
43.229,962,speedl,35,operator
43.249,963,speedl,35,operator
43.264,964,speedl_stop,35,operator
43.275,965,speedl_stop,35,operator
43.275,966,speedl_stop,35,operator
44.086,967,speedl,76,operator
44.092,968,speedl,76,operator
44.112,969,speedl,76,operator
44.132,970,speedl,76,operator
44.152,971,speedl,76,operator
44.172,972,speedl,36,operator
44.191,973,speedl,36,operator
44.211,974,speedl,36,operator
44.232,975,speedl,36,operator
44.251,976,speedl,36,operator
44.273,977,speedl,36,operator
44.292,978,speedl,36,operator
44.312,979,speedl,36,operator
44.331,980,speedl,36,operator
44.352,981,speedl,36,operator
44.372,982,speedl,36,operator
44.391,983,speedl,36,operator
44.412,984,speedl,18,operator
44.432,985,speedl,18,operator
44.456,986,speedl,18,operator
44.473,987,speedl,18,operator
44.492,988,speedl,18,operator
44.512,989,speedl,18,operator
44.531,990,speedl,18,operator
44.551,991,speedl,18,operator
44.572,992,speedl,18,operator
44.593,993,speedl,18,operator
44.612,994,speedl,18,operator
44.631,995,speedl,18,operator
44.651,996,speedl,18,operator
44.672,997,speedl,31,operator
44.692,998,speedl,31,operator
44.712,999,speedl,31,operator
44.732,1000,speedl,31,operator
44.752,1001,speedl,31,operator
44.773,1002,speedl,31,operator
44.793,1003,speedl,31,operator
44.813,1004,speedl,31,operator
44.832,1005,speedl,31,operator
44.852,1006,speedl,31,operator
44.871,1007,speedl,31,operator
44.891,1008,speedl,31,operator
44.912,1009,speedl,29,operator
44.933,1010,speedl,29,operator
44.952,1011,speedl,29,operator
44.972,1012,speedl,29,operator
44.992,1013,speedl,29,operator
45.012,1014,speedl,29,operator
45.032,1015,speedl,29,operator
45.051,1016,speedl,29,operator
45.072,1017,speedl,29,operator
45.092,1018,speedl,29,operator
45.112,1019,speedl,29,operator
45.131,1020,speedl,29,operator
45.155,1021,speedl,29,operator
45.171,1022,speedl,38,operator
45.191,1023,speedl,38,operator
45.211,1024,speedl,38,operator
45.231,1025,speedl,38,operator
45.255,1026,speedl,38,operator
45.271,1027,speedl,38,operator
45.292,1028,speedl,38,operator
45.312,1029,speedl,38,operator
45.333,1030,speedl,38,operator
45.352,1031,speedl,38,operator
45.372,1032,speedl,38,operator
45.392,1033,speedl,38,operator
45.405,1034,speedl_stop,38,operator
45.405,1035,speedl_stop,38,operator
45.42,1036,speedl_stop,38,operator
45.433,1037,speedl_stop,42,operator
45.452,1038,speedl_stop,42,operator
45.472,1039,speedl_stop,42,operator
45.492,1040,speedl_stop,42,operator
45.512,1041,speedl_stop,42,operator
45.532,1042,speedl_stop,42,operator
45.551,1043,speedl_stop,42,operator
45.572,1044,speedl_stop,42,operator
45.593,1045,speedl_stop,42,operator
45.612,1046,speedl_stop,42,operator
45.632,1047,speedl_stop,42,operator
45.651,1048,speedl_stop,42,operator
45.671,1049,speedl_stop,42,operator
45.692,1050,speedl_stop,36,operator
45.712,1051,speedl_stop,36,operator
45.732,1052,speedl_stop,36,operator
45.751,1053,speedl_stop,36,operator
45.772,1054,speedl_stop,36,operator
45.792,1055,speedl_stop,36,operator
45.812,1056,speedl_stop,36,operator
45.832,1057,speedl_stop,36,operator
45.852,1058,speedl_stop,36,operator
45.872,1059,speedl_stop,36,operator
45.891,1060,speedl_stop,36,operator
45.912,1061,speedl_stop,25,operator
45.933,1062,speedl_stop,25,operator
45.951,1063,speedl_stop,25,operator
45.971,1064,speedl_stop,25,operator
45.992,1065,speedl_stop,25,operator
46.011,1066,speedl_stop,25,operator
46.032,1067,speedl_stop,25,operator
46.052,1068,speedl_stop,25,operator
46.071,1069,speedl_stop,25,operator
46.091,1070,speedl_stop,25,operator
46.113,1071,speedl_stop,25,operator
46.132,1072,speedl_stop,25,operator
46.152,1073,speedl_stop,25,operator
46.172,1074,speedl_stop,37,operator
46.192,1075,speedl_stop,37,operator
46.211,1076,speedl_stop,37,operator
46.231,1077,speedl_stop,37,operator
46.253,1078,speedl_stop,37,operator
46.271,1079,speedl_stop,37,operator
46.291,1080,speedl_stop,37,operator
46.311,1081,speedl_stop,37,operator
46.332,1082,speedl_stop,37,operator
46.352,1083,speedl_stop,37,operator
46.372,1084,speedl_stop,37,operator
46.391,1085,speedl_stop,37,operator
46.411,1086,speedl_stop,37,operator
46.432,1087,speedl_stop,31,operator
46.451,1088,speedl_stop,31,operator
46.472,1089,speedl_stop,31,operator
46.492,1090,speedl_stop,31,operator
46.513,1091,speedl_stop,31,operator
46.537,1092,speedl_stop,31,operator
46.551,1093,speedl_stop,31,operator
46.571,1094,speedl_stop,31,operator
46.593,1095,speedl_stop,31,operator
46.611,1096,speedl_stop,31,operator
46.632,1097,speedl_stop,31,operator
46.635,1098,speedl_stop,31,operator
49.65,1099,speedl,35,operator
49.669,1100,speedl,30,operator
49.689,1101,speedl,30,operator
49.71,1102,speedl,30,operator
49.73,1103,speedl,30,operator
49.75,1104,speedl,30,operator
49.773,1105,speedl,30,operator
49.789,1106,speedl,30,operator
49.81,1107,speedl,30,operator
49.83,1108,speedl,30,operator
49.872,1109,speedl,30,operator
49.89,1110,speedl,30,operator
49.91,1111,speedl,30,operator
49.929,1112,speedl,53,operator
49.949,1113,speedl,53,operator
49.972,1114,speedl,53,operator
49.989,1115,speedl,53,operator
50.011,1116,speedl,53,operator
50.029,1117,speedl,53,operator
50.049,1118,speedl,53,operator
50.073,1119,speedl,53,operator
50.09,1120,speedl,53,operator
50.109,1121,speedl,53,operator
50.129,1122,speedl,53,operator
50.15,1123,speedl,53,operator
50.169,1124,speedl,53,operator
50.191,1125,speedl,53,operator
50.21,1126,speedl,53,operator
50.229,1127,speedl,80,operator
50.249,1128,speedl,80,operator
50.269,1129,speedl,80,operator
50.289,1130,speedl,80,operator
50.309,1131,speedl,80,operator
50.329,1132,speedl,80,operator
50.35,1133,speedl,80,operator
50.372,1134,speedl,80,operator
50.389,1135,speedl,80,operator
50.41,1136,speedl,80,operator
50.429,1137,speedl,52,operator
50.45,1138,speedl,52,operator
50.469,1139,speedl,52,operator
50.489,1140,speedl,52,operator
50.509,1141,speedl,52,operator
50.529,1142,speedl,52,operator
50.55,1143,speedl,52,operator
50.554,1144,speedl_stop,52,operator
50.615,1145,speedl_stop,52,operator
50.615,1146,speedl_stop,52,operator
51.177,1147,speedl,103,operator
51.198,1148,speedl,75,operator
51.218,1149,speedl,75,operator
51.24,1150,speedl,75,operator
51.257,1151,speedl,75,operator
51.277,1152,speedl,75,operator
51.297,1153,speedl,75,operator
51.317,1154,speedl,75,operator
51.34,1155,speedl,75,operator
51.358,1156,speedl,75,operator
51.377,1157,speedl,75,operator
51.397,1158,speedl,75,operator
51.417,1159,speedl,35,operator
51.44,1160,speedl,35,operator
51.457,1161,speedl,35,operator
51.477,1162,speedl,35,operator
51.498,1163,speedl,35,operator
51.517,1164,speedl,35,operator
51.54,1165,speedl,35,operator
51.557,1166,speedl,35,operator
51.577,1167,speedl,35,operator
51.597,1168,speedl,35,operator
51.617,1169,speedl,35,operator
51.64,1170,speedl,35,operator
51.657,1171,speedl,35,operator
51.677,1172,speedl,35,operator
51.698,1173,speedl,40,operator
51.717,1174,speedl,40,operator
51.739,1175,speedl,40,operator
51.757,1176,speedl,40,operator
51.778,1177,speedl,40,operator
51.797,1178,speedl,40,operator
51.818,1179,speedl,40,operator
51.837,1180,speedl,40,operator
51.857,1181,speedl,40,operator
51.877,1182,speedl,40,operator
51.898,1183,speedl,40,operator
51.917,1184,speedl,36,operator
51.94,1185,speedl,36,operator
51.957,1186,speedl,36,operator
51.978,1187,speedl,36,operator
51.997,1188,speedl,36,operator
52.017,1189,speedl,36,operator
52.039,1190,speedl,36,operator
52.057,1191,speedl,36,operator
52.077,1192,speedl,36,operator
52.097,1193,speedl,36,operator
52.117,1194,speedl,36,operator
52.138,1195,speedl,36,operator
52.154,1196,speedl_stop,36,operator
52.154,1197,speedl_stop,36,operator
52.156,1198,speedl_stop,36,operator
52.754,1199,speedl_stop,15,operator
52.773,1200,speedl_stop,15,operator
52.794,1201,speedl_stop,15,operator
52.813,1202,speedl_stop,15,operator
52.832,1203,speedl_stop,15,operator
52.853,1204,speedl_stop,15,operator
52.873,1205,speedl_stop,15,operator
52.893,1206,speedl_stop,15,operator
52.913,1207,speedl_stop,30,operator
52.933,1208,speedl_stop,30,operator
52.953,1209,speedl_stop,30,operator
52.974,1210,speedl_stop,30,operator
52.994,1211,speedl_stop,30,operator
53.013,1212,speedl_stop,30,operator
53.033,1213,speedl_stop,30,operator
53.056,1214,speedl_stop,30,operator
53.072,1215,speedl_stop,30,operator
53.093,1216,speedl_stop,30,operator
53.113,1217,speedl_stop,30,operator
53.133,1218,speedl,30,operator
53.153,1219,speedl,30,operator
53.173,1220,speedl,36,operator
53.193,1221,speedl,36,operator
53.213,1222,speedl,36,operator
53.233,1223,speedl,36,operator
53.253,1224,speedl,36,operator
53.274,1225,speedl,36,operator
53.292,1226,speedl,36,operator
53.313,1227,speedl,36,operator
53.333,1228,speedl,36,operator
53.356,1229,speedl,36,operator
53.372,1230,speedl,36,operator
53.393,1231,speedl,36,operator
53.413,1232,speedl,27,operator
53.433,1233,speedl,27,operator
53.452,1234,speedl,27,operator
53.473,1235,speedl,27,operator
53.493,1236,speedl,27,operator
53.513,1237,speedl,27,operator
53.533,1238,speedl,27,operator
53.555,1239,speedl,27,operator
53.574,1240,speedl,27,operator
53.593,1241,speedl,27,operator
53.614,1242,speedl,27,operator
53.633,1243,speedl,27,operator
53.656,1244,speedl,27,operator
53.672,1245,speedl,27,operator
53.693,1246,speedl,49,operator
53.713,1247,speedl,49,operator
53.733,1248,speedl,49,operator
53.753,1249,speedl,49,operator
53.773,1250,speedl,49,operator
53.793,1251,speedl,49,operator
53.813,1252,speedl,49,operator
53.833,1253,speedl,49,operator
53.854,1254,speedl,49,operator
53.873,1255,speedl,49,operator
53.894,1256,speedl,49,operator
53.913,1257,speedl,28,operator
53.932,1258,speedl,28,operator
53.953,1259,speedl,28,operator
53.973,1260,speedl,28,operator
53.992,1261,speedl,28,operator
54.013,1262,speedl,28,operator
54.033,1263,speedl,28,operator
54.055,1264,speedl,28,operator
54.073,1265,speedl,28,operator
54.093,1266,speedl,28,operator
54.114,1267,speedl,28,operator
54.133,1268,speedl,28,operator
54.156,1269,speedl,28,operator
54.173,1270,speedl,40,operator
54.193,1271,speedl,40,operator
54.213,1272,speedl,40,operator
54.233,1273,speedl,40,operator
54.253,1274,speedl,40,operator
54.273,1275,speedl,40,operator
54.294,1276,speedl,40,operator
54.313,1277,speedl,40,operator
54.333,1278,speedl,40,operator
54.356,1279,speedl,40,operator
54.372,1280,speedl,40,operator
54.393,1281,speedl,40,operator
54.413,1282,speedl,35,operator
54.433,1283,speedl,35,operator
54.456,1284,speedl,35,operator
54.472,1285,speedl,35,operator
54.493,1286,speedl,35,operator
54.513,1287,speedl,35,operator
54.533,1288,speedl,35,operator
54.553,1289,speedl,35,operator
54.573,1290,speedl,35,operator
54.593,1291,speedl,35,operator
54.613,1292,speedl,35,operator
54.633,1293,speedl,35,operator
54.653,1294,speedl,35,operator
54.672,1295,speedl,20,operator
54.692,1296,speedl,20,operator
54.713,1297,speedl,20,operator
54.733,1298,speedl,20,operator
54.753,1299,speedl,20,operator
54.772,1300,speedl,20,operator
54.793,1301,speedl,20,operator
54.813,1302,speedl,20,operator
54.833,1303,speedl,20,operator
54.853,1304,speedl,20,operator
54.873,1305,speedl,20,operator
54.893,1306,speedl,20,operator
54.912,1307,speedl,28,operator
54.933,1308,speedl,28,operator
54.954,1309,speedl,28,operator
54.973,1310,speedl,28,operator
54.994,1311,speedl,28,operator
55.013,1312,speedl,28,operator
55.033,1313,speedl,28,operator
55.055,1314,speedl,28,operator
55.072,1315,speedl,28,operator
55.094,1316,speedl,28,operator
55.113,1317,speedl,28,operator
55.133,1318,speedl,28,operator
55.155,1319,speedl,28,operator
55.172,1320,speedl,40,operator
55.193,1321,speedl,40,operator
55.212,1322,speedl,40,operator
55.233,1323,speedl,40,operator
55.253,1324,speedl,40,operator
55.273,1325,speedl,40,operator
55.293,1326,speedl,40,operator
55.313,1327,speedl,40,operator
55.333,1328,speedl,40,operator
55.352,1329,speedl,40,operator
55.373,1330,speedl,40,operator
55.393,1331,speedl,40,operator
55.412,1332,speedl,22,operator
55.433,1333,speedl,22,operator
55.455,1334,speedl,22,operator
55.472,1335,speedl,22,operator
55.493,1336,speedl,22,operator
55.513,1337,speedl,22,operator
55.532,1338,speedl,22,operator
55.555,1339,speedl,22,operator
55.573,1340,speedl,22,operator
55.594,1341,speedl,22,operator
55.613,1342,speedl,22,operator
55.633,1343,speedl,22,operator
55.653,1344,speedl,22,operator
55.673,1345,speedl,38,operator
55.694,1346,speedl,38,operator
55.714,1347,speedl,38,operator
55.733,1348,speedl,38,operator
55.753,1349,speedl,38,operator
55.773,1350,speedl,38,operator
55.793,1351,speedl,38,operator
55.813,1352,speedl,38,operator
55.833,1353,speedl,38,operator
55.855,1354,speedl,38,operator
55.873,1355,speedl,38,operator
55.893,1356,speedl,38,operator
55.913,1357,speedl,19,operator
55.933,1358,speedl,19,operator
55.953,1359,speedl,19,operator
55.973,1360,speedl,19,operator
55.993,1361,speedl,19,operator
56.013,1362,speedl,19,operator
56.033,1363,speedl,19,operator
56.053,1364,speedl,19,operator
56.057,1365,speedl_stop,19,operator
56.057,1366,speedl_stop,19,operator
56.073,1367,speedl_stop,19,operator
56.09,1368,speedl_stop,19,operator
57.526,1369,speedj,82,operator
57.547,1370,speedj,82,operator
57.567,1371,speedj,82,operator
57.589,1372,speedj,82,operator
57.607,1373,speedj,82,operator
57.627,1374,speedj,82,operator
57.629,1375,speedj_stop,82,operator
57.703,1376,speedj,102,operator
57.724,1377,speedj,102,operator
57.744,1378,speedj,102,operator
57.765,1379,speedj,102,operator
57.785,1380,speedj,102,operator
57.799,1381,speedj_stop,102,operator
57.857,1382,speedj,102,operator
57.877,1383,speedj,102,operator
57.898,1384,speedj,102,operator
57.919,1385,speedj,102,operator
57.939,1386,speedj,102,operator
57.959,1387,speedj,103,operator
57.966,1388,speedj_stop,103,operator
58.014,1389,speedj,103,operator
58.036,1390,speedj,103,operator
58.055,1391,speedj,103,operator
58.075,1392,speedj,103,operator
58.095,1393,speedj,103,operator
58.116,1394,speedj,103,operator
58.135,1395,speedj,103,operator
58.156,1396,speedj,103,operator
58.176,1397,speedj,103,operator
58.195,1398,speedj,54,operator
58.215,1399,speedj,54,operator
58.235,1400,speedj,54,operator
58.256,1401,speedj,54,operator
58.275,1402,speedj,54,operator
58.295,1403,speedj,54,operator
58.315,1404,speedj,54,operator
58.335,1405,speedj,54,operator
58.355,1406,speedj,54,operator
58.376,1407,speedj,54,operator
58.396,1408,speedj,54,operator
58.416,1409,speedj,54,operator
58.435,1410,speedj,54,operator
58.456,1411,speedj,67,operator
58.476,1412,speedj,67,operator
58.495,1413,speedj,67,operator
58.515,1414,speedj,67,operator
58.535,1415,speedj,67,operator
58.556,1416,speedj,67,operator
58.575,1417,speedj,67,operator
58.595,1418,speedj,67,operator
58.602,1419,speedj_stop,67,operator
58.799,1420,speedj,63,operator
58.819,1421,speedj,63,operator
58.839,1422,speedj,63,operator
58.86,1423,speedj,63,operator
58.88,1424,speedj,63,operator
58.881,1425,speedj_stop,63,operator
58.955,1426,speedj,37,operator
58.975,1427,speedj,37,operator
58.996,1428,speedj,37,operator
59.015,1429,speedj,37,operator
59.036,1430,speedj,37,operator
59.056,1431,speedj,37,operator
59.076,1432,speedj,37,operator
59.096,1433,speedj,37,operator
59.116,1434,speedj,37,operator
59.136,1435,speedj,37,operator
59.155,1436,speedj,37,operator
59.176,1437,speedj,37,operator
59.196,1438,speedj,40,operator
59.215,1439,speedj,40,operator
59.239,1440,speedj,40,operator
59.256,1441,speedj,40,operator
59.275,1442,speedj,40,operator
59.283,1443,speedj_stop,40,operator
59.358,1444,speedj,40,operator
59.379,1445,speedj,40,operator
59.4,1446,speedj,40,operator
59.419,1447,speedj,38,operator
59.438,1448,speedj,38,operator
59.454,1449,speedj_stop,38,operator
59.527,1450,speedj,38,operator
59.549,1451,speedj,38,operator
59.568,1452,speedj,38,operator
59.589,1453,speedj,38,operator
59.608,1454,speedj,38,operator
59.613,1455,speedj_stop,38,operator
59.682,1456,speedj,32,operator
59.703,1457,speedj,32,operator
59.723,1458,speedj,32,operator
59.744,1459,speedj,32,operator
59.763,1460,speedj,32,operator
59.768,1461,speedj_stop,32,operator
59.846,1462,speedj,32,operator
59.866,1463,speedj,32,operator
59.886,1464,speedj,32,operator
59.907,1465,speedj,32,operator
59.927,1466,speedj,38,operator
59.93,1467,speedj_stop,38,operator
60.012,1468,speedj,38,operator
60.033,1469,speedj,38,operator
60.052,1470,speedj,38,operator
60.072,1471,speedj,38,operator
60.091,1472,speedj_stop,38,operator
60.177,1473,speedj,38,operator
60.197,1474,speedj,38,operator
60.218,1475,speedj,69,operator
60.239,1476,speedj,69,operator
60.257,1477,speedj,69,operator
60.267,1478,speedj_stop,69,operator
60.357,1479,speedj,69,operator
60.378,1480,speedj,69,operator
60.397,1481,speedj,69,operator
60.417,1482,speedj,37,operator
60.439,1483,speedj,37,operator
60.456,1484,speedj_stop,37,operator
60.556,1485,speedj,37,operator
60.577,1486,speedj,37,operator
60.596,1487,speedj,37,operator
60.616,1488,speedj,37,operator
60.629,1489,speedj_stop,37,operator
61.62,1490,speedj,93,operator
61.64,1491,speedj,93,operator
61.66,1492,speedj,93,operator
61.681,1493,speedj,37,operator
61.699,1494,speedj_stop,37,operator
72.44,1495,speedj,37,operator
72.46,1496,speedj,37,operator
72.481,1497,speedj,37,operator
72.501,1498,speedj,37,operator
72.521,1499,speedj,37,operator
72.534,1500,speedj_stop,37,operator
72.606,1501,speedj,37,operator
72.627,1502,speedj,37,operator
72.647,1503,speedj,37,operator
72.667,1504,speedj,16,operator
72.69,1505,speedj,16,operator
72.703,1506,speedj_stop,16,operator
72.952,1507,speedj,16,operator
72.974,1508,speedj,78,operator
72.993,1509,speedj,78,operator
73.013,1510,speedj,78,operator
73.033,1511,speedj,78,operator
73.053,1512,speedj,78,operator
73.055,1513,speedj_stop,78,operator
73.185,1514,speedj,16,operator
73.206,1515,speedj,16,operator
73.225,1516,speedj,16,operator
73.246,1517,speedj,16,operator
73.266,1518,speedj_stop,16,operator
73.63,1519,speedj,80,operator
73.651,1520,speedj,80,operator
73.67,1521,speedj,24,operator
73.69,1522,speedj,24,operator
73.702,1523,speedj_stop,24,operator
73.871,1524,speedj,24,operator
73.892,1525,speedj,24,operator
73.913,1526,speedj,24,operator
73.932,1527,speedj,36,operator
73.952,1528,speedj,36,operator
73.973,1529,speedj,36,operator
73.992,1530,speedj,36,operator
74.013,1531,speedj,36,operator
74.032,1532,speedj,36,operator
74.052,1533,speedj,36,operator
74.073,1534,speedj,36,operator
74.092,1535,speedj,36,operator
74.112,1536,speedj,36,operator
74.129,1537,speedj_stop,36,operator
74.288,1538,speedj,44,operator
74.308,1539,speedj,44,operator
74.329,1540,speedj,44,operator
74.349,1541,speedj,44,operator
74.369,1542,speedj,44,operator
74.387,1543,speedj_stop,44,operator
74.503,1544,speedj,46,operator
74.524,1545,speedj,46,operator
74.544,1546,speedj,46,operator
74.564,1547,speedj,46,operator
74.581,1548,speedj_stop,46,operator
74.684,1549,speedj,46,operator
74.706,1550,speedj,46,operator
74.724,1551,speedj,46,operator
74.744,1552,speedj,46,operator
74.765,1553,speedj,46,operator
74.771,1554,speedj_stop,46,operator
74.886,1555,speedj,46,operator
74.906,1556,speedj,46,operator
74.926,1557,speedj,46,operator
74.946,1558,speedj,52,operator
74.957,1559,speedj_stop,52,operator
75.352,1560,speedj,77,operator
75.372,1561,speedj,77,operator
75.393,1562,speedj,77,operator
75.412,1563,speedj,29,operator
75.432,1564,speedj,29,operator
75.452,1565,speedj,29,operator
75.473,1566,speedj,29,operator
75.481,1567,speedj_stop,29,operator
75.497,1568,speedj,29,operator
75.518,1569,speedj,29,operator
75.538,1570,speedj,29,operator
75.557,1571,speedj,29,operator
75.589,1572,speedj,29,operator
75.598,1573,speedj,29,operator
75.617,1574,speedj,29,operator
75.638,1575,speedj,29,operator
75.658,1576,speedj,29,operator
75.672,1577,speedj_stop,29,operator
75.834,1578,speedj,36,operator
75.857,1579,speedj,36,operator
75.875,1580,speedj,36,operator
75.895,1581,speedj,36,operator
75.915,1582,speedj,19,operator
75.93,1583,speedj_stop,19,operator
76.017,1584,speedj,19,operator
76.04,1585,speedj,19,operator
76.059,1586,speedj,19,operator
76.078,1587,speedj,19,operator
76.097,1588,speedj,19,operator
76.118,1589,speedj,19,operator
76.138,1590,speedj,19,operator
76.159,1591,speedj,19,operator
76.178,1592,speedj,30,operator
76.197,1593,speedj,30,operator
76.217,1594,speedj,30,operator
76.239,1595,speedj,30,operator
76.257,1596,speedj,30,operator
76.278,1597,speedj,30,operator
76.298,1598,speedj,30,operator
76.318,1599,speedj,30,operator
76.34,1600,speedj,30,operator
76.359,1601,speedj,30,operator
76.38,1602,speedj_stop,30,operator
76.642,1603,speedj,27,operator
76.662,1604,speedj,29,operator
76.684,1605,speedj,29,operator
76.702,1606,speedj,29,operator
76.723,1607,speedj,29,operator
76.742,1608,speedj,29,operator
76.753,1609,speedj_stop,29,operator
76.865,1610,speedj,29,operator
76.886,1611,speedj,29,operator
76.906,1612,speedj,29,operator
76.925,1613,speedj,36,operator
76.943,1614,speedj_stop,36,operator
77.008,1615,speedj,36,operator
77.029,1616,speedj,36,operator
77.048,1617,speedj,36,operator
77.069,1618,speedj,36,operator
77.09,1619,speedj_stop,36,operator
77.145,1620,speedj,36,operator
77.165,1621,speedj,36,operator
77.186,1622,speedj,53,operator
77.207,1623,speedj,53,operator
77.226,1624,speedj,53,operator
77.237,1625,speedj_stop,53,operator
77.312,1626,speedj,53,operator
77.333,1627,speedj,53,operator
77.354,1628,speedj,53,operator
77.374,1629,speedj,53,operator
77.392,1630,speedj,53,operator
77.397,1631,speedj_stop,53,operator
77.472,1632,speedj,34,operator
77.493,1633,speedj,34,operator
77.513,1634,speedj,34,operator
77.533,1635,speedj,34,operator
77.553,1636,speedj,34,operator
77.564,1637,speedj_stop,34,operator
77.65,1638,speedj,34,operator
77.67,1639,speedj,39,operator
77.691,1640,speedj,39,operator
77.71,1641,speedj,39,operator
77.73,1642,speedj,39,operator
77.739,1643,speedj_stop,39,operator
77.802,1644,speedj,39,operator
77.823,1645,speedj,39,operator
77.843,1646,speedj,39,operator
77.862,1647,speedj,39,operator
77.884,1648,speedj,39,operator
77.891,1649,speedj_stop,39,operator
77.983,1650,speedj,47,operator
78.004,1651,speedj,47,operator
78.023,1652,speedj,47,operator
78.045,1653,speedj,47,operator
78.053,1654,speedj_stop,47,operator
78.144,1655,speedj,47,operator
78.164,1656,speedj,47,operator
78.185,1657,speedj,39,operator
78.206,1658,speedj,39,operator
78.224,1659,speedj,39,operator
78.245,1660,speedj,39,operator
78.266,1661,speedj,39,operator
78.285,1662,speedj,39,operator
78.306,1663,speedj,39,operator
78.324,1664,speedj,39,operator
78.344,1665,speedj,39,operator
78.364,1666,speedj,39,operator
78.385,1667,speedj,39,operator
78.406,1668,speedj,39,operator
78.407,1669,speedj_stop,39,operator
78.476,1670,speedj,40,operator
78.497,1671,speedj,40,operator
78.517,1672,speedj,40,operator
78.536,1673,speedj,40,operator
78.557,1674,speedj,40,operator
78.566,1675,speedj_stop,40,operator
78.639,1676,speedj,40,operator
78.659,1677,speedj,40,operator
78.679,1678,speedj,35,operator
78.701,1679,speedj,35,operator
78.72,1680,speedj,35,operator
78.722,1681,speedj_stop,35,operator
78.801,1682,speedj,35,operator
78.821,1683,speedj,35,operator
78.842,1684,speedj,35,operator
78.862,1685,speedj,35,operator
78.882,1686,speedj,35,operator
78.886,1687,speedj_stop,35,operator
78.976,1688,speedj,17,operator
78.997,1689,speedj,17,operator
79.017,1690,speedj,17,operator
79.037,1691,speedj,17,operator
79.044,1692,speedj_stop,17,operator
79.123,1693,speedj,17,operator
79.144,1694,speedj,17,operator
79.164,1695,speedj,19,operator
79.184,1696,speedj,19,operator
79.203,1697,speedj_stop,19,operator
79.273,1698,speedj,19,operator
79.294,1699,speedj,19,operator
79.314,1700,speedj,19,operator
79.334,1701,speedj,19,operator
79.35,1702,speedj_stop,19,operator
79.422,1703,speedj,19,operator
79.443,1704,speedj,19,operator
79.463,1705,speedj,65,operator
79.483,1706,speedj,65,operator
79.494,1707,speedj_stop,65,operator
79.575,1708,speedj,65,operator
79.595,1709,speedj,65,operator
79.615,1710,speedj,65,operator
79.636,1711,speedj,65,operator
79.657,1712,speedj_stop,65,operator
79.736,1713,speedj,49,operator
79.757,1714,speedj,49,operator
79.777,1715,speedj,49,operator
79.797,1716,speedj,49,operator
79.81,1717,speedj_stop,49,operator
79.892,1718,speedj,49,operator
79.914,1719,speedj,49,operator
79.934,1720,speedj,33,operator
79.955,1721,speedj,33,operator
79.974,1722,speedj,33,operator
79.983,1723,speedj_stop,33,operator
80.039,1724,speedj,33,operator
80.06,1725,speedj,33,operator
80.079,1726,speedj,33,operator
80.099,1727,speedj,33,operator
80.119,1728,speedj,33,operator
80.122,1729,speedj_stop,33,operator
80.198,1730,speedj,42,operator
80.219,1731,speedj,42,operator
80.24,1732,speedj,42,operator
80.259,1733,speedj,42,operator
80.272,1734,speedj_stop,42,operator
80.336,1735,speedj,42,operator
80.357,1736,speedj,42,operator
80.377,1737,speedj,42,operator
80.397,1738,speedj,42,operator
80.417,1739,speedj,42,operator
80.426,1740,speedj_stop,42,operator
80.501,1741,speedj,41,operator
80.524,1742,speedj,41,operator
80.543,1743,speedj,41,operator
80.562,1744,speedj,41,operator
80.582,1745,speedj,41,operator
80.59,1746,speedj_stop,41,operator
80.674,1747,speedj,41,operator
80.694,1748,speedj,30,operator
80.715,1749,speedj,30,operator
80.734,1750,speedj,30,operator
80.755,1751,speedj,30,operator
80.762,1752,speedj_stop,30,operator
80.853,1753,speedj,30,operator
80.873,1754,speedj,30,operator
80.893,1755,speedj,30,operator
80.913,1756,speedj,30,operator
80.93,1757,speedj_stop,30,operator
81.013,1758,speedj,24,operator
81.035,1759,speedj,24,operator
81.054,1760,speedj,24,operator
81.074,1761,speedj,24,operator
81.095,1762,speedj,24,operator
81.099,1763,speedj_stop,24,operator
81.184,1764,speedj,24,operator
81.207,1765,speedj,17,operator
81.224,1766,speedj,17,operator
81.244,1767,speedj,17,operator
81.261,1768,speedj_stop,17,operator
81.344,1769,speedj,17,operator
81.365,1770,speedj,17,operator
81.385,1771,speedj,17,operator
81.407,1772,speedj,17,operator
81.414,1773,speedj_stop,17,operator
81.487,1774,speedj,35,operator
81.508,1775,speedj,35,operator
81.527,1776,speedj,35,operator
81.548,1777,speedj,35,operator
81.558,1778,speedj_stop,35,operator
81.635,1779,speedj,35,operator
81.655,1780,speedj,35,operator
81.675,1781,speedj,35,operator
81.695,1782,speedj,35,operator
81.703,1783,speedj_stop,35,operator
81.777,1784,speedj,36,operator
81.799,1785,speedj,36,operator
81.819,1786,speedj,36,operator
81.84,1787,speedj,36,operator
81.858,1788,speedj,36,operator
81.863,1789,speedj_stop,36,operator
81.951,1790,speedj,36,operator
81.973,1791,speedj,21,operator
81.991,1792,speedj,21,operator
82.012,1793,speedj,21,operator
82.022,1794,speedj_stop,21,operator
82.094,1795,speedj,21,operator
82.115,1796,speedj,21,operator
82.135,1797,speedj,21,operator
82.157,1798,speedj,21,operator
82.167,1799,speedj_stop,21,operator
82.245,1800,speedj,21,operator
82.265,1801,speedj,63,operator
82.285,1802,speedj,63,operator
82.307,1803,speedj,63,operator
82.326,1804,speedj,63,operator
82.33,1805,speedj_stop,63,operator
85.374,1806,speedj,25,operator
85.395,1807,speedj,25,operator
85.415,1808,speedj,25,operator
85.434,1809,speedj,25,operator
85.457,1810,speedj_stop,25,operator
85.54,1811,speedj,34,operator
85.56,1812,speedj,34,operator
85.581,1813,speedj,34,operator
85.6,1814,speedj,34,operator
85.615,1815,speedj_stop,34,operator
85.682,1816,speedj,34,operator
85.702,1817,speedj,15,operator
85.723,1818,speedj,15,operator
85.742,1819,speedj,15,operator
85.762,1820,speedj,15,operator
85.783,1821,speedj_stop,15,operator
85.851,1822,speedj,15,operator
85.873,1823,speedj,15,operator
85.891,1824,speedj,15,operator
85.912,1825,speedj,15,operator
85.932,1826,speedj,15,operator
85.952,1827,speedj,15,operator
85.958,1828,speedj_stop,15,operator
86.022,1829,speedj,42,operator
86.043,1830,speedj,42,operator
86.063,1831,speedj,42,operator
86.083,1832,speedj,42,operator
86.104,1833,speedj,42,operator
86.123,1834,speedj,42,operator
86.144,1835,speedj,42,operator
86.154,1836,speedj_stop,42,operator
86.218,1837,speedj,30,operator
86.238,1838,speedj,30,operator
86.26,1839,speedj,30,operator
86.279,1840,speedj,30,operator
86.299,1841,speedj,30,operator
86.319,1842,speedj,30,operator
86.34,1843,speedj,30,operator
86.359,1844,speedj,30,operator
86.379,1845,speedj,30,operator
86.398,1846,speedj,30,operator
86.409,1847,speedj_stop,30,operator
86.498,1848,speedj,28,operator
86.52,1849,speedj,28,operator
86.539,1850,speedj,28,operator
86.559,1851,speedj,28,operator
86.58,1852,speedj,28,operator
86.6,1853,speedj,28,operator
86.619,1854,speedj,28,operator
86.638,1855,speedj,28,operator
86.66,1856,speedj,28,operator
86.679,1857,speedj,28,operator
86.7,1858,speedj,28,operator
86.719,1859,speedj,28,operator
86.74,1860,speedj,55,operator
86.758,1861,speedj,55,operator
86.774,1862,speedj_stop,55,operator
86.86,1863,speedj,55,operator
86.88,1864,speedj,55,operator
86.9,1865,speedj,55,operator
86.92,1866,speedj,55,operator
86.94,1867,speedj,55,operator
86.946,1868,speedj_stop,55,operator
87.015,1869,speedj,49,operator
87.037,1870,speedj,49,operator
87.057,1871,speedj,49,operator
87.076,1872,speedj,49,operator
87.095,1873,speedj,49,operator
87.111,1874,speedj_stop,49,operator
87.169,1875,speedj,49,operator
87.19,1876,speedj,49,operator
87.21,1877,speedj,49,operator
87.231,1878,speedj,49,operator
87.25,1879,speedj,49,operator
87.27,1880,speedj,89,operator
87.29,1881,speedj,89,operator
87.311,1882,speedj,89,operator
87.33,1883,speedj,89,operator
87.349,1884,speedj,89,operator
87.369,1885,speedj,89,operator
87.391,1886,speedj,89,operator
87.41,1887,speedj,89,operator
87.429,1888,speedj,89,operator
87.45,1889,speedj,89,operator
87.47,1890,speedj,89,operator
87.49,1891,speedj,96,operator
87.51,1892,speedj,96,operator
87.53,1893,speedj,96,operator
87.55,1894,speedj,96,operator
87.57,1895,speedj,96,operator
87.59,1896,speedj,96,operator
87.61,1897,speedj,96,operator
87.629,1898,speedj,96,operator
87.65,1899,speedj,96,operator
87.67,1900,speedj,96,operator
87.69,1901,speedj,96,operator
87.709,1902,speedj,23,operator
87.73,1903,speedj,23,operator
87.75,1904,speedj,23,operator
87.769,1905,speedj,23,operator
87.79,1906,speedj,23,operator
87.809,1907,speedj,23,operator
87.831,1908,speedj,23,operator
87.849,1909,speedj,23,operator
87.871,1910,speedj,23,operator
87.89,1911,speedj,23,operator
87.909,1912,speedj,23,operator
87.93,1913,speedj,23,operator
87.95,1914,speedj,23,operator
87.97,1915,speedj,28,operator
87.99,1916,speedj,28,operator
88.01,1917,speedj,28,operator
88.03,1918,speedj,28,operator
88.051,1919,speedj,28,operator
88.07,1920,speedj,28,operator
88.09,1921,speedj,28,operator
88.11,1922,speedj,28,operator
88.129,1923,speedj,28,operator
88.15,1924,speedj,28,operator
88.17,1925,speedj,28,operator
88.19,1926,speedj,28,operator
88.209,1927,speedj,28,operator
88.229,1928,speedj,28,operator
88.25,1929,speedj,59,operator
88.269,1930,speedj,59,operator
88.29,1931,speedj,59,operator
88.31,1932,speedj,59,operator
88.329,1933,speedj,59,operator
88.35,1934,speedj,59,operator
88.37,1935,speedj,59,operator
88.391,1936,speedj,59,operator
88.409,1937,speedj,59,operator
88.431,1938,speedj,59,operator
88.45,1939,speedj,59,operator
88.469,1940,speedj,32,operator
88.49,1941,speedj,32,operator
88.51,1942,speedj,32,operator
88.529,1943,speedj,32,operator
88.55,1944,speedj,32,operator
88.57,1945,speedj,32,operator
88.591,1946,speedj,32,operator
88.609,1947,speedj,32,operator
88.63,1948,speedj,32,operator
88.65,1949,speedj,32,operator
88.67,1950,speedj,32,operator
88.689,1951,speedj,32,operator
88.696,1952,speedj_stop,32,operator
88.925,1953,speedj,162,operator
88.947,1954,speedj,162,operator
88.966,1955,speedj,43,operator
88.987,1956,speedj,43,operator
89.005,1957,speedj_stop,43,operator
89.059,1958,speedj,43,operator
89.079,1959,speedj,43,operator
89.1,1960,speedj,43,operator
89.119,1961,speedj,43,operator
89.141,1962,speedj,43,operator
89.159,1963,speedj,43,operator
89.179,1964,speedj,43,operator
89.2,1965,speedj,43,operator
89.219,1966,speedj,40,operator
89.241,1967,speedj,40,operator
89.259,1968,speedj,40,operator
89.28,1969,speedj,40,operator
89.3,1970,speedj,40,operator
89.32,1971,speedj,40,operator
89.34,1972,speedj,40,operator
89.359,1973,speedj,40,operator
89.38,1974,speedj,40,operator
89.399,1975,speedj,40,operator
89.42,1976,speedj,40,operator
89.44,1977,speedj,40,operator
89.459,1978,speedj,21,operator
89.48,1979,speedj,21,operator
89.499,1980,speedj,21,operator
89.52,1981,speedj,21,operator
89.54,1982,speedj,21,operator
89.559,1983,speedj,21,operator
89.58,1984,speedj,21,operator
89.599,1985,speedj,21,operator
89.62,1986,speedj,21,operator
89.639,1987,speedj,21,operator
89.659,1988,speedj,21,operator
89.679,1989,speedj,21,operator
89.7,1990,speedj,21,operator
89.719,1991,speedj,44,operator
89.74,1992,speedj,44,operator
89.759,1993,speedj,44,operator
89.779,1994,speedj,44,operator
89.8,1995,speedj,44,operator
89.82,1996,speedj,44,operator
89.84,1997,speedj,44,operator
89.86,1998,speedj,44,operator
89.879,1999,speedj,44,operator
89.9,2000,speedj,44,operator
89.92,2001,speedj,44,operator
89.94,2002,speedj,44,operator
89.959,2003,speedj,44,operator
89.98,2004,speedj,35,operator
89.999,2005,speedj,35,operator
90.02,2006,speedj,35,operator
90.04,2007,speedj,35,operator
90.061,2008,speedj,35,operator
90.08,2009,speedj,35,operator
90.101,2010,speedj,35,operator
90.119,2011,speedj,35,operator
90.14,2012,speedj,35,operator
90.159,2013,speedj,35,operator
90.181,2014,speedj,35,operator
90.2,2015,speedj,35,operator
90.22,2016,speedj,35,operator
90.239,2017,speedj,40,operator
90.26,2018,speedj,40,operator
90.28,2019,speedj,40,operator
90.299,2020,speedj,40,operator
90.32,2021,speedj,40,operator
90.341,2022,speedj,40,operator
90.36,2023,speedj,40,operator
90.379,2024,speedj,40,operator
90.4,2025,speedj,40,operator
90.419,2026,speedj,40,operator
90.441,2027,speedj,40,operator
90.459,2028,speedj,32,operator
90.479,2029,speedj,32,operator
90.5,2030,speedj,32,operator
90.519,2031,speedj,32,operator
90.54,2032,speedj,32,operator
90.559,2033,speedj,32,operator
90.58,2034,speedj,32,operator
90.6,2035,speedj,32,operator
90.619,2036,speedj,32,operator
90.639,2037,speedj,32,operator
90.659,2038,speedj,32,operator
90.679,2039,speedj,32,operator
90.699,2040,speedj,32,operator
90.719,2041,speedj,34,operator
90.74,2042,speedj,34,operator
90.759,2043,speedj,34,operator
90.778,2044,speedj_stop,34,operator
92.956,2045,speedj,78,operator
92.977,2046,speedj,78,operator
92.997,2047,speedj,78,operator
93.016,2048,speedj,69,operator
93.037,2049,speedj,69,operator
93.057,2050,speedj,69,operator
93.077,2051,speedj,69,operator
93.097,2052,speedj,69,operator
93.117,2053,speedj,69,operator
93.137,2054,speedj,69,operator
93.157,2055,speedj,69,operator
93.177,2056,speedj,69,operator
93.197,2057,speedj,69,operator
93.217,2058,speedj,69,operator
93.237,2059,speedj,69,operator
93.257,2060,speedj,34,operator
93.277,2061,speedj,34,operator
93.297,2062,speedj,34,operator
93.317,2063,speedj,34,operator
93.337,2064,speedj,34,operator
93.358,2065,speedj,34,operator
93.377,2066,speedj,34,operator
93.396,2067,speedj,34,operator
93.417,2068,speedj,34,operator
93.437,2069,speedj,34,operator
93.458,2070,speedj,34,operator
93.476,2071,speedj,34,operator
93.497,2072,speedj,34,operator
93.517,2073,speedj,34,operator
93.537,2074,speedj,34,operator
93.558,2075,speedj,34,operator
93.577,2076,speedj,34,operator
93.597,2077,speedj,34,operator
93.617,2078,speedj,34,operator
93.637,2079,speedj,34,operator
93.657,2080,speedj,34,operator
93.677,2081,speedj,34,operator
93.697,2082,speedj,34,operator
93.717,2083,speedj,34,operator
93.737,2084,speedj,34,operator
93.757,2085,speedj,34,operator
93.777,2086,speedj,34,operator
93.797,2087,speedj,34,operator
93.817,2088,speedj,34,operator
93.837,2089,speedj,34,operator
93.857,2090,speedj,34,operator
93.876,2091,speedj,34,operator
93.897,2092,speedj,34,operator
93.917,2093,speedj,34,operator
93.937,2094,speedj,34,operator
93.957,2095,speedj,34,operator
93.977,2096,speedj,34,operator
93.997,2097,speedj,36,operator
94.016,2098,speedj,36,operator
94.037,2099,speedj,36,operator
94.057,2100,speedj,36,operator
94.077,2101,speedj,36,operator
94.097,2102,speedj,36,operator
94.117,2103,speedj,36,operator
94.137,2104,speedj,36,operator
94.157,2105,speedj,36,operator
94.177,2106,speedj,36,operator
94.197,2107,speedj,36,operator
94.217,2108,speedj,36,operator
94.237,2109,speedj,36,operator
94.257,2110,speedj,36,operator
94.278,2111,speedj,51,operator
94.297,2112,speedj,51,operator
94.317,2113,speedj,51,operator
94.341,2114,speedj,51,operator
94.357,2115,speedj,51,operator
94.377,2116,speedj,51,operator
94.397,2117,speedj,51,operator
94.417,2118,speedj,51,operator
94.436,2119,speedj,51,operator
94.457,2120,speedj,51,operator
94.478,2121,speedj,51,operator
94.497,2122,speedj,51,operator
94.517,2123,speedj,48,operator
94.537,2124,speedj,48,operator
94.557,2125,speedj,48,operator
94.577,2126,speedj,48,operator
94.597,2127,speedj,48,operator
94.617,2128,speedj,48,operator
94.637,2129,speedj,48,operator
94.657,2130,speedj,48,operator
94.677,2131,speedj,48,operator
94.697,2132,speedj,48,operator
94.717,2133,speedj,48,operator
94.737,2134,speedj,48,operator
94.757,2135,speedj,26,operator
94.777,2136,speedj,26,operator
94.797,2137,speedj,26,operator
94.817,2138,speedj,26,operator
94.837,2139,speedj,26,operator
94.857,2140,speedj,26,operator
94.877,2141,speedj,26,operator
94.897,2142,speedj,26,operator
94.916,2143,speedj,26,operator
94.937,2144,speedj,26,operator
94.958,2145,speedj,26,operator
94.977,2146,speedj,26,operator
94.998,2147,speedj,26,operator
95.017,2148,speedj,41,operator
95.037,2149,speedj,41,operator
95.057,2150,speedj,41,operator
95.077,2151,speedj,41,operator
95.096,2152,speedj,41,operator
95.117,2153,speedj,41,operator
95.137,2154,speedj,41,operator
95.157,2155,speedj,41,operator
95.177,2156,speedj,41,operator
95.197,2157,speedj,41,operator
95.219,2158,speedj,41,operator
95.239,2159,speedj,41,operator
95.257,2160,speedj,41,operator
95.277,2161,speedj,50,operator
95.296,2162,speedj,50,operator
95.317,2163,speedj,50,operator
95.337,2164,speedj,50,operator
95.356,2165,speedj,50,operator
95.377,2166,speedj,50,operator
95.397,2167,speedj,50,operator
95.417,2168,speedj,50,operator
95.437,2169,speedj,50,operator
95.457,2170,speedj,50,operator
95.477,2171,speedj,50,operator
95.497,2172,speedj,50,operator
95.517,2173,speedj,51,operator
95.537,2174,speedj,51,operator
95.557,2175,speedj,51,operator
95.577,2176,speedj,51,operator
95.597,2177,speedj,51,operator
95.616,2178,speedj,51,operator
95.637,2179,speedj,51,operator
95.657,2180,speedj,51,operator
95.677,2181,speedj,51,operator
95.697,2182,speedj,51,operator
95.716,2183,speedj,51,operator
95.737,2184,speedj,51,operator
95.758,2185,speedj,51,operator
95.777,2186,speedj,55,operator
95.797,2187,speedj,55,operator
95.817,2188,speedj,55,operator
95.837,2189,speedj,55,operator
95.858,2190,speedj,55,operator
95.877,2191,speedj,55,operator
95.897,2192,speedj,55,operator
95.917,2193,speedj,55,operator
95.937,2194,speedj,55,operator
95.957,2195,speedj,55,operator
95.977,2196,speedj,55,operator
95.996,2197,speedj,36,operator
96.017,2198,speedj,36,operator
96.037,2199,speedj,36,operator
96.057,2200,speedj,36,operator
96.077,2201,speedj,36,operator
96.097,2202,speedj,36,operator
96.116,2203,speedj,36,operator
96.137,2204,speedj,36,operator
96.149,2205,speedj_stop,36,operator
97.614,2206,speedj,78,operator
97.635,2207,speedj,78,operator
97.654,2208,speedj,78,operator
97.676,2209,speedj,78,operator
97.696,2210,speedj,78,operator
97.716,2211,speedj,78,operator
97.736,2212,speedj,78,operator
97.757,2213,speedj,78,operator
97.775,2214,speedj,78,operator
97.795,2215,speedj,78,operator
97.815,2216,speedj,44,operator
97.835,2217,speedj,44,operator
97.857,2218,speedj,44,operator
97.875,2219,speedj,44,operator
97.896,2220,speedj,44,operator
97.915,2221,speedj,44,operator
97.935,2222,speedj,44,operator
97.958,2223,speedj,44,operator
97.975,2224,speedj,44,operator
97.995,2225,speedj,44,operator
98.015,2226,speedj,44,operator
98.035,2227,speedj,44,operator
98.058,2228,speedj,46,operator
98.074,2229,speedj,46,operator
98.095,2230,speedj,46,operator
98.115,2231,speedj,46,operator
98.135,2232,speedj,46,operator
98.156,2233,speedj,46,operator
98.174,2234,speedj,46,operator
98.196,2235,speedj,46,operator
98.215,2236,speedj,46,operator
98.235,2237,speedj,46,operator
98.255,2238,speedj,46,operator
98.275,2239,speedj,46,operator
98.294,2240,speedj,46,operator
98.315,2241,speedj,46,operator
98.335,2242,speedj,46,operator
98.357,2243,speedj,87,operator
98.375,2244,speedj,87,operator
98.395,2245,speedj,87,operator
98.414,2246,speedj,87,operator
98.435,2247,speedj,87,operator
98.454,2248,speedj,87,operator
98.475,2249,speedj,87,operator
98.495,2250,speedj,87,operator
98.514,2251,speedj,87,operator
98.535,2252,speedj,87,operator
98.558,2253,speedj,52,operator
98.574,2254,speedj,52,operator
98.594,2255,speedj,52,operator
98.615,2256,speedj,52,operator
98.636,2257,speedj,52,operator
98.656,2258,speedj,52,operator
98.676,2259,speedj,52,operator
98.695,2260,speedj,52,operator
98.716,2261,speedj,52,operator
98.735,2262,speedj,52,operator
98.758,2263,speedj,52,operator
98.775,2264,speedj,52,operator
98.795,2265,speedj,52,operator
98.815,2266,speedj,52,operator
98.836,2267,speedj,52,operator
98.856,2268,speedj,52,operator
98.876,2269,speedj,109,operator
98.896,2270,speedj,109,operator
98.915,2271,speedj,109,operator
98.936,2272,speedj,109,operator
98.955,2273,speedj,109,operator
98.976,2274,speedj,109,operator
98.995,2275,speedj,109,operator
99.014,2276,speedj,109,operator
99.035,2277,speedj,109,operator
99.054,2278,speedj,52,operator
99.075,2279,speedj,52,operator
99.096,2280,speedj,52,operator
99.114,2281,speedj,52,operator
99.135,2282,speedj,52,operator
99.157,2283,speedj,52,operator
99.176,2284,speedj,52,operator
99.195,2285,speedj,52,operator
99.215,2286,speedj,52,operator
99.235,2287,speedj,52,operator
99.255,2288,speedj,52,operator
99.275,2289,speedj,52,operator
99.295,2290,speedj,48,operator
99.315,2291,speedj,48,operator
99.335,2292,speedj,48,operator
99.357,2293,speedj,48,operator
99.375,2294,speedj,48,operator
99.395,2295,speedj,48,operator
99.415,2296,speedj,48,operator
99.436,2297,speedj,48,operator
99.455,2298,speedj,48,operator
99.476,2299,speedj,48,operator
99.495,2300,speedj,48,operator
99.515,2301,speedj,48,operator
99.535,2302,speedj,48,operator
99.557,2303,speedj,51,operator
99.575,2304,speedj,51,operator
99.595,2305,speedj,51,operator
99.615,2306,speedj,51,operator
99.628,2307,speedj_stop,51,operator
100.294,2308,speedj,50,operator
100.314,2309,speedj,30,operator
100.335,2310,speedj,30,operator
100.355,2311,speedj,30,operator
100.374,2312,speedj,30,operator
100.394,2313,speedj,30,operator
100.415,2314,speedj,30,operator
100.435,2315,speedj,30,operator
100.454,2316,speedj,30,operator
100.474,2317,speedj,30,operator
100.495,2318,speedj,30,operator
100.516,2319,speedj,30,operator
100.535,2320,speedj,30,operator
100.557,2321,speedj,30,operator
100.574,2322,speedj,30,operator
100.594,2323,speedj,30,operator
100.615,2324,speedj,60,operator
100.634,2325,speedj,60,operator
100.655,2326,speedj,60,operator
100.674,2327,speedj,60,operator
100.694,2328,speedj,60,operator
100.714,2329,speedj,60,operator
100.735,2330,speedj,60,operator
100.755,2331,speedj,60,operator
100.774,2332,speedj,60,operator
100.794,2333,speedj,60,operator
100.814,2334,speedj,60,operator
100.835,2335,speedj,60,operator
100.858,2336,speedj,58,operator
100.874,2337,speedj,58,operator
100.895,2338,speedj,58,operator
100.915,2339,speedj,58,operator
100.934,2340,speedj,58,operator
100.955,2341,speedj,58,operator
100.974,2342,speedj,58,operator
100.994,2343,speedj,58,operator
101.014,2344,speedj,58,operator
101.034,2345,speedj,58,operator
101.054,2346,speedj,58,operator
101.074,2347,speedj,21,operator
101.095,2348,speedj,21,operator
101.115,2349,speedj,21,operator
101.135,2350,speedj,21,operator
101.154,2351,speedj,21,operator
101.175,2352,speedj,21,operator
101.195,2353,speedj,21,operator
101.215,2354,speedj,21,operator
101.235,2355,speedj,21,operator
101.254,2356,speedj,21,operator
101.274,2357,speedj,21,operator
101.296,2358,speedj,21,operator
101.315,2359,speedj,21,operator
101.335,2360,speedj,21,operator
101.358,2361,speedj,39,operator
101.375,2362,speedj,39,operator
101.394,2363,speedj,39,operator
101.415,2364,speedj,39,operator
101.435,2365,speedj,39,operator
101.455,2366,speedj,39,operator
101.475,2367,speedj,39,operator
101.495,2368,speedj,39,operator
101.515,2369,speedj,39,operator
101.535,2370,speedj,39,operator
101.555,2371,speedj,39,operator
101.574,2372,speedj,39,operator
101.594,2373,speedj,39,operator
101.614,2374,speedj,48,operator
101.634,2375,speedj,48,operator
101.655,2376,speedj,48,operator
101.676,2377,speedj,48,operator
101.695,2378,speedj,48,operator
101.714,2379,speedj,48,operator
101.735,2380,speedj,48,operator
101.755,2381,speedj,48,operator
101.774,2382,speedj,48,operator
101.795,2383,speedj,48,operator
101.815,2384,speedj,48,operator
101.834,2385,speedj,48,operator
101.855,2386,speedj,35,operator
101.874,2387,speedj,35,operator
101.894,2388,speedj,35,operator
101.914,2389,speedj,35,operator
101.934,2390,speedj,35,operator
101.956,2391,speedj,35,operator
101.974,2392,speedj,35,operator
101.995,2393,speedj,35,operator
102.015,2394,speedj,35,operator
102.035,2395,speedj,35,operator
102.058,2396,speedj,35,operator
102.074,2397,speedj,35,operator
102.094,2398,speedj,35,operator
102.102,2399,speedj_stop,35,operator
102.803,2400,speedj,47,operator
102.824,2401,speedj,47,operator
102.844,2402,speedj,47,operator
102.865,2403,speedj,47,operator
102.885,2404,speedj,47,operator
102.903,2405,speedj,49,operator
102.924,2406,speedj,49,operator
102.944,2407,speedj,49,operator
102.963,2408,speedj,49,operator
102.984,2409,speedj,49,operator
103.004,2410,speedj,49,operator
103.024,2411,speedj,49,operator
103.044,2412,speedj,49,operator
103.065,2413,speedj,49,operator
103.083,2414,speedj,49,operator
103.104,2415,speedj,49,operator
103.124,2416,speedj,49,operator
103.144,2417,speedj,49,operator
103.164,2418,speedj,49,operator
103.183,2419,speedj,49,operator
103.204,2420,speedj,49,operator
103.224,2421,speedj,49,operator
103.244,2422,speedj,49,operator
103.263,2423,speedj,49,operator
103.284,2424,speedj,49,operator
103.307,2425,speedj,49,operator
103.324,2426,speedj,49,operator
103.344,2427,speedj,49,operator
103.363,2428,speedj,49,operator
103.384,2429,speedj,49,operator
103.403,2430,speedj,54,operator
103.424,2431,speedj,54,operator
103.444,2432,speedj,54,operator
103.465,2433,speedj,54,operator
103.484,2434,speedj,54,operator
103.505,2435,speedj,54,operator
103.524,2436,speedj,54,operator
103.544,2437,speedj,54,operator
103.564,2438,speedj,54,operator
103.584,2439,speedj,54,operator
103.605,2440,speedj,54,operator
103.624,2441,speedj,54,operator
103.644,2442,speedj,44,operator
103.663,2443,speedj,44,operator
103.684,2444,speedj,44,operator
103.703,2445,speedj,44,operator
103.724,2446,speedj,44,operator
103.744,2447,speedj,44,operator
103.763,2448,speedj,44,operator
103.784,2449,speedj,44,operator
103.804,2450,speedj,44,operator
103.824,2451,speedj,44,operator
103.844,2452,speedj,44,operator
103.864,2453,speedj,44,operator
103.884,2454,speedj,44,operator
103.904,2455,speedj,44,operator
103.924,2456,speedj,84,operator
103.945,2457,speedj,84,operator
103.964,2458,speedj,84,operator
103.985,2459,speedj,84,operator
104.004,2460,speedj,84,operator
104.025,2461,speedj,84,operator
104.044,2462,speedj,84,operator
104.065,2463,speedj,84,operator
104.084,2464,speedj,84,operator
104.091,2465,speedj_stop,84,operator
104.435,2466,speedj,15,operator
104.458,2467,speedj,15,operator
104.476,2468,speedj,15,operator
104.496,2469,speedj,15,operator
104.516,2470,speedj,15,operator
104.537,2471,speedj,15,operator
104.558,2472,speedj,15,operator
104.575,2473,speedj,15,operator
104.596,2474,speedj,15,operator
104.615,2475,speedj,15,operator
104.635,2476,speedj,27,operator
104.657,2477,speedj,27,operator
104.676,2478,speedj,27,operator
104.696,2479,speedj,27,operator
104.716,2480,speedj,27,operator
104.737,2481,speedj,27,operator
104.755,2482,speedj,27,operator
104.776,2483,speedj,27,operator
104.796,2484,speedj,27,operator
104.815,2485,speedj,27,operator
104.837,2486,speedj,27,operator
104.857,2487,speedj,27,operator
104.876,2488,speedj,35,operator
104.896,2489,speedj,35,operator
104.916,2490,speedj,35,operator
104.936,2491,speedj,35,operator
104.958,2492,speedj,35,operator
104.976,2493,speedj,35,operator
104.996,2494,speedj,35,operator
105.016,2495,speedj,35,operator
105.036,2496,speedj,35,operator
105.057,2497,speedj,35,operator
105.076,2498,speedj,35,operator
105.097,2499,speedj,35,operator
105.116,2500,speedj,35,operator
105.136,2501,speedj,37,operator
105.158,2502,speedj,37,operator
105.177,2503,speedj,37,operator
105.195,2504,speedj,37,operator
105.215,2505,speedj,37,operator
105.236,2506,speedj,37,operator
105.258,2507,speedj,37,operator
105.276,2508,speedj,37,operator
105.296,2509,speedj,37,operator
105.316,2510,speedj,37,operator
105.335,2511,speedj,37,operator
105.355,2512,speedj,37,operator
105.376,2513,speedj,33,operator
105.395,2514,speedj,33,operator
105.416,2515,speedj,33,operator
105.437,2516,speedj,33,operator
105.458,2517,speedj,33,operator
105.476,2518,speedj,33,operator
105.497,2519,speedj,33,operator
105.516,2520,speedj,33,operator
105.536,2521,speedj,33,operator
105.557,2522,speedj,33,operator
105.576,2523,speedj,33,operator
105.595,2524,speedj,33,operator
105.616,2525,speedj,33,operator
105.636,2526,speedj,28,operator
105.657,2527,speedj,28,operator
105.676,2528,speedj,28,operator
105.696,2529,speedj,28,operator
105.716,2530,speedj,28,operator
105.736,2531,speedj,28,operator
105.757,2532,speedj,28,operator
105.777,2533,speedj,28,operator
105.796,2534,speedj,28,operator
105.816,2535,speedj,28,operator
105.837,2536,speedj,28,operator
105.858,2537,speedj,28,operator
105.86,2538,speedj_stop,28,operator
106.748,2539,speedj,68,operator
106.769,2540,speedj,68,operator
106.789,2541,speedj,68,operator
106.809,2542,speedj,68,operator
106.828,2543,speedj,68,operator
106.848,2544,speedj,68,operator
106.869,2545,speedj,68,operator
106.889,2546,speedj,68,operator
106.909,2547,speedj,68,operator
106.929,2548,speedj,68,operator
106.949,2549,speedj,90,operator
106.969,2550,speedj,90,operator
106.989,2551,speedj,90,operator
107.009,2552,speedj,90,operator
107.03,2553,speedj,90,operator
107.049,2554,speedj,90,operator
107.068,2555,speedj,90,operator
107.089,2556,speedj,90,operator
107.109,2557,speedj,90,operator
107.129,2558,speedj,90,operator
107.149,2559,speedj,43,operator
107.168,2560,speedj,43,operator
107.188,2561,speedj,43,operator
107.208,2562,speedj,43,operator
107.228,2563,speedj,43,operator
107.249,2564,speedj,43,operator
107.268,2565,speedj,43,operator
107.289,2566,speedj,43,operator
107.308,2567,speedj,43,operator
107.328,2568,speedj,43,operator
107.348,2569,speedj,43,operator
107.368,2570,speedj,43,operator
107.388,2571,speedj,106,operator
107.408,2572,speedj,106,operator
107.429,2573,speedj,106,operator
107.448,2574,speedj,106,operator
107.469,2575,speedj,106,operator
107.489,2576,speedj,106,operator
107.508,2577,speedj,106,operator
107.529,2578,speedj,106,operator
107.548,2579,speedj,106,operator
107.568,2580,speedj,106,operator
107.589,2581,speedj,106,operator
107.61,2582,speedj,106,operator
107.628,2583,speedj,106,operator
107.648,2584,speedj,54,operator
107.668,2585,speedj,54,operator
107.692,2586,speedj,54,operator
107.708,2587,speedj,54,operator
107.729,2588,speedj,54,operator
107.749,2589,speedj,54,operator
107.768,2590,speedj,54,operator
107.791,2591,speedj,54,operator
107.809,2592,speedj,54,operator
107.829,2593,speedj,54,operator
107.849,2594,speedj,54,operator
107.869,2595,speedj,54,operator
107.891,2596,speedj,43,operator
107.909,2597,speedj,43,operator
107.928,2598,speedj,43,operator
107.948,2599,speedj,43,operator
107.969,2600,speedj,43,operator
107.991,2601,speedj,43,operator
108.008,2602,speedj,43,operator
108.028,2603,speedj,43,operator
108.048,2604,speedj,43,operator
108.069,2605,speedj,43,operator
108.089,2606,speedj,43,operator
108.108,2607,speedj,43,operator
108.128,2608,speedj,43,operator
108.148,2609,speedj,50,operator
108.17,2610,speedj,50,operator
108.189,2611,speedj,50,operator
108.208,2612,speedj,50,operator
108.229,2613,speedj,50,operator
108.248,2614,speedj,50,operator
108.269,2615,speedj,50,operator
108.291,2616,speedj,50,operator
108.309,2617,speedj,50,operator
108.328,2618,speedj,50,operator
108.348,2619,speedj,50,operator
108.368,2620,speedj,50,operator
108.389,2621,speedj,50,operator
108.408,2622,speedj,42,operator
108.429,2623,speedj,42,operator
108.449,2624,speedj,42,operator
108.468,2625,speedj,42,operator
108.491,2626,speedj,42,operator
108.508,2627,speedj,42,operator
108.529,2628,speedj,42,operator
108.548,2629,speedj,42,operator
108.569,2630,speedj,42,operator
108.592,2631,speedj,42,operator
108.609,2632,speedj,42,operator
108.629,2633,speedj,42,operator
108.649,2634,speedj,35,operator
108.669,2635,speedj,35,operator
108.688,2636,speedj,35,operator
108.708,2637,speedj,35,operator
108.729,2638,speedj,35,operator
108.748,2639,speedj,35,operator
108.769,2640,speedj,35,operator
108.788,2641,speedj,35,operator
108.808,2642,speedj,35,operator
108.828,2643,speedj,35,operator
108.849,2644,speedj,35,operator
108.868,2645,speedj,35,operator
108.889,2646,speedj,34,operator
108.908,2647,speedj,34,operator
108.93,2648,speedj,34,operator
108.948,2649,speedj,34,operator
108.968,2650,speedj,34,operator
108.989,2651,speedj,34,operator
109.008,2652,speedj,34,operator
109.028,2653,speedj,34,operator
109.048,2654,speedj,34,operator
109.069,2655,speedj,34,operator
109.088,2656,speedj,34,operator
109.108,2657,speedj,34,operator
109.128,2658,speedj,39,operator
109.149,2659,speedj,39,operator
109.168,2660,speedj,39,operator
109.191,2661,speedj,39,operator
109.209,2662,speedj,39,operator
109.228,2663,speedj,39,operator
109.249,2664,speedj,39,operator
109.268,2665,speedj,39,operator
109.289,2666,speedj,39,operator
109.309,2667,speedj,39,operator
109.318,2668,speedj_stop,39,operator
109.863,2669,speedj,18,operator
109.884,2670,speedj,18,operator
109.904,2671,speedj,67,operator
109.925,2672,speedj,67,operator
109.944,2673,speedj,67,operator
109.965,2674,speedj,67,operator
109.984,2675,speedj,67,operator
110.004,2676,speedj,67,operator
110.024,2677,speedj,67,operator
110.044,2678,speedj,67,operator
110.064,2679,speedj,67,operator
110.085,2680,speedj,67,operator
110.105,2681,speedj,67,operator
110.125,2682,speedj,23,operator
110.144,2683,speedj,23,operator
110.163,2684,speedj,23,operator
110.184,2685,speedj,23,operator
110.204,2686,speedj,23,operator
110.224,2687,speedj,23,operator
110.244,2688,speedj,23,operator
110.265,2689,speedj,23,operator
110.283,2690,speedj,23,operator
110.305,2691,speedj,23,operator
110.325,2692,speedj,23,operator
110.344,2693,speedj,23,operator
110.364,2694,speedj,23,operator
110.385,2695,speedj,23,operator
110.405,2696,speedj,43,operator
110.425,2697,speedj,43,operator
110.445,2698,speedj,43,operator
110.464,2699,speedj,43,operator
110.485,2700,speedj,43,operator
110.505,2701,speedj,43,operator
110.525,2702,speedj,43,operator
110.545,2703,speedj,43,operator
110.565,2704,speedj,43,operator
110.584,2705,speedj,43,operator
110.604,2706,speedj,43,operator
110.624,2707,speedj,43,operator
110.645,2708,speedj,49,operator
110.664,2709,speedj,49,operator
110.684,2710,speedj,49,operator
110.704,2711,speedj,49,operator
110.725,2712,speedj,49,operator
110.744,2713,speedj,49,operator
110.764,2714,speedj,49,operator
110.784,2715,speedj,49,operator
110.805,2716,speedj,49,operator
110.824,2717,speedj,49,operator
110.843,2718,speedj,49,operator
110.863,2719,speedj,49,operator
110.884,2720,speedj,34,operator
110.904,2721,speedj,34,operator
110.925,2722,speedj,34,operator
110.944,2723,speedj,34,operator
110.964,2724,speedj,34,operator
110.983,2725,speedj,34,operator
111.004,2726,speedj,34,operator
111.025,2727,speedj,34,operator
111.044,2728,speedj,34,operator
111.064,2729,speedj,34,operator
111.084,2730,speedj,34,operator
111.105,2731,speedj,34,operator
111.125,2732,speedj,34,operator
111.144,2733,speedj,39,operator
111.164,2734,speedj,39,operator
111.184,2735,speedj,39,operator
111.204,2736,speedj,39,operator
111.225,2737,speedj,39,operator
111.243,2738,speedj,39,operator
111.265,2739,speedj,39,operator
111.284,2740,speedj,39,operator
111.304,2741,speedj,39,operator
111.325,2742,speedj,39,operator
111.344,2743,speedj,39,operator
111.363,2744,speedj,17,operator
111.384,2745,speedj,17,operator
111.404,2746,speedj,17,operator
111.424,2747,speedj,17,operator
111.444,2748,speedj,17,operator
111.464,2749,speedj,17,operator
111.484,2750,speedj,17,operator
111.504,2751,speedj,17,operator
111.524,2752,speedj,17,operator
111.543,2753,speedj,17,operator
111.564,2754,speedj,17,operator
111.584,2755,speedj,17,operator
111.605,2756,speedj,17,operator
111.624,2757,speedj,39,operator
111.644,2758,speedj,39,operator
111.664,2759,speedj,39,operator
111.684,2760,speedj,39,operator
111.704,2761,speedj,39,operator
111.725,2762,speedj,39,operator
111.744,2763,speedj,39,operator
111.764,2764,speedj,39,operator
111.784,2765,speedj,39,operator
111.804,2766,speedj,39,operator
111.825,2767,speedj_stop,39,operator
113.03,2768,speedj,54,operator
113.05,2769,speedj,54,operator
113.071,2770,speedj,54,operator
113.091,2771,speedj,54,operator
113.111,2772,speedj,54,operator
113.13,2773,speedj,54,operator
113.15,2774,speedj,33,operator
113.17,2775,speedj,33,operator
113.191,2776,speedj,33,operator
113.21,2777,speedj,33,operator
113.23,2778,speedj,33,operator
113.251,2779,speedj,33,operator
113.271,2780,speedj,33,operator
113.29,2781,speedj,33,operator
113.311,2782,speedj,33,operator
113.33,2783,speedj,33,operator
113.35,2784,speedj,33,operator
113.371,2785,speedj,33,operator
113.392,2786,speedj,46,operator
113.41,2787,speedj,46,operator
113.43,2788,speedj,46,operator
113.451,2789,speedj,46,operator
113.471,2790,speedj,46,operator
113.491,2791,speedj,46,operator
113.51,2792,speedj,46,operator
113.531,2793,speedj,46,operator
113.55,2794,speedj,46,operator
113.571,2795,speedj,46,operator
113.59,2796,speedj,46,operator
113.61,2797,speedj,46,operator
113.63,2798,speedj,46,operator
113.65,2799,speedj,49,operator
113.67,2800,speedj,49,operator
113.691,2801,speedj,49,operator
113.71,2802,speedj,49,operator
113.73,2803,speedj,49,operator
113.75,2804,speedj,49,operator
113.77,2805,speedj,49,operator
113.792,2806,speedj,49,operator
113.81,2807,speedj,49,operator
113.831,2808,speedj,49,operator
113.85,2809,speedj,49,operator
113.871,2810,speedj,49,operator
113.892,2811,speedj,36,operator
113.91,2812,speedj,36,operator
113.931,2813,speedj,36,operator
113.95,2814,speedj,36,operator
113.971,2815,speedj,36,operator
113.992,2816,speedj,36,operator
114.01,2817,speedj,36,operator
114.03,2818,speedj,36,operator
114.051,2819,speedj,36,operator
114.07,2820,speedj,36,operator
114.09,2821,speedj,36,operator
114.11,2822,speedj,36,operator
114.13,2823,speedj,37,operator
114.15,2824,speedj,37,operator
114.17,2825,speedj,37,operator
114.19,2826,speedj,37,operator
114.21,2827,speedj,37,operator
114.23,2828,speedj,37,operator
114.25,2829,speedj,37,operator
114.27,2830,speedj,37,operator
114.291,2831,speedj,37,operator
114.31,2832,speedj,37,operator
114.33,2833,speedj,37,operator
114.35,2834,speedj,37,operator
114.37,2835,speedj,37,operator
114.39,2836,speedj,41,operator
114.411,2837,speedj,41,operator
114.43,2838,speedj,41,operator
114.451,2839,speedj,41,operator
114.47,2840,speedj,41,operator
114.491,2841,speedj,41,operator
114.511,2842,speedj,41,operator
114.531,2843,speedj,41,operator
114.55,2844,speedj,41,operator
114.57,2845,speedj,41,operator
114.591,2846,speedj,41,operator
114.61,2847,speedj,41,operator
114.63,2848,speedj,28,operator
114.65,2849,speedj,28,operator
114.671,2850,speedj,28,operator
114.691,2851,speedj,28,operator
114.71,2852,speedj,28,operator
114.73,2853,speedj,28,operator
114.751,2854,speedj,28,operator
114.771,2855,speedj,28,operator
114.791,2856,speedj,28,operator
114.811,2857,speedj,28,operator
114.831,2858,speedj,28,operator
114.85,2859,speedj,28,operator
114.871,2860,speedj,28,operator
114.89,2861,speedj,39,operator
114.91,2862,speedj,39,operator
114.93,2863,speedj,39,operator
114.951,2864,speedj,39,operator
114.971,2865,speedj,39,operator
114.992,2866,speedj,39,operator
115.011,2867,speedj,39,operator
115.03,2868,speedj,39,operator
115.052,2869,speedj,39,operator
115.071,2870,speedj,39,operator
115.079,2871,speedj_stop,39,operator
115.687,2872,speedj,79,operator
115.708,2873,speedj,79,operator
115.729,2874,speedj,79,operator
115.748,2875,speedj,79,operator
115.768,2876,speedj,79,operator
115.788,2877,speedj,79,operator
115.809,2878,speedj,79,operator
115.827,2879,speedj,79,operator
115.848,2880,speedj,79,operator
115.867,2881,speedj,79,operator
115.887,2882,speedj,56,operator
115.909,2883,speedj,56,operator
115.928,2884,speedj,56,operator
115.947,2885,speedj,56,operator
115.968,2886,speedj,56,operator
115.987,2887,speedj,56,operator
116.007,2888,speedj,56,operator
116.029,2889,speedj,56,operator
116.048,2890,speedj,56,operator
116.068,2891,speedj,56,operator
116.088,2892,speedj,56,operator
116.107,2893,speedj,56,operator
116.129,2894,speedj,56,operator
116.148,2895,speedj,59,operator
116.167,2896,speedj,59,operator
116.188,2897,speedj,59,operator
116.209,2898,speedj,59,operator
116.229,2899,speedj,59,operator
116.248,2900,speedj,59,operator
116.269,2901,speedj,59,operator
116.288,2902,speedj,59,operator
116.309,2903,speedj,59,operator
116.329,2904,speedj,59,operator
116.348,2905,speedj,59,operator
116.367,2906,speedj,59,operator
116.388,2907,speedj,32,operator
116.409,2908,speedj,32,operator
116.429,2909,speedj,32,operator
116.449,2910,speedj,32,operator
116.468,2911,speedj,32,operator
116.489,2912,speedj,32,operator
116.508,2913,speedj,32,operator
116.527,2914,speedj,32,operator
116.548,2915,speedj,32,operator
116.569,2916,speedj,32,operator
116.589,2917,speedj,32,operator
116.608,2918,speedj,32,operator
116.628,2919,speedj,41,operator
116.649,2920,speedj,41,operator
116.669,2921,speedj,41,operator
116.689,2922,speedj,41,operator
116.708,2923,speedj,41,operator
116.728,2924,speedj,41,operator
116.747,2925,speedj,41,operator
116.768,2926,speedj,41,operator
116.788,2927,speedj,41,operator
116.808,2928,speedj,41,operator
116.828,2929,speedj,41,operator
116.848,2930,speedj,41,operator
116.868,2931,speedj,41,operator
116.887,2932,speedj,33,operator
116.908,2933,speedj,33,operator
116.929,2934,speedj,33,operator
116.948,2935,speedj,33,operator
116.968,2936,speedj,33,operator
116.989,2937,speedj,33,operator
117.008,2938,speedj,33,operator
117.028,2939,speedj,33,operator
117.049,2940,speedj,33,operator
117.067,2941,speedj,33,operator
117.088,2942,speedj,33,operator
117.108,2943,speedj,33,operator
117.127,2944,speedj,33,operator
117.148,2945,speedj,40,operator
117.168,2946,speedj,40,operator
117.188,2947,speedj,40,operator
117.208,2948,speedj,40,operator
117.228,2949,speedj,40,operator
117.249,2950,speedj,40,operator
117.267,2951,speedj,40,operator
117.288,2952,speedj,40,operator
117.308,2953,speedj,40,operator
117.329,2954,speedj,40,operator
117.348,2955,speedj,40,operator
117.367,2956,speedj,40,operator
117.387,2957,speedj,40,operator
117.409,2958,speedj,39,operator
117.427,2959,speedj,39,operator
117.449,2960,speedj,39,operator
117.468,2961,speedj,39,operator
117.489,2962,speedj,39,operator
117.509,2963,speedj,39,operator
117.527,2964,speedj,39,operator
117.548,2965,speedj,39,operator
117.568,2966,speedj,39,operator
117.588,2967,speedj,39,operator
117.608,2968,speedj,39,operator
117.628,2969,speedj,30,operator
117.648,2970,speedj,30,operator
117.669,2971,speedj,30,operator
117.688,2972,speedj,30,operator
117.708,2973,speedj,30,operator
117.727,2974,speedj,30,operator
117.748,2975,speedj,30,operator
117.769,2976,speedj,30,operator
117.788,2977,speedj,30,operator
117.808,2978,speedj,30,operator
117.828,2979,speedj,30,operator
117.849,2980,speedj,30,operator
117.869,2981,speedj,30,operator
117.889,2982,speedj,38,operator
117.908,2983,speedj,38,operator
117.929,2984,speedj,38,operator
117.948,2985,speedj,38,operator
117.967,2986,speedj,38,operator
117.988,2987,speedj,38,operator
118.008,2988,speedj,38,operator
118.029,2989,speedj,38,operator
118.049,2990,speedj,38,operator
118.068,2991,speedj,38,operator
118.089,2992,speedj,38,operator
118.108,2993,speedj,38,operator
118.128,2994,speedj,38,operator
118.148,2995,speedj,49,operator
118.168,2996,speedj,49,operator
118.187,2997,speedj,49,operator
118.208,2998,speedj,49,operator
118.229,2999,speedj,49,operator
118.249,3000,speedj,49,operator
118.269,3001,speedj,49,operator
118.288,3002,speedj,49,operator
118.309,3003,speedj,49,operator
118.328,3004,speedj,49,operator
118.347,3005,speedj,49,operator
118.368,3006,speedj,49,operator
118.388,3007,speedj,34,operator
118.407,3008,speedj,34,operator
118.428,3009,speedj,34,operator
118.447,3010,speedj,34,operator
118.468,3011,speedj,34,operator
118.488,3012,speedj,34,operator
118.508,3013,speedj,34,operator
118.52,3014,speedj_stop,34,operator
119.262,3015,speedj,54,operator
119.283,3016,speedj,54,operator
119.303,3017,speedj,54,operator
119.324,3018,speedj,54,operator
119.343,3019,speedj,54,operator
119.363,3020,speedj,54,operator
119.383,3021,speedj,54,operator
119.403,3022,speedj,38,operator
119.425,3023,speedj,38,operator
119.443,3024,speedj,38,operator
119.463,3025,speedj,38,operator
119.484,3026,speedj,38,operator
119.503,3027,speedj,38,operator
119.525,3028,speedj,38,operator
119.543,3029,speedj,38,operator
119.564,3030,speedj,38,operator
119.584,3031,speedj,38,operator
119.603,3032,speedj,38,operator
119.625,3033,speedj,34,operator
119.642,3034,speedj,34,operator
119.663,3035,speedj,34,operator
119.683,3036,speedj,34,operator
119.703,3037,speedj,34,operator
119.725,3038,speedj,34,operator
119.743,3039,speedj,34,operator
119.764,3040,speedj,34,operator
119.783,3041,speedj,34,operator
119.803,3042,speedj,34,operator
119.823,3043,speedj,34,operator
119.843,3044,speedj,34,operator
119.863,3045,speedj,34,operator
119.883,3046,speedj,32,operator
119.903,3047,speedj,32,operator
119.925,3048,speedj,32,operator
119.943,3049,speedj,32,operator
119.963,3050,speedj,32,operator
119.983,3051,speedj,32,operator
120.003,3052,speedj,32,operator
120.025,3053,speedj,32,operator
120.043,3054,speedj,32,operator
120.063,3055,speedj,32,operator
120.083,3056,speedj,32,operator
120.103,3057,speedj,32,operator
120.125,3058,speedj,29,operator
120.142,3059,speedj,29,operator
120.164,3060,speedj,29,operator
120.183,3061,speedj,29,operator
120.203,3062,speedj,29,operator
120.225,3063,speedj,29,operator
120.243,3064,speedj,29,operator
120.264,3065,speedj,29,operator
120.283,3066,speedj,29,operator
120.303,3067,speedj,29,operator
120.325,3068,speedj,29,operator
120.343,3069,speedj,29,operator
120.363,3070,speedj,29,operator
120.383,3071,speedj,34,operator
120.403,3072,speedj,34,operator
120.423,3073,speedj,34,operator
120.443,3074,speedj,34,operator
120.463,3075,speedj,34,operator
120.483,3076,speedj,34,operator
120.503,3077,speedj,34,operator
120.524,3078,speedj,34,operator
120.543,3079,speedj,34,operator
120.563,3080,speedj,34,operator
120.583,3081,speedj,34,operator
120.603,3082,speedj,34,operator
120.625,3083,speedj,57,operator
120.644,3084,speedj,57,operator
120.663,3085,speedj,57,operator
120.683,3086,speedj,57,operator
120.703,3087,speedj,57,operator
120.725,3088,speedj,57,operator
120.743,3089,speedj,57,operator
120.763,3090,speedj,57,operator
120.783,3091,speedj,57,operator
120.803,3092,speedj,57,operator
120.823,3093,speedj,57,operator
120.843,3094,speedj,57,operator
120.863,3095,speedj,57,operator
120.883,3096,speedj,28,operator
120.903,3097,speedj,28,operator
120.925,3098,speedj,28,operator
120.944,3099,speedj,28,operator
120.962,3100,speedj,28,operator
120.983,3101,speedj,28,operator
121.004,3102,speedj,28,operator
121.025,3103,speedj,28,operator
121.043,3104,speedj,28,operator
121.063,3105,speedj,28,operator
121.084,3106,speedj,28,operator
121.103,3107,speedj,28,operator
121.125,3108,speedj,37,operator
121.143,3109,speedj,37,operator
121.163,3110,speedj,37,operator
121.183,3111,speedj,37,operator
121.193,3112,speedj_stop,37,operator
121.976,3113,speedj,65,operator
121.996,3114,speedj,65,operator
122.016,3115,speedj,65,operator
122.037,3116,speedj,65,operator
122.056,3117,speedj,65,operator
122.076,3118,speedj,65,operator
122.097,3119,speedj,65,operator
122.117,3120,speedj,65,operator
122.136,3121,speedj,36,operator
122.159,3122,speedj,36,operator
122.176,3123,speedj,36,operator
122.197,3124,speedj,36,operator
122.217,3125,speedj,36,operator
122.236,3126,speedj,36,operator
122.258,3127,speedj,36,operator
122.277,3128,speedj,36,operator
122.296,3129,speedj,36,operator
122.317,3130,speedj,36,operator
122.336,3131,speedj,36,operator
122.359,3132,speedj,36,operator
122.377,3133,speedj,36,operator
122.396,3134,speedj,36,operator
122.416,3135,speedj,36,operator
122.436,3136,speedj,36,operator
122.459,3137,speedj,36,operator
122.476,3138,speedj,36,operator
122.496,3139,speedj,36,operator
122.517,3140,speedj,36,operator
122.536,3141,speedj,36,operator
122.556,3142,speedj,36,operator
122.576,3143,speedj,36,operator
122.597,3144,speedj,36,operator
122.616,3145,speedj,36,operator
122.637,3146,speedj,36,operator
122.656,3147,speedj,36,operator
122.676,3148,speedj,36,operator
122.697,3149,speedj,36,operator
122.717,3150,speedj,36,operator
122.736,3151,speedj,162,operator
122.758,3152,speedj,162,operator
122.777,3153,speedj,162,operator
122.796,3154,speedj,162,operator
122.816,3155,speedj,162,operator
122.837,3156,speedj,162,operator
122.858,3157,speedj,162,operator
122.876,3158,speedj,162,operator
122.896,3159,speedj,56,operator
122.916,3160,speedj,56,operator
122.936,3161,speedj,56,operator
122.959,3162,speedj,56,operator
122.976,3163,speedj,56,operator
122.997,3164,speedj,56,operator
123.017,3165,speedj,56,operator
123.036,3166,speedj,56,operator
123.059,3167,speedj,56,operator
123.076,3168,speedj,56,operator
123.097,3169,speedj,56,operator
123.116,3170,speedj,56,operator
123.136,3171,speedj,35,operator
123.158,3172,speedj,35,operator
123.177,3173,speedj,35,operator
123.196,3174,speedj,35,operator
123.216,3175,speedj,35,operator
123.237,3176,speedj,35,operator
123.256,3177,speedj,35,operator
123.276,3178,speedj,35,operator
123.296,3179,speedj,35,operator
123.316,3180,speedj,35,operator
123.336,3181,speedj,35,operator
123.358,3182,speedj,35,operator
123.376,3183,speedj,36,operator
123.397,3184,speedj,36,operator
123.417,3185,speedj,36,operator
123.437,3186,speedj,36,operator
123.456,3187,speedj,36,operator
123.477,3188,speedj,36,operator
123.496,3189,speedj,36,operator
123.516,3190,speedj,36,operator
123.537,3191,speedj,36,operator
123.557,3192,speedj,36,operator
123.576,3193,speedj,36,operator
123.596,3194,speedj,36,operator
123.617,3195,speedj,36,operator
123.636,3196,speedj,57,operator
123.659,3197,speedj,57,operator
123.676,3198,speedj,57,operator
123.696,3199,speedj,57,operator
123.716,3200,speedj,57,operator
123.737,3201,speedj,57,operator
123.759,3202,speedj,57,operator
123.776,3203,speedj,57,operator
123.796,3204,speedj,57,operator
123.817,3205,speedj,57,operator
123.836,3206,speedj,57,operator
123.858,3207,speedj,57,operator
123.876,3208,speedj,57,operator
123.896,3209,speedj,54,operator
123.916,3210,speedj,54,operator
123.937,3211,speedj,54,operator
123.958,3212,speedj,54,operator
123.976,3213,speedj,54,operator
123.997,3214,speedj,54,operator
124.017,3215,speedj,54,operator
124.036,3216,speedj,54,operator
124.056,3217,speedj,54,operator
124.076,3218,speedj,54,operator
124.096,3219,speedj,54,operator
124.117,3220,speedj,54,operator
124.137,3221,speedj,54,operator
124.157,3222,speedj,54,operator
124.177,3223,speedj,54,operator
124.196,3224,speedj,54,operator
124.217,3225,speedj,54,operator
124.237,3226,speedj,54,operator
124.257,3227,speedj,54,operator
124.276,3228,speedj,54,operator
124.297,3229,speedj,54,operator
124.316,3230,speedj,54,operator
124.337,3231,speedj,243,operator
124.358,3232,speedj,243,operator
124.377,3233,speedj,243,operator
124.396,3234,speedj,53,operator
124.416,3235,speedj,53,operator
124.436,3236,speedj,53,operator
124.458,3237,speedj,53,operator
124.464,3238,speedj_stop,53,operator
127.279,3239,speedj,33,operator
127.301,3240,speedj,33,operator
127.32,3241,speedj,33,operator
127.342,3242,speedj,33,operator
127.36,3243,speedj,33,operator
127.38,3244,speedj,37,operator
127.4,3245,speedj,37,operator
127.421,3246,speedj,37,operator
127.44,3247,speedj,37,operator
127.46,3248,speedj,37,operator
127.481,3249,speedj,37,operator
127.501,3250,speedj,37,operator
127.52,3251,speedj,37,operator
127.54,3252,speedj,37,operator
127.561,3253,speedj,37,operator
127.581,3254,speedj,37,operator
127.6,3255,speedj,37,operator
127.621,3256,speedj,37,operator
127.642,3257,speedj,33,operator
127.661,3258,speedj,33,operator
127.681,3259,speedj,33,operator
127.7,3260,speedj,33,operator
127.72,3261,speedj,33,operator
127.742,3262,speedj,33,operator
127.76,3263,speedj,33,operator
127.78,3264,speedj,33,operator
127.8,3265,speedj,33,operator
127.82,3266,speedj,33,operator
127.842,3267,speedj,33,operator
127.86,3268,speedj,33,operator
127.88,3269,speedj,36,operator
127.9,3270,speedj,36,operator
127.92,3271,speedj,36,operator
127.942,3272,speedj,36,operator
127.961,3273,speedj,36,operator
127.98,3274,speedj,36,operator
128.0,3275,speedj,36,operator
128.02,3276,speedj,36,operator
128.042,3277,speedj,36,operator
128.06,3278,speedj,36,operator
128.08,3279,speedj,36,operator
128.101,3280,speedj,36,operator
128.121,3281,speedj,36,operator
128.142,3282,speedj,46,operator
128.16,3283,speedj,46,operator
128.18,3284,speedj,46,operator
128.2,3285,speedj,46,operator
128.22,3286,speedj,46,operator
128.242,3287,speedj,46,operator
128.26,3288,speedj,46,operator
128.281,3289,speedj,46,operator
128.301,3290,speedj,46,operator
128.32,3291,speedj,46,operator
128.342,3292,speedj,46,operator
128.361,3293,speedj,46,operator
128.38,3294,speedj,37,operator
128.4,3295,speedj,37,operator
128.421,3296,speedj,37,operator
128.442,3297,speedj,37,operator
128.46,3298,speedj,37,operator
128.481,3299,speedj,37,operator
128.501,3300,speedj,37,operator
128.52,3301,speedj,37,operator
128.542,3302,speedj,37,operator
128.56,3303,speedj,37,operator
128.58,3304,speedj,37,operator
128.6,3305,speedj,37,operator
128.621,3306,speedj,37,operator
128.642,3307,speedj,41,operator
128.66,3308,speedj,41,operator
128.68,3309,speedj,41,operator
128.7,3310,speedj,41,operator
128.72,3311,speedj,41,operator
128.742,3312,speedj,41,operator
128.761,3313,speedj,41,operator
128.78,3314,speedj,41,operator
128.8,3315,speedj,41,operator
128.82,3316,speedj,41,operator
128.84,3317,speedj,41,operator
128.86,3318,speedj,41,operator
128.88,3319,speedj,41,operator
128.901,3320,speedj,42,operator
128.92,3321,speedj,42,operator
128.94,3322,speedj,42,operator
128.96,3323,speedj,42,operator
128.98,3324,speedj,42,operator
129.001,3325,speedj,42,operator
129.02,3326,speedj,42,operator
129.042,3327,speedj,42,operator
129.06,3328,speedj,42,operator
129.08,3329,speedj,42,operator
129.101,3330,speedj,42,operator
129.12,3331,speedj,42,operator
129.143,3332,speedj,54,operator
129.16,3333,speedj,54,operator
129.181,3334,speedj,54,operator
129.2,3335,speedj,54,operator
129.221,3336,speedj,54,operator
129.242,3337,speedj,54,operator
129.26,3338,speedj,54,operator
129.28,3339,speedj,54,operator
129.301,3340,speedj,54,operator
129.321,3341,speedj,54,operator
129.342,3342,speedj,54,operator
129.361,3343,speedj,54,operator
129.38,3344,speedj,28,operator
129.401,3345,speedj,28,operator
129.421,3346,speedj,28,operator
129.443,3347,speedj,28,operator
129.46,3348,speedj,28,operator
129.481,3349,speedj,28,operator
129.501,3350,speedj,28,operator
129.52,3351,speedj,28,operator
129.542,3352,speedj,28,operator
129.56,3353,speedj,28,operator
129.58,3354,speedj,28,operator
129.601,3355,speedj,28,operator
129.62,3356,speedj,28,operator
129.642,3357,speedj,36,operator
129.66,3358,speedj,36,operator
129.68,3359,speedj,36,operator
129.701,3360,speedj,36,operator
129.721,3361,speedj,36,operator
129.742,3362,speedj,36,operator
129.76,3363,speedj,36,operator
129.781,3364,speedj,36,operator
129.8,3365,speedj,36,operator
129.821,3366,speedj,36,operator
129.842,3367,speedj,36,operator
129.86,3368,speedj,36,operator
129.877,3369,speedj_stop,36,operator
148.603,3370,speedl_stop,131,operator
148.603,3371,speedl_stop,131,operator
179.182,3372,speedl_stop,69,operator
179.201,3373,speedl_stop,69,operator
179.223,3374,speedl_stop,69,operator
179.241,3375,speedl_stop,69,operator
179.262,3376,speedl_stop,69,operator
179.281,3377,speedl_stop,69,operator
179.301,3378,speedl_stop,69,operator
179.321,3379,speedl_stop,69,operator
179.344,3380,speedl_stop,69,operator
179.361,3381,speedl_stop,69,operator
179.382,3382,speedl,35,operator
179.402,3383,speedl,35,operator
179.422,3384,speedl,35,operator
179.441,3385,speedl,35,operator
179.462,3386,speedl,35,operator
179.481,3387,speedl,35,operator
179.501,3388,speedl,35,operator
179.522,3389,speedl,35,operator
179.541,3390,speedl,35,operator
179.561,3391,speedl,35,operator
179.582,3392,speedl,35,operator
179.602,3393,speedl,35,operator
179.622,3394,speedl,35,operator
179.641,3395,speedl,46,operator
179.662,3396,speedl,46,operator
179.682,3397,speedl,46,operator
179.701,3398,speedl,46,operator
179.722,3399,speedl,46,operator
179.744,3400,speedl,46,operator
179.762,3401,speedl,46,operator
179.782,3402,speedl,46,operator
179.801,3403,speedl,46,operator
179.822,3404,speedl,46,operator
179.844,3405,speedl,46,operator
179.862,3406,speedl,46,operator
179.882,3407,speedl,33,operator
179.901,3408,speedl,33,operator
179.922,3409,speedl,33,operator
179.941,3410,speedl,33,operator
179.962,3411,speedl,33,operator
179.982,3412,speedl,33,operator
180.001,3413,speedl,33,operator
180.023,3414,speedl,33,operator
180.044,3415,speedl,33,operator
180.061,3416,speedl,33,operator
180.081,3417,speedl,33,operator
180.101,3418,speedl,33,operator
180.122,3419,speedl,33,operator
180.142,3420,speedl,33,operator
180.162,3421,speedl,54,operator
180.182,3422,speedl,54,operator
180.202,3423,speedl,54,operator
180.222,3424,speedl,54,operator
180.242,3425,speedl,54,operator
180.262,3426,speedl,54,operator
180.282,3427,speedl,54,operator
180.302,3428,speedl,54,operator
180.322,3429,speedl,54,operator
180.345,3430,speedl,54,operator
180.362,3431,speedl,54,operator
180.381,3432,speedl,33,operator
180.401,3433,speedl,33,operator
180.423,3434,speedl,33,operator
180.444,3435,speedl,33,operator
180.462,3436,speedl,33,operator
180.482,3437,speedl,33,operator
180.502,3438,speedl,33,operator
180.521,3439,speedl,33,operator
180.541,3440,speedl,33,operator
180.561,3441,speedl,33,operator
180.582,3442,speedl,33,operator
180.602,3443,speedl,33,operator
180.622,3444,speedl,19,operator
180.641,3445,speedl,19,operator
180.662,3446,speedl,19,operator
180.682,3447,speedl,19,operator
180.702,3448,speedl,19,operator
180.722,3449,speedl,19,operator
180.746,3450,speedl,19,operator
180.762,3451,speedl,19,operator
180.782,3452,speedl,19,operator
180.804,3453,speedl,19,operator
180.822,3454,speedl,19,operator
180.846,3455,speedl,19,operator
180.862,3456,speedl,19,operator
180.882,3457,speedl,28,operator
180.901,3458,speedl,28,operator
180.922,3459,speedl,28,operator
180.945,3460,speedl,28,operator
180.962,3461,speedl,28,operator
180.981,3462,speedl,28,operator
181.002,3463,speedl,28,operator
181.023,3464,speedl,28,operator
181.045,3465,speedl,28,operator
181.062,3466,speedl,28,operator
181.082,3467,speedl,28,operator
181.101,3468,speedl,28,operator
181.122,3469,speedl,28,operator
181.145,3470,speedl,35,operator
181.162,3471,speedl,35,operator
181.182,3472,speedl,35,operator
181.201,3473,speedl,35,operator
181.222,3474,speedl,35,operator
181.244,3475,speedl,35,operator
181.261,3476,speedl,35,operator
181.282,3477,speedl,35,operator
181.303,3478,speedl,35,operator
181.321,3479,speedl,35,operator
181.344,3480,speedl,35,operator
181.361,3481,speedl,35,operator
181.382,3482,speedl,23,operator
181.401,3483,speedl,23,operator
181.422,3484,speedl,23,operator
181.442,3485,speedl,23,operator
181.462,3486,speedl,23,operator
181.482,3487,speedl,23,operator
181.502,3488,speedl,23,operator
181.522,3489,speedl,23,operator
181.544,3490,speedl,23,operator
181.561,3491,speedl,23,operator
181.582,3492,speedl,23,operator
181.601,3493,speedl,23,operator
181.621,3494,speedl,23,operator
181.641,3495,speedl,42,operator
181.662,3496,speedl,42,operator
181.682,3497,speedl,42,operator
181.702,3498,speedl,42,operator
181.723,3499,speedl,42,operator
181.744,3500,speedl,42,operator
181.762,3501,speedl,42,operator
181.782,3502,speedl,42,operator
181.802,3503,speedl,42,operator
181.821,3504,speedl,42,operator
181.845,3505,speedl,42,operator
181.862,3506,speedl,42,operator
181.882,3507,speedl,42,operator
181.902,3508,speedl,42,operator
181.922,3509,speedl,42,operator
181.945,3510,speedl,42,operator
181.962,3511,speedl,42,operator
181.982,3512,speedl,42,operator
182.001,3513,speedl,42,operator
182.022,3514,speedl,42,operator
182.044,3515,speedl,42,operator
182.061,3516,speedl,42,operator
182.081,3517,speedl,42,operator
182.101,3518,speedl,42,operator
182.122,3519,speedl,42,operator
182.145,3520,speedl,51,operator
182.161,3521,speedl,51,operator
182.181,3522,speedl,51,operator
182.202,3523,speedl,51,operator
182.222,3524,speedl,51,operator
182.245,3525,speedl,51,operator
182.261,3526,speedl,51,operator
182.282,3527,speedl,51,operator
182.301,3528,speedl,51,operator
182.322,3529,speedl,51,operator
182.341,3530,speedl,51,operator
182.361,3531,speedl,51,operator
182.382,3532,speedl,51,operator
182.401,3533,speedl,39,operator
182.422,3534,speedl,39,operator
182.442,3535,speedl,39,operator
182.462,3536,speedl,39,operator
182.481,3537,speedl,39,operator
182.501,3538,speedl,39,operator
182.523,3539,speedl,39,operator
182.544,3540,speedl,39,operator
182.562,3541,speedl,39,operator
182.582,3542,speedl,39,operator
182.602,3543,speedl,39,operator
182.622,3544,speedl,39,operator
182.644,3545,speedl,38,operator
182.662,3546,speedl,38,operator
182.681,3547,speedl,38,operator
182.703,3548,speedl,38,operator
182.722,3549,speedl,38,operator
182.741,3550,speedl,38,operator
182.762,3551,speedl,38,operator
182.782,3552,speedl,38,operator
182.801,3553,speedl,38,operator
182.821,3554,speedl,38,operator
182.842,3555,speedl,38,operator
182.861,3556,speedl,38,operator
182.881,3557,speedl,34,operator
182.901,3558,speedl,34,operator
182.922,3559,speedl,34,operator
182.942,3560,speedl,34,operator
182.962,3561,speedl,34,operator
182.982,3562,speedl,34,operator
183.001,3563,speedl,34,operator
183.022,3564,speedl,34,operator
183.044,3565,speedl,34,operator
183.061,3566,speedl,34,operator
183.082,3567,speedl,34,operator
183.102,3568,speedl,34,operator
183.122,3569,speedl,34,operator
183.142,3570,speedl,34,operator
183.161,3571,speedl,34,operator
183.181,3572,speedl,34,operator
183.201,3573,speedl,145,operator
183.222,3574,speedl,145,operator
183.242,3575,speedl,145,operator
183.262,3576,speedl,145,operator
183.283,3577,speedl,145,operator
183.301,3578,speedl,145,operator
183.322,3579,speedl,145,operator
183.344,3580,speedl,145,operator
183.361,3581,speedl,145,operator
183.381,3582,speedl,145,operator
183.402,3583,speedl,145,operator
183.421,3584,speedl,145,operator
183.442,3585,speedl,82,operator
183.462,3586,speedl,82,operator
183.482,3587,speedl,82,operator
183.501,3588,speedl,82,operator
183.522,3589,speedl,82,operator
183.542,3590,speedl,82,operator
183.561,3591,speedl,82,operator
183.583,3592,speedl,82,operator
183.601,3593,speedl,82,operator
183.621,3594,speedl,82,operator
183.644,3595,speedl,47,operator
183.661,3596,speedl,47,operator
183.682,3597,speedl,47,operator
183.703,3598,speedl,47,operator
183.721,3599,speedl,47,operator
183.742,3600,speedl,47,operator
183.761,3601,speedl,47,operator
183.782,3602,speedl,47,operator
183.802,3603,speedl,47,operator
183.821,3604,speedl,47,operator
183.842,3605,speedl,47,operator
183.861,3606,speedl,47,operator
183.882,3607,speedl,47,operator
183.902,3608,speedl,44,operator
183.922,3609,speedl,44,operator
183.942,3610,speedl,44,operator
183.961,3611,speedl,44,operator
183.982,3612,speedl,44,operator
184.002,3613,speedl,44,operator
184.022,3614,speedl,44,operator
184.041,3615,speedl,44,operator
184.061,3616,speedl,44,operator
184.082,3617,speedl,44,operator
184.101,3618,speedl,44,operator
184.121,3619,speedl,44,operator
184.144,3620,speedl,36,operator
184.162,3621,speedl,36,operator
184.182,3622,speedl,36,operator
184.202,3623,speedl,36,operator
184.222,3624,speedl,36,operator
184.241,3625,speedl,36,operator
184.251,3626,speedl_stop,36,operator
184.251,3627,speedl_stop,36,operator
184.261,3628,speedl_stop,36,operator
184.282,3629,speedl_stop,36,operator
184.301,3630,speedl_stop,36,operator
184.321,3631,speedl_stop,36,operator
184.343,3632,speedl_stop,36,operator
184.361,3633,speedl_stop,36,operator
184.382,3634,speedl_stop,36,operator
184.401,3635,speedl_stop,46,operator
184.422,3636,speedl_stop,46,operator
184.442,3637,speedl_stop,46,operator
184.461,3638,speedl_stop,46,operator
184.481,3639,speedl_stop,46,operator
184.503,3640,speedl_stop,46,operator
184.522,3641,speedl_stop,46,operator
184.542,3642,speedl_stop,46,operator
184.562,3643,speedl_stop,46,operator
184.582,3644,speedl_stop,46,operator
184.601,3645,speedl_stop,46,operator
184.621,3646,speedl_stop,46,operator
184.641,3647,speedl_stop,29,operator
184.662,3648,speedl_stop,29,operator
184.682,3649,speedl_stop,29,operator
184.702,3650,speedl_stop,29,operator
184.723,3651,speedl_stop,29,operator
184.742,3652,speedl_stop,29,operator
184.761,3653,speedl_stop,29,operator
184.781,3654,speedl_stop,29,operator
184.802,3655,speedl_stop,29,operator
184.822,3656,speedl_stop,29,operator
184.844,3657,speedl_stop,29,operator
184.862,3658,speedl_stop,29,operator
184.882,3659,speedl_stop,31,operator
184.903,3660,speedl_stop,31,operator
184.922,3661,speedl_stop,31,operator
184.942,3662,speedl_stop,31,operator
184.962,3663,speedl_stop,31,operator
184.981,3664,speedl_stop,31,operator
185.002,3665,speedl_stop,31,operator
185.022,3666,speedl_stop,31,operator
185.028,3667,speedl_stop,31,operator
189.714,3668,speedl,38,operator
189.734,3669,speedl,38,operator
189.754,3670,speedl,38,operator
189.774,3671,speedl,38,operator
189.796,3672,speedl,38,operator
189.896,3673,speedl,28,operator
189.914,3674,speedl,28,operator
189.934,3675,speedl,28,operator
189.954,3676,speedl,28,operator
189.974,3677,speedl,28,operator
189.998,3678,speedl,28,operator
190.014,3679,speedl,28,operator
190.033,3680,speedl,28,operator
190.053,3681,speedl,28,operator
190.074,3682,speedl,28,operator
190.096,3683,speedl,28,operator
190.113,3684,speedl,28,operator
190.133,3685,speedl,34,operator
190.154,3686,speedl,34,operator
190.174,3687,speedl,34,operator
190.195,3688,speedl,34,operator
190.214,3689,speedl,34,operator
190.234,3690,speedl,34,operator
190.254,3691,speedl,34,operator
190.274,3692,speedl,34,operator
190.295,3693,speedl,34,operator
190.314,3694,speedl,34,operator
190.334,3695,speedl,34,operator
190.354,3696,speedl,34,operator
190.374,3697,speedl,34,operator
190.394,3698,speedl,23,operator
190.415,3699,speedl,23,operator
190.436,3700,speedl,23,operator
190.453,3701,speedl,23,operator
190.474,3702,speedl,23,operator
190.494,3703,speedl,23,operator
190.514,3704,speedl,23,operator
190.534,3705,speedl,23,operator
190.554,3706,speedl,23,operator
190.575,3707,speedl,23,operator
190.594,3708,speedl,23,operator
190.614,3709,speedl,23,operator
190.634,3710,speedl,35,operator
190.654,3711,speedl,35,operator
190.674,3712,speedl,35,operator
190.695,3713,speedl,35,operator
190.715,3714,speedl,35,operator
190.734,3715,speedl,35,operator
190.754,3716,speedl,35,operator
190.774,3717,speedl,35,operator
190.794,3718,speedl,35,operator
190.813,3719,speedl,35,operator
190.834,3720,speedl,35,operator
190.855,3721,speedl,35,operator
190.874,3722,speedl,35,operator
190.894,3723,speedl,35,operator
190.913,3724,speedl,48,operator
190.934,3725,speedl,48,operator
190.953,3726,speedl,48,operator
190.974,3727,speedl,48,operator
190.995,3728,speedl,48,operator
191.014,3729,speedl,48,operator
191.035,3730,speedl,48,operator
191.054,3731,speedl,48,operator
191.074,3732,speedl,48,operator
191.095,3733,speedl,48,operator
191.114,3734,speedl,48,operator
191.134,3735,speedl,33,operator
191.155,3736,speedl,33,operator
191.174,3737,speedl,33,operator
191.194,3738,speedl,33,operator
191.215,3739,speedl,33,operator
191.234,3740,speedl,33,operator
191.255,3741,speedl,33,operator
191.274,3742,speedl,33,operator
191.294,3743,speedl,33,operator
191.314,3744,speedl,33,operator
191.333,3745,speedl,33,operator
191.354,3746,speedl,33,operator
191.375,3747,speedl,33,operator
191.394,3748,speedl,53,operator
191.414,3749,speedl,53,operator
191.434,3750,speedl,53,operator
191.453,3751,speedl,53,operator
191.474,3752,speedl,53,operator
191.494,3753,speedl,53,operator
191.514,3754,speedl,53,operator
191.534,3755,speedl,53,operator
191.551,3756,speedl_stop,53,operator
191.551,3757,speedl_stop,53,operator
191.56,3758,speedl_stop,53,operator
191.574,3759,speedl_stop,53,operator
191.585,3760,speedl_stop,53,operator
192.885,3761,speedl_stop,49,operator
192.91,3762,speedl,60,operator
192.925,3763,speedl,60,operator
192.946,3764,speedl,60,operator
192.964,3765,speedl,60,operator
192.984,3766,speedl,60,operator
193.005,3767,speedl,60,operator
193.024,3768,speedl,60,operator
193.046,3769,speedl,60,operator
193.065,3770,speedl,60,operator
193.084,3771,speedl,60,operator
193.105,3772,speedl,60,operator
193.124,3773,speedl,38,operator
193.145,3774,speedl,38,operator
193.166,3775,speedl,38,operator
193.185,3776,speedl,38,operator
193.204,3777,speedl,38,operator
193.225,3778,speedl,38,operator
193.244,3779,speedl,38,operator
193.265,3780,speedl,38,operator
193.284,3781,speedl,38,operator
193.305,3782,speedl,38,operator
193.324,3783,speedl,38,operator
193.344,3784,speedl,38,operator
193.365,3785,speedl,38,operator
193.384,3786,speedl,34,operator
193.405,3787,speedl,34,operator
193.425,3788,speedl,34,operator
193.445,3789,speedl,34,operator
193.465,3790,speedl,34,operator
193.484,3791,speedl,34,operator
193.505,3792,speedl,34,operator
193.525,3793,speedl,34,operator
193.544,3794,speedl,34,operator
193.564,3795,speedl,34,operator
193.585,3796,speedl,34,operator
193.604,3797,speedl,34,operator
193.624,3798,speedl,34,operator
193.645,3799,speedl,47,operator
193.665,3800,speedl,47,operator
193.685,3801,speedl,47,operator
193.704,3802,speedl,47,operator
193.725,3803,speedl,47,operator
193.745,3804,speedl,47,operator
193.764,3805,speedl,47,operator
193.785,3806,speedl,47,operator
193.804,3807,speedl,47,operator
193.825,3808,speedl,47,operator
193.844,3809,speedl,47,operator
193.865,3810,speedl,47,operator
193.884,3811,speedl,47,operator
193.904,3812,speedl,49,operator
193.925,3813,speedl,49,operator
193.944,3814,speedl,49,operator
193.964,3815,speedl,49,operator
193.984,3816,speedl,49,operator
194.004,3817,speedl,49,operator
194.024,3818,speedl,49,operator
194.045,3819,speedl,49,operator
194.065,3820,speedl,49,operator
194.084,3821,speedl,49,operator
194.104,3822,speedl,49,operator
194.124,3823,speedl,49,operator
194.145,3824,speedl,33,operator
194.164,3825,speedl,33,operator
194.184,3826,speedl,33,operator
194.205,3827,speedl,33,operator
194.225,3828,speedl,33,operator
194.244,3829,speedl,33,operator
194.265,3830,speedl,33,operator
194.285,3831,speedl,33,operator
194.304,3832,speedl,33,operator
194.324,3833,speedl,33,operator
194.345,3834,speedl,33,operator
194.365,3835,speedl,33,operator
194.384,3836,speedl,33,operator
194.404,3837,speedl,47,operator
194.424,3838,speedl,47,operator
194.445,3839,speedl,47,operator
194.465,3840,speedl,47,operator
194.484,3841,speedl,47,operator
194.504,3842,speedl,47,operator
194.524,3843,speedl,47,operator
194.545,3844,speedl,47,operator
194.565,3845,speedl,47,operator
194.584,3846,speedl,47,operator
194.604,3847,speedl,47,operator
194.624,3848,speedl,20,operator
194.645,3849,speedl,20,operator
194.664,3850,speedl,20,operator
194.685,3851,speedl,20,operator
194.705,3852,speedl,20,operator
194.724,3853,speedl,20,operator
194.744,3854,speedl,20,operator
194.765,3855,speedl,20,operator
194.784,3856,speedl,20,operator
194.804,3857,speedl,20,operator
194.824,3858,speedl,20,operator
194.844,3859,speedl,20,operator
194.864,3860,speedl,20,operator
194.884,3861,speedl,37,operator
194.904,3862,speedl,37,operator
194.924,3863,speedl,37,operator
194.945,3864,speedl,37,operator
194.964,3865,speedl,37,operator
194.985,3866,speedl,37,operator
195.004,3867,speedl,37,operator
195.024,3868,speedl,37,operator
195.044,3869,speedl,37,operator
195.064,3870,speedl,37,operator
195.085,3871,speedl,37,operator
195.105,3872,speedl,37,operator
195.124,3873,speedl,37,operator
195.144,3874,speedl,41,operator
195.164,3875,speedl,41,operator
195.184,3876,speedl,41,operator
195.204,3877,speedl,41,operator
195.224,3878,speedl,41,operator
195.245,3879,speedl,41,operator
195.264,3880,speedl,41,operator
195.284,3881,speedl,41,operator
195.304,3882,speedl,41,operator
195.324,3883,speedl,41,operator
195.344,3884,speedl,41,operator
195.364,3885,speedl,17,operator
195.384,3886,speedl,17,operator
195.404,3887,speedl,17,operator
195.424,3888,speedl,17,operator
195.445,3889,speedl,17,operator
195.465,3890,speedl,17,operator
195.484,3891,speedl,17,operator
195.504,3892,speedl,17,operator
195.524,3893,speedl,17,operator
195.525,3894,speedl_stop,17,operator
195.525,3895,speedl_stop,17,operator
195.539,3896,speedl_stop,17,operator
197.843,3897,speedl,18,operator
197.853,3898,speedl,18,operator
197.872,3899,speedl,29,operator
197.895,3900,speedl,29,operator
197.912,3901,speedl,29,operator
197.932,3902,speedl,29,operator
197.953,3903,speedl,29,operator
197.974,3904,speedl,29,operator
197.992,3905,speedl,29,operator
198.012,3906,speedl,29,operator
198.032,3907,speedl,29,operator
198.052,3908,speedl,29,operator
198.073,3909,speedl,29,operator
198.093,3910,speedl,29,operator
198.113,3911,speedl,29,operator
198.133,3912,speedl,38,operator
198.153,3913,speedl,38,operator
198.173,3914,speedl,38,operator
198.196,3915,speedl,38,operator
198.213,3916,speedl,38,operator
198.234,3917,speedl,38,operator
198.253,3918,speedl,38,operator
198.272,3919,speedl,38,operator
198.294,3920,speedl,38,operator
198.312,3921,speedl,38,operator
198.334,3922,speedl,38,operator
198.354,3923,speedl,38,operator
198.374,3924,speedl,38,operator
198.392,3925,speedl,38,operator
198.413,3926,speedl,60,operator
198.432,3927,speedl,60,operator
198.452,3928,speedl,60,operator
198.474,3929,speedl,60,operator
198.493,3930,speedl,60,operator
198.513,3931,speedl,60,operator
198.532,3932,speedl,60,operator
198.554,3933,speedl,60,operator
198.573,3934,speedl,60,operator
198.594,3935,speedl,60,operator
198.612,3936,speedl,60,operator
198.632,3937,speedl,34,operator
198.652,3938,speedl,34,operator
198.673,3939,speedl,34,operator
198.694,3940,speedl,34,operator
198.714,3941,speedl,34,operator
198.732,3942,speedl,34,operator
198.753,3943,speedl,34,operator
198.774,3944,speedl,34,operator
198.795,3945,speedl,34,operator
198.813,3946,speedl,34,operator
198.833,3947,speedl,34,operator
198.853,3948,speedl,34,operator
198.873,3949,speedl,34,operator
198.893,3950,speedl,22,operator
198.912,3951,speedl,22,operator
198.933,3952,speedl,22,operator
198.953,3953,speedl,22,operator
198.973,3954,speedl,22,operator
198.995,3955,speedl,22,operator
198.998,3956,speedl_stop,22,operator
199.005,3957,speedl_stop,22,operator
199.005,3958,speedl_stop,22,operator
268.028,3959,movel,16,operator
300.046,3960,movel,42,operator
318.695,3961,movel,17,operator
334.379,3962,movel,35,operator
372.216,3963,freedrive_start,79,operator
379.703,3964,freedrive_stop,77,operator
379.703,3965,speedl_stop,77,operator
379.703,3966,speedl_stop,77,operator
380.539,3967,freedrive_start,129,operator
380.594,3968,freedrive_stop,129,operator
380.595,3969,speedl_stop,129,operator
380.595,3970,speedl_stop,129,operator
381.156,3971,freedrive_start,47,operator
389.207,3972,freedrive_stop,22,operator
390.504,3973,freedrive_start,31,operator
391.37,3974,freedrive_stop,42,operator
392.317,3975,speedl_stop,67,operator
392.338,3976,speedl_stop,67,operator
392.357,3977,speedl_stop,67,operator
392.377,3978,speedl_stop,67,operator
392.397,3979,speedl_stop,56,operator
392.42,3980,speedl_stop,56,operator
392.437,3981,speedl_stop,56,operator
392.457,3982,speedl_stop,56,operator
392.477,3983,speedl_stop,56,operator
392.497,3984,speedl_stop,56,operator
392.519,3985,speedl_stop,56,operator
392.539,3986,speedl_stop,56,operator
392.557,3987,speedl_stop,56,operator
392.577,3988,speedl_stop,56,operator
392.598,3989,speedl_stop,56,operator
392.617,3990,speedl_stop,56,operator
392.637,3991,speedl_stop,33,operator
392.658,3992,speedl_stop,33,operator
392.677,3993,speedl_stop,33,operator
392.697,3994,speedl_stop,33,operator
392.72,3995,speedl_stop,33,operator
392.737,3996,speedl_stop,33,operator
392.757,3997,speedl_stop,33,operator
392.777,3998,speedl_stop,33,operator
392.799,3999,speedl_stop,33,operator
392.82,4000,speedl_stop,33,operator
392.837,4001,speedl_stop,33,operator
392.859,4002,speedl_stop,33,operator
392.878,4003,speedl_stop,33,operator
392.898,4004,speedl_stop,82,operator
392.917,4005,speedl_stop,82,operator
392.937,4006,speedl_stop,82,operator
392.957,4007,speedl_stop,82,operator
392.977,4008,speedl_stop,82,operator
392.997,4009,speedl_stop,82,operator
393.02,4010,speedl_stop,82,operator
393.039,4011,speedl_stop,82,operator
393.057,4012,speedl_stop,82,operator
393.077,4013,speedl_stop,82,operator
393.099,4014,speedl_stop,82,operator
393.12,4015,speedl_stop,82,operator
393.137,4016,speedl_stop,82,operator
393.157,4017,speedl_stop,35,operator
393.177,4018,speedl_stop,35,operator
393.197,4019,speedl_stop,35,operator
393.217,4020,speedl_stop,35,operator
393.237,4021,speedl_stop,35,operator
393.258,4022,speedl_stop,35,operator
393.278,4023,speedl_stop,35,operator
393.297,4024,speedl_stop,35,operator
393.319,4025,speedl_stop,35,operator
393.337,4026,speedl_stop,35,operator
393.358,4027,speedl_stop,35,operator
393.377,4028,speedl_stop,35,operator
393.398,4029,speedl_stop,26,operator
393.417,4030,speedl_stop,26,operator
393.438,4031,speedl_stop,26,operator
393.458,4032,speedl_stop,26,operator
393.477,4033,speedl_stop,26,operator
393.497,4034,speedl_stop,26,operator
393.52,4035,speedl_stop,26,operator
393.537,4036,speedl_stop,26,operator
393.558,4037,speedl_stop,26,operator
393.566,4038,speedl_stop,26,operator
394.217,4048,speedl,110,operator
394.237,4049,speedl,110,operator
394.257,4050,speedl,110,operator
394.278,4051,speedl,110,operator
394.297,4052,speedl,110,operator
394.318,4053,speedl,110,operator
394.337,4054,speedl,110,operator
394.357,4055,speedl,110,operator
394.377,4056,speedl,110,operator
394.397,4057,speedl,57,operator
394.42,4058,speedl,57,operator
394.437,4059,speedl,57,operator
394.458,4060,speedl,57,operator
394.477,4061,speedl,57,operator
394.497,4062,speedl,57,operator
394.52,4063,speedl,57,operator
394.537,4064,speedl,57,operator
394.558,4065,speedl,57,operator
394.579,4066,speedl,57,operator
394.599,4067,speedl,57,operator
394.619,4068,speedl,57,operator
394.637,4069,speedl,57,operator
394.658,4070,speedl,57,operator
394.677,4071,speedl,57,operator
394.697,4072,speedl,57,operator
394.718,4073,speedl,57,operator
394.737,4074,speedl,57,operator
394.758,4075,speedl,57,operator
394.778,4076,speedl,57,operator
394.797,4077,speedl,202,operator
394.821,4078,speedl,202,operator
394.837,4079,speedl,202,operator
394.857,4080,speedl,202,operator
394.877,4081,speedl,202,operator
394.897,4082,speedl,51,operator
394.921,4083,speedl,51,operator
394.937,4084,speedl,51,operator
394.957,4085,speedl,51,operator
394.978,4086,speedl,51,operator
394.998,4087,speedl,51,operator
395.02,4088,speedl,51,operator
395.038,4089,speedl,51,operator
395.057,4090,speedl,51,operator
395.078,4091,speedl,51,operator
395.097,4092,speedl,51,operator
395.117,4093,speedl,51,operator
395.137,4094,speedl,30,operator
395.157,4095,speedl,30,operator
395.177,4096,speedl,30,operator
395.198,4097,speedl,30,operator
395.22,4098,speedl,30,operator
395.237,4099,speedl,30,operator
395.257,4100,speedl,30,operator
395.277,4101,speedl,30,operator
395.297,4102,speedl,30,operator
395.32,4103,speedl,30,operator
395.337,4104,speedl,30,operator
395.359,4105,speedl,30,operator
395.378,4106,speedl,30,operator
395.397,4107,speedl,30,operator
395.42,4108,speedl,57,operator
395.438,4109,speedl,57,operator
395.457,4110,speedl,57,operator
395.479,4111,speedl,57,operator
395.499,4112,speedl,57,operator
395.519,4113,speedl,57,operator
395.538,4114,speedl,57,operator
395.557,4115,speedl,57,operator
395.577,4116,speedl,57,operator
395.597,4117,speedl,57,operator
395.617,4118,speedl,57,operator
395.637,4119,speedl,28,operator
395.657,4120,speedl,28,operator
395.677,4121,speedl,28,operator
395.697,4122,speedl,28,operator
395.717,4123,speedl,28,operator
395.737,4124,speedl,28,operator
395.757,4125,speedl,28,operator
395.777,4126,speedl,28,operator
395.797,4127,speedl,28,operator
395.819,4128,speedl,28,operator
395.837,4129,speedl,28,operator
395.857,4130,speedl,28,operator
395.877,4131,speedl,28,operator
395.897,4132,speedl,28,operator
395.917,4133,speedl,28,operator
395.937,4134,speedl,28,operator
395.957,4135,speedl,28,operator
395.977,4136,speedl,113,operator
395.997,4137,speedl,113,operator
396.017,4138,speedl,113,operator
396.037,4139,speedl,113,operator
396.058,4140,speedl,113,operator
396.078,4141,speedl,113,operator
396.097,4142,speedl,113,operator
396.117,4143,speedl,113,operator
396.137,4144,speedl,35,operator
396.157,4145,speedl,35,operator
396.177,4146,speedl,35,operator
396.197,4147,speedl,35,operator
396.217,4148,speedl,35,operator
396.237,4149,speedl,35,operator
396.257,4150,speedl,35,operator
396.277,4151,speedl,35,operator
396.297,4152,speedl,35,operator
396.321,4153,speedl,35,operator
396.337,4154,speedl,35,operator
396.357,4155,speedl,35,operator
396.377,4156,speedl,35,operator
396.386,4157,speedl_stop,35,operator
396.459,4158,speedl_stop,56,operator
396.459,4159,speedl_stop,56,operator
398.867,4160,speedl_stop,42,operator
398.887,4161,speedl_stop,42,operator
398.918,4162,speedl,27,operator
398.928,4163,speedl,27,operator
398.949,4164,speedl,27,operator
398.967,4165,speedl,27,operator
398.987,4166,speedl,27,operator
399.008,4167,speedl,27,operator
399.027,4168,speedl,27,operator
399.047,4169,speedl,27,operator
399.068,4170,speedl,27,operator
399.087,4171,speedl,27,operator
399.107,4172,speedl,27,operator
399.128,4173,speedl,27,operator
399.147,4174,speedl,87,operator
399.168,4175,speedl,87,operator
399.189,4176,speedl,87,operator
399.208,4177,speedl,87,operator
399.228,4178,speedl,87,operator
399.248,4179,speedl,87,operator
399.268,4180,speedl,87,operator
399.287,4181,speedl,87,operator
399.307,4182,speedl,87,operator
399.328,4183,speedl,87,operator
399.348,4184,speedl,87,operator
399.367,4185,speedl,87,operator
399.387,4186,speedl,87,operator
399.407,4187,speedl,87,operator
399.428,4188,speedl,58,operator
399.448,4189,speedl,58,operator
399.471,4190,speedl,58,operator
399.489,4191,speedl,58,operator
399.508,4192,speedl,58,operator
399.528,4193,speedl,58,operator
399.547,4194,speedl,58,operator
399.567,4195,speedl,58,operator
399.588,4196,speedl,58,operator
399.607,4197,speedl,58,operator
399.628,4198,speedl,58,operator
399.647,4199,speedl,58,operator
399.667,4200,speedl,48,operator
399.688,4201,speedl,48,operator
399.707,4202,speedl,48,operator
399.727,4203,speedl,48,operator
399.747,4204,speedl,48,operator
399.77,4205,speedl,48,operator
399.788,4206,speedl,48,operator
399.807,4207,speedl,48,operator
399.828,4208,speedl,48,operator
399.848,4209,speedl,48,operator
399.867,4210,speedl,48,operator
399.889,4211,speedl,48,operator
399.907,4212,speedl,46,operator
399.927,4213,speedl,46,operator
399.947,4214,speedl,46,operator
399.968,4215,speedl,46,operator
399.987,4216,speedl,46,operator
400.007,4217,speedl,46,operator
400.028,4218,speedl,46,operator
400.047,4219,speedl,46,operator
400.068,4220,speedl,46,operator
400.087,4221,speedl,46,operator
400.108,4222,speedl,46,operator
400.127,4223,speedl,46,operator
400.147,4224,speedl,46,operator
400.167,4225,speedl,46,operator
400.187,4226,speedl,46,operator
400.205,4227,speedl_stop,46,operator
400.205,4228,speedl_stop,46,operator
400.21,4229,speedl_stop,46,operator
